--
-- PostgreSQL database dump
--

-- Dumped from database version 16.3 (Ubuntu 16.3-1.pgdg22.04+1)
-- Dumped by pg_dump version 16.3 (Ubuntu 16.3-1.pgdg22.04+1)

SET statement_timeout = 0;
SET lock_timeout = 0;
SET idle_in_transaction_session_timeout = 0;
SET client_encoding = 'UTF8';
SET standard_conforming_strings = on;
SELECT pg_catalog.set_config('search_path', '', false);
SET check_function_bodies = false;
SET xmloption = content;
SET client_min_messages = warning;
SET row_security = off;

SET default_tablespace = '';

SET default_table_access_method = heap;

--
-- Name: auth_group; Type: TABLE; Schema: public; Owner: postgres
--

CREATE TABLE public.auth_group (
    id integer NOT NULL,
    name character varying(150) NOT NULL
);


ALTER TABLE public.auth_group OWNER TO postgres;

--
-- Name: auth_group_id_seq; Type: SEQUENCE; Schema: public; Owner: postgres
--

ALTER TABLE public.auth_group ALTER COLUMN id ADD GENERATED BY DEFAULT AS IDENTITY (
    SEQUENCE NAME public.auth_group_id_seq
    START WITH 1
    INCREMENT BY 1
    NO MINVALUE
    NO MAXVALUE
    CACHE 1
);


--
-- Name: auth_group_permissions; Type: TABLE; Schema: public; Owner: postgres
--

CREATE TABLE public.auth_group_permissions (
    id bigint NOT NULL,
    group_id integer NOT NULL,
    permission_id integer NOT NULL
);


ALTER TABLE public.auth_group_permissions OWNER TO postgres;

--
-- Name: auth_group_permissions_id_seq; Type: SEQUENCE; Schema: public; Owner: postgres
--

ALTER TABLE public.auth_group_permissions ALTER COLUMN id ADD GENERATED BY DEFAULT AS IDENTITY (
    SEQUENCE NAME public.auth_group_permissions_id_seq
    START WITH 1
    INCREMENT BY 1
    NO MINVALUE
    NO MAXVALUE
    CACHE 1
);


--
-- Name: auth_permission; Type: TABLE; Schema: public; Owner: postgres
--

CREATE TABLE public.auth_permission (
    id integer NOT NULL,
    name character varying(255) NOT NULL,
    content_type_id integer NOT NULL,
    codename character varying(100) NOT NULL
);


ALTER TABLE public.auth_permission OWNER TO postgres;

--
-- Name: auth_permission_id_seq; Type: SEQUENCE; Schema: public; Owner: postgres
--

ALTER TABLE public.auth_permission ALTER COLUMN id ADD GENERATED BY DEFAULT AS IDENTITY (
    SEQUENCE NAME public.auth_permission_id_seq
    START WITH 1
    INCREMENT BY 1
    NO MINVALUE
    NO MAXVALUE
    CACHE 1
);


--
-- Name: company; Type: TABLE; Schema: public; Owner: postgres
--

CREATE TABLE public.company (
    id bigint NOT NULL,
    created_date timestamp with time zone,
    modified_date timestamp with time zone,
    name character varying(255),
    name_uz character varying(255),
    name_ru character varying(255),
    name_en character varying(255),
    code character varying(10),
    address character varying(255),
    address_uz character varying(255),
    address_ru character varying(255),
    address_en character varying(255),
    phone character varying(25),
    condition character varying(10),
    created_by_id bigint,
    modified_by_id bigint,
    is_active boolean NOT NULL
);


ALTER TABLE public.company OWNER TO postgres;

--
-- Name: company_department; Type: TABLE; Schema: public; Owner: postgres
--

CREATE TABLE public.company_department (
    id bigint NOT NULL,
    created_date timestamp with time zone,
    modified_date timestamp with time zone,
    name character varying(255),
    name_uz character varying(255),
    name_ru character varying(255),
    name_en character varying(255),
    code character varying(255),
    parent_code character varying(255),
    condition character varying(10),
    company_id bigint,
    created_by_id bigint,
    modified_by_id bigint,
    parent_id bigint,
    sub_department_count integer NOT NULL,
    is_active boolean NOT NULL
);


ALTER TABLE public.company_department OWNER TO postgres;

--
-- Name: company_department_id_seq; Type: SEQUENCE; Schema: public; Owner: postgres
--

ALTER TABLE public.company_department ALTER COLUMN id ADD GENERATED BY DEFAULT AS IDENTITY (
    SEQUENCE NAME public.company_department_id_seq
    START WITH 1
    INCREMENT BY 1
    NO MINVALUE
    NO MAXVALUE
    CACHE 1
);


--
-- Name: company_id_seq; Type: SEQUENCE; Schema: public; Owner: postgres
--

ALTER TABLE public.company ALTER COLUMN id ADD GENERATED BY DEFAULT AS IDENTITY (
    SEQUENCE NAME public.company_id_seq
    START WITH 1
    INCREMENT BY 1
    NO MINVALUE
    NO MAXVALUE
    CACHE 1
);


--
-- Name: company_position; Type: TABLE; Schema: public; Owner: postgres
--

CREATE TABLE public.company_position (
    id bigint NOT NULL,
    created_date timestamp with time zone,
    modified_date timestamp with time zone,
    name character varying(255),
    name_uz character varying(255),
    name_ru character varying(255),
    name_en character varying(255),
    code character varying(255),
    created_by_id bigint,
    modified_by_id bigint,
    is_active boolean NOT NULL
);


ALTER TABLE public.company_position OWNER TO postgres;

--
-- Name: company_position_id_seq; Type: SEQUENCE; Schema: public; Owner: postgres
--

ALTER TABLE public.company_position ALTER COLUMN id ADD GENERATED BY DEFAULT AS IDENTITY (
    SEQUENCE NAME public.company_position_id_seq
    START WITH 1
    INCREMENT BY 1
    NO MINVALUE
    NO MAXVALUE
    CACHE 1
);


--
-- Name: compose_approver; Type: TABLE; Schema: public; Owner: postgres
--

CREATE TABLE public.compose_approver (
    id bigint NOT NULL,
    created_date timestamp with time zone,
    modified_date timestamp with time zone,
    is_approved boolean,
    comment text,
    action_date timestamp with time zone,
    compose_id bigint,
    created_by_id bigint,
    modified_by_id bigint,
    user_id bigint,
    is_active boolean NOT NULL
);


ALTER TABLE public.compose_approver OWNER TO postgres;

--
-- Name: compose_approver_id_seq; Type: SEQUENCE; Schema: public; Owner: postgres
--

ALTER TABLE public.compose_approver ALTER COLUMN id ADD GENERATED BY DEFAULT AS IDENTITY (
    SEQUENCE NAME public.compose_approver_id_seq
    START WITH 1
    INCREMENT BY 1
    NO MINVALUE
    NO MAXVALUE
    CACHE 1
);


--
-- Name: compose_compose; Type: TABLE; Schema: public; Owner: postgres
--

CREATE TABLE public.compose_compose (
    id bigint NOT NULL,
    created_date timestamp with time zone,
    modified_date timestamp with time zone,
    content text,
    register_number character varying(20),
    register_date date,
    type character varying(100),
    sub_type character varying(100),
    author_id bigint,
    company_id bigint,
    created_by_id bigint,
    document_type_id bigint,
    journal_id bigint,
    modified_by_id bigint,
    receiver_id bigint,
    sender_id bigint,
    status_id bigint,
    short_description text,
    curator_id bigint,
    registered_document_id bigint,
    replied_document_id bigint,
    is_active boolean NOT NULL,
    title_id bigint,
    check_id character varying(100),
    is_deleted boolean NOT NULL
);


ALTER TABLE public.compose_compose OWNER TO postgres;

--
-- Name: compose_compose_files; Type: TABLE; Schema: public; Owner: postgres
--

CREATE TABLE public.compose_compose_files (
    id bigint NOT NULL,
    compose_id bigint NOT NULL,
    file_id bigint NOT NULL
);


ALTER TABLE public.compose_compose_files OWNER TO postgres;

--
-- Name: compose_compose_files_id_seq; Type: SEQUENCE; Schema: public; Owner: postgres
--

ALTER TABLE public.compose_compose_files ALTER COLUMN id ADD GENERATED BY DEFAULT AS IDENTITY (
    SEQUENCE NAME public.compose_compose_files_id_seq
    START WITH 1
    INCREMENT BY 1
    NO MINVALUE
    NO MAXVALUE
    CACHE 1
);


--
-- Name: compose_compose_id_seq; Type: SEQUENCE; Schema: public; Owner: postgres
--

ALTER TABLE public.compose_compose ALTER COLUMN id ADD GENERATED BY DEFAULT AS IDENTITY (
    SEQUENCE NAME public.compose_compose_id_seq
    START WITH 1
    INCREMENT BY 1
    NO MINVALUE
    NO MAXVALUE
    CACHE 1
);


--
-- Name: compose_composestatus; Type: TABLE; Schema: public; Owner: postgres
--

CREATE TABLE public.compose_composestatus (
    id bigint NOT NULL,
    created_date timestamp with time zone,
    modified_date timestamp with time zone,
    name character varying(50),
    is_default boolean NOT NULL,
    is_draft boolean NOT NULL,
    created_by_id bigint,
    modified_by_id bigint,
    name_en character varying(50),
    name_ru character varying(50),
    name_uz character varying(50),
    is_approve boolean NOT NULL,
    is_active boolean NOT NULL,
    declined_from_approver boolean NOT NULL,
    declined_from_signer boolean NOT NULL
);


ALTER TABLE public.compose_composestatus OWNER TO postgres;

--
-- Name: compose_composestatus_id_seq; Type: SEQUENCE; Schema: public; Owner: postgres
--

ALTER TABLE public.compose_composestatus ALTER COLUMN id ADD GENERATED BY DEFAULT AS IDENTITY (
    SEQUENCE NAME public.compose_composestatus_id_seq
    START WITH 1
    INCREMENT BY 1
    NO MINVALUE
    NO MAXVALUE
    CACHE 1
);


--
-- Name: compose_composeversionmodel; Type: TABLE; Schema: public; Owner: postgres
--

CREATE TABLE public.compose_composeversionmodel (
    id bigint NOT NULL,
    created_date timestamp with time zone,
    modified_date timestamp with time zone,
    old_text text,
    new_text text,
    object_id bigint,
    content_type_id integer,
    created_by_id bigint,
    modified_by_id bigint,
    is_active boolean NOT NULL,
    CONSTRAINT compose_composeversionmodel_object_id_check CHECK ((object_id >= 0))
);


ALTER TABLE public.compose_composeversionmodel OWNER TO postgres;

--
-- Name: compose_composeversionmodel_id_seq; Type: SEQUENCE; Schema: public; Owner: postgres
--

ALTER TABLE public.compose_composeversionmodel ALTER COLUMN id ADD GENERATED BY DEFAULT AS IDENTITY (
    SEQUENCE NAME public.compose_composeversionmodel_id_seq
    START WITH 1
    INCREMENT BY 1
    NO MINVALUE
    NO MAXVALUE
    CACHE 1
);


--
-- Name: compose_receiver; Type: TABLE; Schema: public; Owner: postgres
--

CREATE TABLE public.compose_receiver (
    id bigint NOT NULL,
    created_date timestamp with time zone,
    modified_date timestamp with time zone,
    created_by_id bigint,
    modified_by_id bigint,
    type character varying(100),
    is_active boolean NOT NULL
);


ALTER TABLE public.compose_receiver OWNER TO postgres;

--
-- Name: compose_receiver_companies; Type: TABLE; Schema: public; Owner: postgres
--

CREATE TABLE public.compose_receiver_companies (
    id bigint NOT NULL,
    receiver_id bigint NOT NULL,
    company_id bigint NOT NULL
);


ALTER TABLE public.compose_receiver_companies OWNER TO postgres;

--
-- Name: compose_receiver_companies_id_seq; Type: SEQUENCE; Schema: public; Owner: postgres
--

ALTER TABLE public.compose_receiver_companies ALTER COLUMN id ADD GENERATED BY DEFAULT AS IDENTITY (
    SEQUENCE NAME public.compose_receiver_companies_id_seq
    START WITH 1
    INCREMENT BY 1
    NO MINVALUE
    NO MAXVALUE
    CACHE 1
);


--
-- Name: compose_receiver_departments; Type: TABLE; Schema: public; Owner: postgres
--

CREATE TABLE public.compose_receiver_departments (
    id bigint NOT NULL,
    receiver_id bigint NOT NULL,
    department_id bigint NOT NULL
);


ALTER TABLE public.compose_receiver_departments OWNER TO postgres;

--
-- Name: compose_receiver_departments_id_seq; Type: SEQUENCE; Schema: public; Owner: postgres
--

ALTER TABLE public.compose_receiver_departments ALTER COLUMN id ADD GENERATED BY DEFAULT AS IDENTITY (
    SEQUENCE NAME public.compose_receiver_departments_id_seq
    START WITH 1
    INCREMENT BY 1
    NO MINVALUE
    NO MAXVALUE
    CACHE 1
);


--
-- Name: compose_receiver_id_seq; Type: SEQUENCE; Schema: public; Owner: postgres
--

ALTER TABLE public.compose_receiver ALTER COLUMN id ADD GENERATED BY DEFAULT AS IDENTITY (
    SEQUENCE NAME public.compose_receiver_id_seq
    START WITH 1
    INCREMENT BY 1
    NO MINVALUE
    NO MAXVALUE
    CACHE 1
);


--
-- Name: compose_receiver_organizations; Type: TABLE; Schema: public; Owner: postgres
--

CREATE TABLE public.compose_receiver_organizations (
    id bigint NOT NULL,
    receiver_id bigint NOT NULL,
    correspondent_id bigint NOT NULL
);


ALTER TABLE public.compose_receiver_organizations OWNER TO postgres;

--
-- Name: compose_receiver_organizations_id_seq; Type: SEQUENCE; Schema: public; Owner: postgres
--

ALTER TABLE public.compose_receiver_organizations ALTER COLUMN id ADD GENERATED BY DEFAULT AS IDENTITY (
    SEQUENCE NAME public.compose_receiver_organizations_id_seq
    START WITH 1
    INCREMENT BY 1
    NO MINVALUE
    NO MAXVALUE
    CACHE 1
);


--
-- Name: compose_signer; Type: TABLE; Schema: public; Owner: postgres
--

CREATE TABLE public.compose_signer (
    id bigint NOT NULL,
    created_date timestamp with time zone,
    modified_date timestamp with time zone,
    is_signed boolean,
    comment text,
    is_all_approved boolean,
    action_date timestamp with time zone,
    compose_id bigint,
    created_by_id bigint,
    modified_by_id bigint,
    user_id bigint,
    is_active boolean NOT NULL,
    certificate_info text,
    pkcs7 text,
    type character varying(100)
);


ALTER TABLE public.compose_signer OWNER TO postgres;

--
-- Name: compose_signer_id_seq; Type: SEQUENCE; Schema: public; Owner: postgres
--

ALTER TABLE public.compose_signer ALTER COLUMN id ADD GENERATED BY DEFAULT AS IDENTITY (
    SEQUENCE NAME public.compose_signer_id_seq
    START WITH 1
    INCREMENT BY 1
    NO MINVALUE
    NO MAXVALUE
    CACHE 1
);


--
-- Name: django_admin_log; Type: TABLE; Schema: public; Owner: postgres
--

CREATE TABLE public.django_admin_log (
    id integer NOT NULL,
    action_time timestamp with time zone NOT NULL,
    object_id text,
    object_repr character varying(200) NOT NULL,
    action_flag smallint NOT NULL,
    change_message text NOT NULL,
    content_type_id integer,
    user_id bigint NOT NULL,
    CONSTRAINT django_admin_log_action_flag_check CHECK ((action_flag >= 0))
);


ALTER TABLE public.django_admin_log OWNER TO postgres;

--
-- Name: django_admin_log_id_seq; Type: SEQUENCE; Schema: public; Owner: postgres
--

ALTER TABLE public.django_admin_log ALTER COLUMN id ADD GENERATED BY DEFAULT AS IDENTITY (
    SEQUENCE NAME public.django_admin_log_id_seq
    START WITH 1
    INCREMENT BY 1
    NO MINVALUE
    NO MAXVALUE
    CACHE 1
);


--
-- Name: django_content_type; Type: TABLE; Schema: public; Owner: postgres
--

CREATE TABLE public.django_content_type (
    id integer NOT NULL,
    app_label character varying(100) NOT NULL,
    model character varying(100) NOT NULL
);


ALTER TABLE public.django_content_type OWNER TO postgres;

--
-- Name: django_content_type_id_seq; Type: SEQUENCE; Schema: public; Owner: postgres
--

ALTER TABLE public.django_content_type ALTER COLUMN id ADD GENERATED BY DEFAULT AS IDENTITY (
    SEQUENCE NAME public.django_content_type_id_seq
    START WITH 1
    INCREMENT BY 1
    NO MINVALUE
    NO MAXVALUE
    CACHE 1
);


--
-- Name: django_migrations; Type: TABLE; Schema: public; Owner: postgres
--

CREATE TABLE public.django_migrations (
    id bigint NOT NULL,
    app character varying(255) NOT NULL,
    name character varying(255) NOT NULL,
    applied timestamp with time zone NOT NULL
);


ALTER TABLE public.django_migrations OWNER TO postgres;

--
-- Name: django_migrations_id_seq; Type: SEQUENCE; Schema: public; Owner: postgres
--

ALTER TABLE public.django_migrations ALTER COLUMN id ADD GENERATED BY DEFAULT AS IDENTITY (
    SEQUENCE NAME public.django_migrations_id_seq
    START WITH 1
    INCREMENT BY 1
    NO MINVALUE
    NO MAXVALUE
    CACHE 1
);


--
-- Name: django_session; Type: TABLE; Schema: public; Owner: postgres
--

CREATE TABLE public.django_session (
    session_key character varying(40) NOT NULL,
    session_data text NOT NULL,
    expire_date timestamp with time zone NOT NULL
);


ALTER TABLE public.django_session OWNER TO postgres;

--
-- Name: docflow_assignee; Type: TABLE; Schema: public; Owner: postgres
--

CREATE TABLE public.docflow_assignee (
    id bigint NOT NULL,
    created_date timestamp with time zone,
    modified_date timestamp with time zone,
    content text,
    is_controller boolean NOT NULL,
    is_performed boolean NOT NULL,
    is_read boolean NOT NULL,
    is_responsible boolean NOT NULL,
    performed_date timestamp with time zone,
    read_time timestamp with time zone,
    assignment_id bigint,
    created_by_id bigint,
    modified_by_id bigint,
    status_id bigint,
    user_id bigint,
    parent_id bigint,
    is_active boolean NOT NULL
);


ALTER TABLE public.docflow_assignee OWNER TO postgres;

--
-- Name: docflow_assignee_files; Type: TABLE; Schema: public; Owner: postgres
--

CREATE TABLE public.docflow_assignee_files (
    id bigint NOT NULL,
    assignee_id bigint NOT NULL,
    file_id bigint NOT NULL
);


ALTER TABLE public.docflow_assignee_files OWNER TO postgres;

--
-- Name: docflow_assignee_files_id_seq; Type: SEQUENCE; Schema: public; Owner: postgres
--

ALTER TABLE public.docflow_assignee_files ALTER COLUMN id ADD GENERATED BY DEFAULT AS IDENTITY (
    SEQUENCE NAME public.docflow_assignee_files_id_seq
    START WITH 1
    INCREMENT BY 1
    NO MINVALUE
    NO MAXVALUE
    CACHE 1
);


--
-- Name: docflow_assignee_id_seq; Type: SEQUENCE; Schema: public; Owner: postgres
--

ALTER TABLE public.docflow_assignee ALTER COLUMN id ADD GENERATED BY DEFAULT AS IDENTITY (
    SEQUENCE NAME public.docflow_assignee_id_seq
    START WITH 1
    INCREMENT BY 1
    NO MINVALUE
    NO MAXVALUE
    CACHE 1
);


--
-- Name: docflow_assignment; Type: TABLE; Schema: public; Owner: postgres
--

CREATE TABLE public.docflow_assignment (
    id bigint NOT NULL,
    created_date timestamp with time zone,
    modified_date timestamp with time zone,
    content text,
    deadline date,
    type character varying(20),
    is_project_resolution boolean NOT NULL,
    has_child_resolution boolean NOT NULL,
    receipt_date timestamp with time zone,
    is_verified boolean NOT NULL,
    created_by_id bigint,
    modified_by_id bigint,
    parent_id bigint,
    reviewer_id bigint NOT NULL,
    is_active boolean NOT NULL
);


ALTER TABLE public.docflow_assignment OWNER TO postgres;

--
-- Name: docflow_assignment_id_seq; Type: SEQUENCE; Schema: public; Owner: postgres
--

ALTER TABLE public.docflow_assignment ALTER COLUMN id ADD GENERATED BY DEFAULT AS IDENTITY (
    SEQUENCE NAME public.docflow_assignment_id_seq
    START WITH 1
    INCREMENT BY 1
    NO MINVALUE
    NO MAXVALUE
    CACHE 1
);


--
-- Name: docflow_basedocument; Type: TABLE; Schema: public; Owner: postgres
--

CREATE TABLE public.docflow_basedocument (
    id bigint NOT NULL,
    created_date timestamp with time zone,
    modified_date timestamp with time zone,
    title character varying(255),
    description text,
    code character varying(20),
    register_date date,
    register_number character varying(20),
    outgoing_number character varying(20),
    outgoing_date date,
    correspondent_id bigint,
    created_by_id bigint,
    delivery_type_id bigint,
    document_type_id bigint,
    journal_id bigint,
    language_id bigint,
    modified_by_id bigint,
    priority_id bigint,
    grif character varying(20),
    status_id bigint,
    number_of_papers integer,
    is_active boolean NOT NULL,
    is_deleted boolean NOT NULL,
    company_id bigint
);


ALTER TABLE public.docflow_basedocument OWNER TO postgres;

--
-- Name: docflow_basedocument_id_seq; Type: SEQUENCE; Schema: public; Owner: postgres
--

ALTER TABLE public.docflow_basedocument ALTER COLUMN id ADD GENERATED BY DEFAULT AS IDENTITY (
    SEQUENCE NAME public.docflow_basedocument_id_seq
    START WITH 1
    INCREMENT BY 1
    NO MINVALUE
    NO MAXVALUE
    CACHE 1
);


--
-- Name: docflow_documentfile; Type: TABLE; Schema: public; Owner: postgres
--

CREATE TABLE public.docflow_documentfile (
    id bigint NOT NULL,
    created_date timestamp with time zone,
    modified_date timestamp with time zone,
    file_id bigint,
    created_by_id bigint,
    document_id bigint,
    modified_by_id bigint,
    is_active boolean NOT NULL
);


ALTER TABLE public.docflow_documentfile OWNER TO postgres;

--
-- Name: docflow_documentfile_id_seq; Type: SEQUENCE; Schema: public; Owner: postgres
--

ALTER TABLE public.docflow_documentfile ALTER COLUMN id ADD GENERATED BY DEFAULT AS IDENTITY (
    SEQUENCE NAME public.docflow_documentfile_id_seq
    START WITH 1
    INCREMENT BY 1
    NO MINVALUE
    NO MAXVALUE
    CACHE 1
);


--
-- Name: docflow_reviewer; Type: TABLE; Schema: public; Owner: postgres
--

CREATE TABLE public.docflow_reviewer (
    id bigint NOT NULL,
    created_date timestamp with time zone,
    modified_date timestamp with time zone,
    comment text,
    has_resolution boolean NOT NULL,
    read_time timestamp with time zone,
    created_by_id bigint,
    document_id bigint,
    modified_by_id bigint,
    status_id bigint,
    user_id bigint,
    is_read boolean NOT NULL,
    is_active boolean NOT NULL
);


ALTER TABLE public.docflow_reviewer OWNER TO postgres;

--
-- Name: docflow_reviewer_files; Type: TABLE; Schema: public; Owner: postgres
--

CREATE TABLE public.docflow_reviewer_files (
    id bigint NOT NULL,
    reviewer_id bigint NOT NULL,
    file_id bigint NOT NULL
);


ALTER TABLE public.docflow_reviewer_files OWNER TO postgres;

--
-- Name: docflow_reviewer_files_id_seq; Type: SEQUENCE; Schema: public; Owner: postgres
--

ALTER TABLE public.docflow_reviewer_files ALTER COLUMN id ADD GENERATED BY DEFAULT AS IDENTITY (
    SEQUENCE NAME public.docflow_reviewer_files_id_seq
    START WITH 1
    INCREMENT BY 1
    NO MINVALUE
    NO MAXVALUE
    CACHE 1
);


--
-- Name: docflow_reviewer_id_seq; Type: SEQUENCE; Schema: public; Owner: postgres
--

ALTER TABLE public.docflow_reviewer ALTER COLUMN id ADD GENERATED BY DEFAULT AS IDENTITY (
    SEQUENCE NAME public.docflow_reviewer_id_seq
    START WITH 1
    INCREMENT BY 1
    NO MINVALUE
    NO MAXVALUE
    CACHE 1
);


--
-- Name: document_file; Type: TABLE; Schema: public; Owner: postgres
--

CREATE TABLE public.document_file (
    id bigint NOT NULL,
    file character varying(100),
    name character varying(255),
    created_by_id bigint,
    created_date timestamp with time zone,
    modified_by_id bigint,
    modified_date timestamp with time zone,
    department_id bigint,
    key character varying(100),
    is_active boolean NOT NULL,
    extension character varying(100),
    file_size double precision
);


ALTER TABLE public.document_file OWNER TO postgres;

--
-- Name: document_file_id_seq; Type: SEQUENCE; Schema: public; Owner: postgres
--

ALTER TABLE public.document_file ALTER COLUMN id ADD GENERATED BY DEFAULT AS IDENTITY (
    SEQUENCE NAME public.document_file_id_seq
    START WITH 1
    INCREMENT BY 1
    NO MINVALUE
    NO MAXVALUE
    CACHE 1
);


--
-- Name: reference_actiondescription; Type: TABLE; Schema: public; Owner: postgres
--

CREATE TABLE public.reference_actiondescription (
    id bigint NOT NULL,
    created_date timestamp with time zone,
    modified_date timestamp with time zone,
    description text NOT NULL,
    description_uz text,
    description_ru text,
    description_en text,
    created_by_id bigint,
    modified_by_id bigint,
    code character varying(10),
    is_active boolean NOT NULL,
    color character varying(20),
    icon_name character varying(255)
);


ALTER TABLE public.reference_actiondescription OWNER TO postgres;

--
-- Name: reference_actiondescription_id_seq; Type: SEQUENCE; Schema: public; Owner: postgres
--

ALTER TABLE public.reference_actiondescription ALTER COLUMN id ADD GENERATED BY DEFAULT AS IDENTITY (
    SEQUENCE NAME public.reference_actiondescription_id_seq
    START WITH 1
    INCREMENT BY 1
    NO MINVALUE
    NO MAXVALUE
    CACHE 1
);


--
-- Name: reference_actionmodel; Type: TABLE; Schema: public; Owner: postgres
--

CREATE TABLE public.reference_actionmodel (
    id bigint NOT NULL,
    created_date timestamp with time zone,
    modified_date timestamp with time zone,
    old_value text,
    new_value text,
    action character varying(15),
    object_id bigint,
    ip_addr character varying(15),
    cause_of_deletion text,
    content_type_id integer,
    created_by_id bigint,
    modified_by_id bigint,
    description_id bigint,
    is_active boolean NOT NULL,
    CONSTRAINT reference_actionmodel_object_id_check CHECK ((object_id >= 0))
);


ALTER TABLE public.reference_actionmodel OWNER TO postgres;

--
-- Name: reference_actionmodel_id_seq; Type: SEQUENCE; Schema: public; Owner: postgres
--

ALTER TABLE public.reference_actionmodel ALTER COLUMN id ADD GENERATED BY DEFAULT AS IDENTITY (
    SEQUENCE NAME public.reference_actionmodel_id_seq
    START WITH 1
    INCREMENT BY 1
    NO MINVALUE
    NO MAXVALUE
    CACHE 1
);


--
-- Name: reference_commentmodel; Type: TABLE; Schema: public; Owner: postgres
--

CREATE TABLE public.reference_commentmodel (
    id bigint NOT NULL,
    created_date timestamp with time zone,
    modified_date timestamp with time zone,
    object_id bigint,
    description text NOT NULL,
    is_deleted boolean NOT NULL,
    is_edited boolean NOT NULL,
    content_type_id integer,
    created_by_id bigint,
    file_id bigint,
    modified_by_id bigint,
    replied_to_id bigint,
    is_active boolean NOT NULL,
    CONSTRAINT reference_commentmodel_object_id_check CHECK ((object_id >= 0))
);


ALTER TABLE public.reference_commentmodel OWNER TO postgres;

--
-- Name: reference_commentmodel_id_seq; Type: SEQUENCE; Schema: public; Owner: postgres
--

ALTER TABLE public.reference_commentmodel ALTER COLUMN id ADD GENERATED BY DEFAULT AS IDENTITY (
    SEQUENCE NAME public.reference_commentmodel_id_seq
    START WITH 1
    INCREMENT BY 1
    NO MINVALUE
    NO MAXVALUE
    CACHE 1
);


--
-- Name: reference_correspondent; Type: TABLE; Schema: public; Owner: postgres
--

CREATE TABLE public.reference_correspondent (
    id bigint NOT NULL,
    created_date timestamp with time zone,
    modified_date timestamp with time zone,
    address character varying(255),
    birth_date date,
    checkpoint character varying(30),
    description text,
    email character varying(255),
    father_name character varying(255),
    first_name character varying(255),
    gender character varying(1),
    last_name character varying(255),
    legal_address character varying(255),
    legal_name character varying(255),
    name character varying(255),
    phone character varying(30),
    pinfl character varying(30),
    type character varying(15) NOT NULL,
    created_by_id bigint,
    modified_by_id bigint,
    is_active boolean NOT NULL,
    tin character varying(15)
);


ALTER TABLE public.reference_correspondent OWNER TO postgres;

--
-- Name: reference_correspondent_id_seq; Type: SEQUENCE; Schema: public; Owner: postgres
--

ALTER TABLE public.reference_correspondent ALTER COLUMN id ADD GENERATED BY DEFAULT AS IDENTITY (
    SEQUENCE NAME public.reference_correspondent_id_seq
    START WITH 1
    INCREMENT BY 1
    NO MINVALUE
    NO MAXVALUE
    CACHE 1
);


--
-- Name: reference_deliverytype; Type: TABLE; Schema: public; Owner: postgres
--

CREATE TABLE public.reference_deliverytype (
    id bigint NOT NULL,
    created_date timestamp with time zone,
    modified_date timestamp with time zone,
    name character varying(255),
    created_by_id bigint,
    modified_by_id bigint,
    name_en character varying(255),
    name_ru character varying(255),
    name_uz character varying(255),
    is_active boolean NOT NULL
);


ALTER TABLE public.reference_deliverytype OWNER TO postgres;

--
-- Name: reference_deliverytype_id_seq; Type: SEQUENCE; Schema: public; Owner: postgres
--

ALTER TABLE public.reference_deliverytype ALTER COLUMN id ADD GENERATED BY DEFAULT AS IDENTITY (
    SEQUENCE NAME public.reference_deliverytype_id_seq
    START WITH 1
    INCREMENT BY 1
    NO MINVALUE
    NO MAXVALUE
    CACHE 1
);


--
-- Name: reference_digitalsigninfo; Type: TABLE; Schema: public; Owner: postgres
--

CREATE TABLE public.reference_digitalsigninfo (
    id bigint NOT NULL,
    created_date timestamp with time zone,
    modified_date timestamp with time zone,
    is_active boolean NOT NULL,
    uuid uuid NOT NULL,
    document_id character varying(100),
    pkcs7 text,
    pkcs7_info jsonb,
    signed boolean NOT NULL,
    ip_addr character varying(255),
    signed_on character varying(100),
    type character varying(100),
    author_id bigint,
    created_by_id bigint,
    modified_by_id bigint
);


ALTER TABLE public.reference_digitalsigninfo OWNER TO postgres;

--
-- Name: reference_digitalsigninfo_id_seq; Type: SEQUENCE; Schema: public; Owner: postgres
--

ALTER TABLE public.reference_digitalsigninfo ALTER COLUMN id ADD GENERATED BY DEFAULT AS IDENTITY (
    SEQUENCE NAME public.reference_digitalsigninfo_id_seq
    START WITH 1
    INCREMENT BY 1
    NO MINVALUE
    NO MAXVALUE
    CACHE 1
);


--
-- Name: reference_district; Type: TABLE; Schema: public; Owner: postgres
--

CREATE TABLE public.reference_district (
    id bigint NOT NULL,
    created_date timestamp with time zone,
    modified_date timestamp with time zone,
    name character varying(255) NOT NULL,
    name_uz character varying(255),
    name_ru character varying(255),
    name_en character varying(255),
    created_by_id bigint,
    modified_by_id bigint,
    region_id bigint,
    is_active boolean NOT NULL,
    code character varying(100)
);


ALTER TABLE public.reference_district OWNER TO postgres;

--
-- Name: reference_district_id_seq; Type: SEQUENCE; Schema: public; Owner: postgres
--

ALTER TABLE public.reference_district ALTER COLUMN id ADD GENERATED BY DEFAULT AS IDENTITY (
    SEQUENCE NAME public.reference_district_id_seq
    START WITH 1
    INCREMENT BY 1
    NO MINVALUE
    NO MAXVALUE
    CACHE 1
);


--
-- Name: reference_documentsubtype; Type: TABLE; Schema: public; Owner: postgres
--

CREATE TABLE public.reference_documentsubtype (
    id bigint NOT NULL,
    created_date timestamp with time zone,
    modified_date timestamp with time zone,
    name character varying(255) NOT NULL,
    short_name character varying(255),
    created_by_id bigint,
    document_type_id bigint,
    modified_by_id bigint,
    is_active boolean NOT NULL
);


ALTER TABLE public.reference_documentsubtype OWNER TO postgres;

--
-- Name: reference_documentsubtype_id_seq; Type: SEQUENCE; Schema: public; Owner: postgres
--

ALTER TABLE public.reference_documentsubtype ALTER COLUMN id ADD GENERATED BY DEFAULT AS IDENTITY (
    SEQUENCE NAME public.reference_documentsubtype_id_seq
    START WITH 1
    INCREMENT BY 1
    NO MINVALUE
    NO MAXVALUE
    CACHE 1
);


--
-- Name: reference_documenttitle; Type: TABLE; Schema: public; Owner: postgres
--

CREATE TABLE public.reference_documenttitle (
    id bigint NOT NULL,
    created_date timestamp with time zone,
    modified_date timestamp with time zone,
    is_active boolean NOT NULL,
    name character varying(255),
    name_uz character varying(255),
    name_ru character varying(255),
    name_en character varying(255),
    created_by_id bigint,
    modified_by_id bigint
);


ALTER TABLE public.reference_documenttitle OWNER TO postgres;

--
-- Name: reference_documenttitle_id_seq; Type: SEQUENCE; Schema: public; Owner: postgres
--

ALTER TABLE public.reference_documenttitle ALTER COLUMN id ADD GENERATED BY DEFAULT AS IDENTITY (
    SEQUENCE NAME public.reference_documenttitle_id_seq
    START WITH 1
    INCREMENT BY 1
    NO MINVALUE
    NO MAXVALUE
    CACHE 1
);


--
-- Name: reference_documenttype; Type: TABLE; Schema: public; Owner: postgres
--

CREATE TABLE public.reference_documenttype (
    id bigint NOT NULL,
    created_date timestamp with time zone,
    modified_date timestamp with time zone,
    name character varying(255),
    short_name character varying(255),
    created_by_id bigint,
    journal_id bigint,
    modified_by_id bigint,
    is_for_compose boolean NOT NULL,
    name_en character varying(255),
    name_ru character varying(255),
    name_uz character varying(255),
    is_active boolean NOT NULL
);


ALTER TABLE public.reference_documenttype OWNER TO postgres;

--
-- Name: reference_documenttype_id_seq; Type: SEQUENCE; Schema: public; Owner: postgres
--

ALTER TABLE public.reference_documenttype ALTER COLUMN id ADD GENERATED BY DEFAULT AS IDENTITY (
    SEQUENCE NAME public.reference_documenttype_id_seq
    START WITH 1
    INCREMENT BY 1
    NO MINVALUE
    NO MAXVALUE
    CACHE 1
);


--
-- Name: reference_employeegroup; Type: TABLE; Schema: public; Owner: postgres
--

CREATE TABLE public.reference_employeegroup (
    id bigint NOT NULL,
    created_date timestamp with time zone,
    modified_date timestamp with time zone,
    name character varying(100) NOT NULL,
    created_by_id bigint,
    modified_by_id bigint,
    is_active boolean NOT NULL
);


ALTER TABLE public.reference_employeegroup OWNER TO postgres;

--
-- Name: reference_employeegroup_employees; Type: TABLE; Schema: public; Owner: postgres
--

CREATE TABLE public.reference_employeegroup_employees (
    id bigint NOT NULL,
    employeegroup_id bigint NOT NULL,
    user_id bigint NOT NULL
);


ALTER TABLE public.reference_employeegroup_employees OWNER TO postgres;

--
-- Name: reference_employeegroup_employees_id_seq; Type: SEQUENCE; Schema: public; Owner: postgres
--

ALTER TABLE public.reference_employeegroup_employees ALTER COLUMN id ADD GENERATED BY DEFAULT AS IDENTITY (
    SEQUENCE NAME public.reference_employeegroup_employees_id_seq
    START WITH 1
    INCREMENT BY 1
    NO MINVALUE
    NO MAXVALUE
    CACHE 1
);


--
-- Name: reference_employeegroup_id_seq; Type: SEQUENCE; Schema: public; Owner: postgres
--

ALTER TABLE public.reference_employeegroup ALTER COLUMN id ADD GENERATED BY DEFAULT AS IDENTITY (
    SEQUENCE NAME public.reference_employeegroup_id_seq
    START WITH 1
    INCREMENT BY 1
    NO MINVALUE
    NO MAXVALUE
    CACHE 1
);


--
-- Name: reference_errormessage; Type: TABLE; Schema: public; Owner: postgres
--

CREATE TABLE public.reference_errormessage (
    id bigint NOT NULL,
    created_date timestamp with time zone,
    modified_date timestamp with time zone,
    message character varying(255) NOT NULL,
    message_uz character varying(255),
    message_ru character varying(255),
    status character varying(20) NOT NULL,
    status_code character varying(10) NOT NULL,
    code integer NOT NULL,
    created_by_id bigint,
    modified_by_id bigint,
    message_en character varying(255),
    is_active boolean NOT NULL
);


ALTER TABLE public.reference_errormessage OWNER TO postgres;

--
-- Name: reference_errormessage_id_seq; Type: SEQUENCE; Schema: public; Owner: postgres
--

ALTER TABLE public.reference_errormessage ALTER COLUMN id ADD GENERATED BY DEFAULT AS IDENTITY (
    SEQUENCE NAME public.reference_errormessage_id_seq
    START WITH 1
    INCREMENT BY 1
    NO MINVALUE
    NO MAXVALUE
    CACHE 1
);


--
-- Name: reference_fieldactionmapping; Type: TABLE; Schema: public; Owner: postgres
--

CREATE TABLE public.reference_fieldactionmapping (
    id bigint NOT NULL,
    created_date timestamp with time zone,
    modified_date timestamp with time zone,
    field_name character varying(100) NOT NULL,
    action_code character varying(10) NOT NULL,
    created_by_id bigint,
    modified_by_id bigint,
    is_active boolean NOT NULL
);


ALTER TABLE public.reference_fieldactionmapping OWNER TO postgres;

--
-- Name: reference_fieldactionmapping_id_seq; Type: SEQUENCE; Schema: public; Owner: postgres
--

ALTER TABLE public.reference_fieldactionmapping ALTER COLUMN id ADD GENERATED BY DEFAULT AS IDENTITY (
    SEQUENCE NAME public.reference_fieldactionmapping_id_seq
    START WITH 1
    INCREMENT BY 1
    NO MINVALUE
    NO MAXVALUE
    CACHE 1
);


--
-- Name: reference_journal; Type: TABLE; Schema: public; Owner: postgres
--

CREATE TABLE public.reference_journal (
    id bigint NOT NULL,
    created_date timestamp with time zone,
    modified_date timestamp with time zone,
    name character varying(255),
    is_auto_numbered boolean NOT NULL,
    period_of_time character varying(10),
    number_of_chars integer,
    prefix character varying(10),
    index character varying(10),
    is_active boolean NOT NULL,
    created_by_id bigint,
    modified_by_id bigint,
    is_for_compose boolean NOT NULL,
    name_en character varying(255),
    name_ru character varying(255),
    name_uz character varying(255),
    icon_id bigint,
    sort_order integer NOT NULL,
    code character varying(10)
);


ALTER TABLE public.reference_journal OWNER TO postgres;

--
-- Name: reference_journal_id_seq; Type: SEQUENCE; Schema: public; Owner: postgres
--

ALTER TABLE public.reference_journal ALTER COLUMN id ADD GENERATED BY DEFAULT AS IDENTITY (
    SEQUENCE NAME public.reference_journal_id_seq
    START WITH 1
    INCREMENT BY 1
    NO MINVALUE
    NO MAXVALUE
    CACHE 1
);


--
-- Name: reference_languagemodel; Type: TABLE; Schema: public; Owner: postgres
--

CREATE TABLE public.reference_languagemodel (
    id bigint NOT NULL,
    created_date timestamp with time zone,
    modified_date timestamp with time zone,
    name character varying(255),
    name_uz character varying(255),
    name_ru character varying(255),
    name_en character varying(255),
    created_by_id bigint,
    modified_by_id bigint,
    is_active boolean NOT NULL
);


ALTER TABLE public.reference_languagemodel OWNER TO postgres;

--
-- Name: reference_languagemodel_id_seq; Type: SEQUENCE; Schema: public; Owner: postgres
--

ALTER TABLE public.reference_languagemodel ALTER COLUMN id ADD GENERATED BY DEFAULT AS IDENTITY (
    SEQUENCE NAME public.reference_languagemodel_id_seq
    START WITH 1
    INCREMENT BY 1
    NO MINVALUE
    NO MAXVALUE
    CACHE 1
);


--
-- Name: reference_priority; Type: TABLE; Schema: public; Owner: postgres
--

CREATE TABLE public.reference_priority (
    id bigint NOT NULL,
    created_date timestamp with time zone,
    modified_date timestamp with time zone,
    name character varying(255),
    created_by_id bigint,
    modified_by_id bigint,
    name_en character varying(255),
    name_ru character varying(255),
    name_uz character varying(255),
    is_active boolean NOT NULL
);


ALTER TABLE public.reference_priority OWNER TO postgres;

--
-- Name: reference_priority_id_seq; Type: SEQUENCE; Schema: public; Owner: postgres
--

ALTER TABLE public.reference_priority ALTER COLUMN id ADD GENERATED BY DEFAULT AS IDENTITY (
    SEQUENCE NAME public.reference_priority_id_seq
    START WITH 1
    INCREMENT BY 1
    NO MINVALUE
    NO MAXVALUE
    CACHE 1
);


--
-- Name: reference_region; Type: TABLE; Schema: public; Owner: postgres
--

CREATE TABLE public.reference_region (
    id bigint NOT NULL,
    created_date timestamp with time zone,
    modified_date timestamp with time zone,
    name character varying(255) NOT NULL,
    name_uz character varying(255),
    name_ru character varying(255),
    name_en character varying(255),
    created_by_id bigint,
    modified_by_id bigint,
    is_active boolean NOT NULL,
    code character varying(100)
);


ALTER TABLE public.reference_region OWNER TO postgres;

--
-- Name: reference_region_id_seq; Type: SEQUENCE; Schema: public; Owner: postgres
--

ALTER TABLE public.reference_region ALTER COLUMN id ADD GENERATED BY DEFAULT AS IDENTITY (
    SEQUENCE NAME public.reference_region_id_seq
    START WITH 1
    INCREMENT BY 1
    NO MINVALUE
    NO MAXVALUE
    CACHE 1
);


--
-- Name: reference_shortdescription; Type: TABLE; Schema: public; Owner: postgres
--

CREATE TABLE public.reference_shortdescription (
    id bigint NOT NULL,
    created_date timestamp with time zone,
    modified_date timestamp with time zone,
    description text,
    created_by_id bigint,
    modified_by_id bigint,
    description_en text,
    description_ru text,
    description_uz text,
    is_active boolean NOT NULL
);


ALTER TABLE public.reference_shortdescription OWNER TO postgres;

--
-- Name: reference_shortdescription_id_seq; Type: SEQUENCE; Schema: public; Owner: postgres
--

ALTER TABLE public.reference_shortdescription ALTER COLUMN id ADD GENERATED BY DEFAULT AS IDENTITY (
    SEQUENCE NAME public.reference_shortdescription_id_seq
    START WITH 1
    INCREMENT BY 1
    NO MINVALUE
    NO MAXVALUE
    CACHE 1
);


--
-- Name: reference_statusmodel; Type: TABLE; Schema: public; Owner: postgres
--

CREATE TABLE public.reference_statusmodel (
    id bigint NOT NULL,
    created_date timestamp with time zone,
    modified_date timestamp with time zone,
    name character varying(30),
    description character varying(255),
    "group" character varying(30) NOT NULL,
    is_default boolean NOT NULL,
    created_by_id bigint,
    modified_by_id bigint,
    name_ru character varying(30),
    description_ru character varying(255),
    description_uz character varying(255),
    name_uz character varying(30),
    description_en character varying(255),
    name_en character varying(30),
    is_active boolean NOT NULL,
    is_done boolean NOT NULL
);


ALTER TABLE public.reference_statusmodel OWNER TO postgres;

--
-- Name: reference_statusmodel_id_seq; Type: SEQUENCE; Schema: public; Owner: postgres
--

ALTER TABLE public.reference_statusmodel ALTER COLUMN id ADD GENERATED BY DEFAULT AS IDENTITY (
    SEQUENCE NAME public.reference_statusmodel_id_seq
    START WITH 1
    INCREMENT BY 1
    NO MINVALUE
    NO MAXVALUE
    CACHE 1
);


--
-- Name: user_notificationmodel; Type: TABLE; Schema: public; Owner: postgres
--

CREATE TABLE public.user_notificationmodel (
    id bigint NOT NULL,
    created_date timestamp with time zone,
    modified_date timestamp with time zone,
    name character varying(255),
    name_uz character varying(255),
    name_ru character varying(255),
    name_en character varying(255),
    description character varying(500),
    description_uz character varying(500),
    description_ru character varying(500),
    description_en character varying(500),
    type character varying(100),
    created_by_id bigint,
    modified_by_id bigint,
    is_active boolean NOT NULL
);


ALTER TABLE public.user_notificationmodel OWNER TO postgres;

--
-- Name: user_notificationmodel_id_seq; Type: SEQUENCE; Schema: public; Owner: postgres
--

ALTER TABLE public.user_notificationmodel ALTER COLUMN id ADD GENERATED BY DEFAULT AS IDENTITY (
    SEQUENCE NAME public.user_notificationmodel_id_seq
    START WITH 1
    INCREMENT BY 1
    NO MINVALUE
    NO MAXVALUE
    CACHE 1
);


--
-- Name: user_notificationtype; Type: TABLE; Schema: public; Owner: postgres
--

CREATE TABLE public.user_notificationtype (
    id bigint NOT NULL,
    created_date timestamp with time zone,
    modified_date timestamp with time zone,
    is_mute boolean NOT NULL,
    created_by_id bigint,
    modified_by_id bigint,
    user_id bigint,
    notification_id bigint,
    is_active boolean NOT NULL
);


ALTER TABLE public.user_notificationtype OWNER TO postgres;

--
-- Name: user_notificationtype_id_seq; Type: SEQUENCE; Schema: public; Owner: postgres
--

ALTER TABLE public.user_notificationtype ALTER COLUMN id ADD GENERATED BY DEFAULT AS IDENTITY (
    SEQUENCE NAME public.user_notificationtype_id_seq
    START WITH 1
    INCREMENT BY 1
    NO MINVALUE
    NO MAXVALUE
    CACHE 1
);


--
-- Name: user_projectpermission; Type: TABLE; Schema: public; Owner: postgres
--

CREATE TABLE public.user_projectpermission (
    id bigint NOT NULL,
    created_date timestamp with time zone,
    modified_date timestamp with time zone,
    name character varying(255),
    created_by_id bigint,
    modified_by_id bigint,
    parent_id bigint,
    content_type_id integer,
    url_path character varying(255),
    is_active boolean NOT NULL,
    description character varying(500),
    has_permission boolean NOT NULL,
    menu character varying(100),
    method character varying(100),
    sub_menu character varying(100),
    type character varying(100)
);


ALTER TABLE public.user_projectpermission OWNER TO postgres;

--
-- Name: user_projectpermission_id_seq; Type: SEQUENCE; Schema: public; Owner: postgres
--

ALTER TABLE public.user_projectpermission ALTER COLUMN id ADD GENERATED BY DEFAULT AS IDENTITY (
    SEQUENCE NAME public.user_projectpermission_id_seq
    START WITH 1
    INCREMENT BY 1
    NO MINVALUE
    NO MAXVALUE
    CACHE 1
);


--
-- Name: user_rolemodel; Type: TABLE; Schema: public; Owner: postgres
--

CREATE TABLE public.user_rolemodel (
    id bigint NOT NULL,
    created_date timestamp with time zone,
    modified_date timestamp with time zone,
    name character varying(100) NOT NULL,
    created_by_id bigint,
    modified_by_id bigint,
    is_active boolean NOT NULL
);


ALTER TABLE public.user_rolemodel OWNER TO postgres;

--
-- Name: user_rolemodel_id_seq; Type: SEQUENCE; Schema: public; Owner: postgres
--

ALTER TABLE public.user_rolemodel ALTER COLUMN id ADD GENERATED BY DEFAULT AS IDENTITY (
    SEQUENCE NAME public.user_rolemodel_id_seq
    START WITH 1
    INCREMENT BY 1
    NO MINVALUE
    NO MAXVALUE
    CACHE 1
);


--
-- Name: user_rolemodel_permissions; Type: TABLE; Schema: public; Owner: postgres
--

CREATE TABLE public.user_rolemodel_permissions (
    id bigint NOT NULL,
    rolemodel_id bigint NOT NULL,
    projectpermission_id bigint NOT NULL
);


ALTER TABLE public.user_rolemodel_permissions OWNER TO postgres;

--
-- Name: user_rolemodel_permissions_id_seq; Type: SEQUENCE; Schema: public; Owner: postgres
--

ALTER TABLE public.user_rolemodel_permissions ALTER COLUMN id ADD GENERATED BY DEFAULT AS IDENTITY (
    SEQUENCE NAME public.user_rolemodel_permissions_id_seq
    START WITH 1
    INCREMENT BY 1
    NO MINVALUE
    NO MAXVALUE
    CACHE 1
);


--
-- Name: user_topsigner; Type: TABLE; Schema: public; Owner: postgres
--

CREATE TABLE public.user_topsigner (
    id bigint NOT NULL,
    created_date timestamp with time zone,
    modified_date timestamp with time zone,
    is_active boolean NOT NULL,
    created_by_id bigint,
    modified_by_id bigint,
    user_id bigint
);


ALTER TABLE public.user_topsigner OWNER TO postgres;

--
-- Name: user_topsigner_doc_types; Type: TABLE; Schema: public; Owner: postgres
--

CREATE TABLE public.user_topsigner_doc_types (
    id bigint NOT NULL,
    topsigner_id bigint NOT NULL,
    documenttype_id bigint NOT NULL
);


ALTER TABLE public.user_topsigner_doc_types OWNER TO postgres;

--
-- Name: user_topsigner_doc_types_id_seq; Type: SEQUENCE; Schema: public; Owner: postgres
--

ALTER TABLE public.user_topsigner_doc_types ALTER COLUMN id ADD GENERATED BY DEFAULT AS IDENTITY (
    SEQUENCE NAME public.user_topsigner_doc_types_id_seq
    START WITH 1
    INCREMENT BY 1
    NO MINVALUE
    NO MAXVALUE
    CACHE 1
);


--
-- Name: user_topsigner_id_seq; Type: SEQUENCE; Schema: public; Owner: postgres
--

ALTER TABLE public.user_topsigner ALTER COLUMN id ADD GENERATED BY DEFAULT AS IDENTITY (
    SEQUENCE NAME public.user_topsigner_id_seq
    START WITH 1
    INCREMENT BY 1
    NO MINVALUE
    NO MAXVALUE
    CACHE 1
);


--
-- Name: user_user; Type: TABLE; Schema: public; Owner: postgres
--

CREATE TABLE public.user_user (
    id bigint NOT NULL,
    password character varying(128) NOT NULL,
    last_login timestamp with time zone NOT NULL,
    username character varying(50),
    is_registered boolean NOT NULL,
    is_staff boolean NOT NULL,
    is_superuser boolean NOT NULL,
    first_name character varying(50),
    last_name character varying(50),
    father_name character varying(50),
    date_joined timestamp with time zone NOT NULL,
    created_by_id bigint,
    created_date timestamp with time zone,
    modified_by_id bigint,
    modified_date timestamp with time zone,
    color character varying(10),
    is_user_active boolean NOT NULL,
    company_id bigint,
    department_id bigint,
    position_id bigint,
    status_id bigint,
    begin_work_date date,
    birth_date date,
    pinfl character varying(20),
    table_number character varying(50),
    tin character varying(9),
    unique_number character varying(50),
    role_id bigint,
    phone character varying(50),
    top_level_department_id bigint,
    is_active boolean NOT NULL,
    department_ids integer[],
    otp character varying(6)
);


ALTER TABLE public.user_user OWNER TO postgres;

--
-- Name: user_user_groups; Type: TABLE; Schema: public; Owner: postgres
--

CREATE TABLE public.user_user_groups (
    id bigint NOT NULL,
    user_id bigint NOT NULL,
    group_id integer NOT NULL
);


ALTER TABLE public.user_user_groups OWNER TO postgres;

--
-- Name: user_user_groups_id_seq; Type: SEQUENCE; Schema: public; Owner: postgres
--

ALTER TABLE public.user_user_groups ALTER COLUMN id ADD GENERATED BY DEFAULT AS IDENTITY (
    SEQUENCE NAME public.user_user_groups_id_seq
    START WITH 1
    INCREMENT BY 1
    NO MINVALUE
    NO MAXVALUE
    CACHE 1
);


--
-- Name: user_user_id_seq; Type: SEQUENCE; Schema: public; Owner: postgres
--

ALTER TABLE public.user_user ALTER COLUMN id ADD GENERATED BY DEFAULT AS IDENTITY (
    SEQUENCE NAME public.user_user_id_seq
    START WITH 1
    INCREMENT BY 1
    NO MINVALUE
    NO MAXVALUE
    CACHE 1
);


--
-- Name: user_user_user_permissions; Type: TABLE; Schema: public; Owner: postgres
--

CREATE TABLE public.user_user_user_permissions (
    id bigint NOT NULL,
    user_id bigint NOT NULL,
    permission_id integer NOT NULL
);


ALTER TABLE public.user_user_user_permissions OWNER TO postgres;

--
-- Name: user_user_user_permissions_id_seq; Type: SEQUENCE; Schema: public; Owner: postgres
--

ALTER TABLE public.user_user_user_permissions ALTER COLUMN id ADD GENERATED BY DEFAULT AS IDENTITY (
    SEQUENCE NAME public.user_user_user_permissions_id_seq
    START WITH 1
    INCREMENT BY 1
    NO MINVALUE
    NO MAXVALUE
    CACHE 1
);


--
-- Name: user_userassistant; Type: TABLE; Schema: public; Owner: postgres
--

CREATE TABLE public.user_userassistant (
    id bigint NOT NULL,
    created_date timestamp with time zone,
    modified_date timestamp with time zone,
    is_active boolean NOT NULL,
    assistant_id bigint,
    created_by_id bigint,
    modified_by_id bigint,
    user_id bigint
);


ALTER TABLE public.user_userassistant OWNER TO postgres;

--
-- Name: user_userassistant_id_seq; Type: SEQUENCE; Schema: public; Owner: postgres
--

ALTER TABLE public.user_userassistant ALTER COLUMN id ADD GENERATED BY DEFAULT AS IDENTITY (
    SEQUENCE NAME public.user_userassistant_id_seq
    START WITH 1
    INCREMENT BY 1
    NO MINVALUE
    NO MAXVALUE
    CACHE 1
);


--
-- Name: user_userstatus; Type: TABLE; Schema: public; Owner: postgres
--

CREATE TABLE public.user_userstatus (
    id bigint NOT NULL,
    created_date timestamp with time zone,
    modified_date timestamp with time zone,
    name character varying(255),
    name_uz character varying(255),
    name_ru character varying(255),
    name_en character varying(255),
    code character varying(10),
    created_by_id bigint,
    modified_by_id bigint,
    is_active boolean NOT NULL
);


ALTER TABLE public.user_userstatus OWNER TO postgres;

--
-- Name: user_userstatus_id_seq; Type: SEQUENCE; Schema: public; Owner: postgres
--

ALTER TABLE public.user_userstatus ALTER COLUMN id ADD GENERATED BY DEFAULT AS IDENTITY (
    SEQUENCE NAME public.user_userstatus_id_seq
    START WITH 1
    INCREMENT BY 1
    NO MINVALUE
    NO MAXVALUE
    CACHE 1
);


--
-- Name: wcalendar_calendarmodel; Type: TABLE; Schema: public; Owner: postgres
--

CREATE TABLE public.wcalendar_calendarmodel (
    id bigint NOT NULL,
    created_date timestamp with time zone,
    modified_date timestamp with time zone,
    is_active boolean NOT NULL,
    title character varying(255),
    start_date timestamp with time zone,
    end_date timestamp with time zone,
    description text,
    type character varying(15),
    created_by_id bigint,
    modified_by_id bigint,
    organizer_id bigint,
    priority_id bigint
);


ALTER TABLE public.wcalendar_calendarmodel OWNER TO postgres;

--
-- Name: wcalendar_calendarmodel_attachments; Type: TABLE; Schema: public; Owner: postgres
--

CREATE TABLE public.wcalendar_calendarmodel_attachments (
    id bigint NOT NULL,
    calendarmodel_id bigint NOT NULL,
    file_id bigint NOT NULL
);


ALTER TABLE public.wcalendar_calendarmodel_attachments OWNER TO postgres;

--
-- Name: wcalendar_calendarmodel_attachments_id_seq; Type: SEQUENCE; Schema: public; Owner: postgres
--

ALTER TABLE public.wcalendar_calendarmodel_attachments ALTER COLUMN id ADD GENERATED BY DEFAULT AS IDENTITY (
    SEQUENCE NAME public.wcalendar_calendarmodel_attachments_id_seq
    START WITH 1
    INCREMENT BY 1
    NO MINVALUE
    NO MAXVALUE
    CACHE 1
);


--
-- Name: wcalendar_calendarmodel_id_seq; Type: SEQUENCE; Schema: public; Owner: postgres
--

ALTER TABLE public.wcalendar_calendarmodel ALTER COLUMN id ADD GENERATED BY DEFAULT AS IDENTITY (
    SEQUENCE NAME public.wcalendar_calendarmodel_id_seq
    START WITH 1
    INCREMENT BY 1
    NO MINVALUE
    NO MAXVALUE
    CACHE 1
);


--
-- Name: wcalendar_calendarparticipant; Type: TABLE; Schema: public; Owner: postgres
--

CREATE TABLE public.wcalendar_calendarparticipant (
    id bigint NOT NULL,
    created_date timestamp with time zone,
    modified_date timestamp with time zone,
    is_active boolean NOT NULL,
    is_informed boolean NOT NULL,
    is_accepted boolean,
    calendar_id bigint NOT NULL,
    created_by_id bigint,
    modified_by_id bigint,
    user_id bigint
);


ALTER TABLE public.wcalendar_calendarparticipant OWNER TO postgres;

--
-- Name: wcalendar_calendarparticipant_id_seq; Type: SEQUENCE; Schema: public; Owner: postgres
--

ALTER TABLE public.wcalendar_calendarparticipant ALTER COLUMN id ADD GENERATED BY DEFAULT AS IDENTITY (
    SEQUENCE NAME public.wcalendar_calendarparticipant_id_seq
    START WITH 1
    INCREMENT BY 1
    NO MINVALUE
    NO MAXVALUE
    CACHE 1
);


--
-- Name: wchat_chat; Type: TABLE; Schema: public; Owner: postgres
--

CREATE TABLE public.wchat_chat (
    id bigint NOT NULL,
    created_date timestamp with time zone,
    modified_date timestamp with time zone,
    is_active boolean NOT NULL,
    type character varying(15) NOT NULL,
    title character varying(200),
    created_by_id bigint,
    modified_by_id bigint
);


ALTER TABLE public.wchat_chat OWNER TO postgres;

--
-- Name: wchat_chat_id_seq; Type: SEQUENCE; Schema: public; Owner: postgres
--

ALTER TABLE public.wchat_chat ALTER COLUMN id ADD GENERATED BY DEFAULT AS IDENTITY (
    SEQUENCE NAME public.wchat_chat_id_seq
    START WITH 1
    INCREMENT BY 1
    NO MINVALUE
    NO MAXVALUE
    CACHE 1
);


--
-- Name: wchat_chatimage; Type: TABLE; Schema: public; Owner: postgres
--

CREATE TABLE public.wchat_chatimage (
    id bigint NOT NULL,
    created_date timestamp with time zone,
    modified_date timestamp with time zone,
    is_active boolean NOT NULL,
    chat_id bigint NOT NULL,
    created_by_id bigint,
    image_id bigint,
    modified_by_id bigint
);


ALTER TABLE public.wchat_chatimage OWNER TO postgres;

--
-- Name: wchat_chatimage_id_seq; Type: SEQUENCE; Schema: public; Owner: postgres
--

ALTER TABLE public.wchat_chatimage ALTER COLUMN id ADD GENERATED BY DEFAULT AS IDENTITY (
    SEQUENCE NAME public.wchat_chatimage_id_seq
    START WITH 1
    INCREMENT BY 1
    NO MINVALUE
    NO MAXVALUE
    CACHE 1
);


--
-- Name: wchat_chatmember; Type: TABLE; Schema: public; Owner: postgres
--

CREATE TABLE public.wchat_chatmember (
    id bigint NOT NULL,
    created_date timestamp with time zone,
    modified_date timestamp with time zone,
    is_active boolean NOT NULL,
    role character varying(20) NOT NULL,
    chat_id bigint NOT NULL,
    created_by_id bigint,
    modified_by_id bigint,
    user_id bigint
);


ALTER TABLE public.wchat_chatmember OWNER TO postgres;

--
-- Name: wchat_chatmember_id_seq; Type: SEQUENCE; Schema: public; Owner: postgres
--

ALTER TABLE public.wchat_chatmember ALTER COLUMN id ADD GENERATED BY DEFAULT AS IDENTITY (
    SEQUENCE NAME public.wchat_chatmember_id_seq
    START WITH 1
    INCREMENT BY 1
    NO MINVALUE
    NO MAXVALUE
    CACHE 1
);


--
-- Name: wchat_chatmessage; Type: TABLE; Schema: public; Owner: postgres
--

CREATE TABLE public.wchat_chatmessage (
    id bigint NOT NULL,
    created_date timestamp with time zone,
    modified_date timestamp with time zone,
    is_active boolean NOT NULL,
    text text,
    edited boolean NOT NULL,
    deleted boolean NOT NULL,
    deleted_time timestamp with time zone,
    type character varying(30),
    chat_id bigint,
    created_by_id bigint,
    modified_by_id bigint,
    receiver_id bigint,
    replied_to_id bigint,
    sender_id bigint
);


ALTER TABLE public.wchat_chatmessage OWNER TO postgres;

--
-- Name: wchat_chatmessage_id_seq; Type: SEQUENCE; Schema: public; Owner: postgres
--

ALTER TABLE public.wchat_chatmessage ALTER COLUMN id ADD GENERATED BY DEFAULT AS IDENTITY (
    SEQUENCE NAME public.wchat_chatmessage_id_seq
    START WITH 1
    INCREMENT BY 1
    NO MINVALUE
    NO MAXVALUE
    CACHE 1
);


--
-- Name: wchat_chatmessagefile; Type: TABLE; Schema: public; Owner: postgres
--

CREATE TABLE public.wchat_chatmessagefile (
    id bigint NOT NULL,
    created_date timestamp with time zone,
    modified_date timestamp with time zone,
    is_active boolean NOT NULL,
    created_by_id bigint,
    file_id bigint,
    message_id bigint NOT NULL,
    modified_by_id bigint
);


ALTER TABLE public.wchat_chatmessagefile OWNER TO postgres;

--
-- Name: wchat_chatmessagefile_id_seq; Type: SEQUENCE; Schema: public; Owner: postgres
--

ALTER TABLE public.wchat_chatmessagefile ALTER COLUMN id ADD GENERATED BY DEFAULT AS IDENTITY (
    SEQUENCE NAME public.wchat_chatmessagefile_id_seq
    START WITH 1
    INCREMENT BY 1
    NO MINVALUE
    NO MAXVALUE
    CACHE 1
);


--
-- Name: wchat_messagereceiver; Type: TABLE; Schema: public; Owner: postgres
--

CREATE TABLE public.wchat_messagereceiver (
    id bigint NOT NULL,
    created_date timestamp with time zone,
    modified_date timestamp with time zone,
    is_active boolean NOT NULL,
    delivered timestamp with time zone,
    read timestamp with time zone,
    re_read timestamp with time zone,
    created_by_id bigint,
    message_id bigint,
    modified_by_id bigint,
    receiver_id bigint
);


ALTER TABLE public.wchat_messagereceiver OWNER TO postgres;

--
-- Name: wchat_messagereceiver_id_seq; Type: SEQUENCE; Schema: public; Owner: postgres
--

ALTER TABLE public.wchat_messagereceiver ALTER COLUMN id ADD GENERATED BY DEFAULT AS IDENTITY (
    SEQUENCE NAME public.wchat_messagereceiver_id_seq
    START WITH 1
    INCREMENT BY 1
    NO MINVALUE
    NO MAXVALUE
    CACHE 1
);


--
-- Data for Name: auth_group; Type: TABLE DATA; Schema: public; Owner: postgres
--

COPY public.auth_group (id, name) FROM stdin;
\.


--
-- Data for Name: auth_group_permissions; Type: TABLE DATA; Schema: public; Owner: postgres
--

COPY public.auth_group_permissions (id, group_id, permission_id) FROM stdin;
\.


--
-- Data for Name: auth_permission; Type: TABLE DATA; Schema: public; Owner: postgres
--

COPY public.auth_permission (id, name, content_type_id, codename) FROM stdin;
1	Can add log entry	1	add_logentry
2	Can change log entry	1	change_logentry
3	Can delete log entry	1	delete_logentry
4	Can view log entry	1	view_logentry
5	Can add permission	2	add_permission
6	Can change permission	2	change_permission
7	Can delete permission	2	delete_permission
8	Can view permission	2	view_permission
9	Can add group	3	add_group
10	Can change group	3	change_group
11	Can delete group	3	delete_group
12	Can view group	3	view_group
13	Can add content type	4	add_contenttype
14	Can change content type	4	change_contenttype
15	Can delete content type	4	delete_contenttype
16	Can view content type	4	view_contenttype
17	Can add session	5	add_session
18	Can change session	5	change_session
19	Can delete session	5	delete_session
20	Can view session	5	view_session
21	Can add base document	6	add_basedocument
22	Can change base document	6	change_basedocument
23	Can delete base document	6	delete_basedocument
24	Can view base document	6	view_basedocument
25	Can add document file	7	add_documentfile
26	Can change document file	7	change_documentfile
27	Can delete document file	7	delete_documentfile
28	Can view document file	7	view_documentfile
29	Can add reviewer	8	add_reviewer
30	Can change reviewer	8	change_reviewer
31	Can delete reviewer	8	delete_reviewer
32	Can view reviewer	8	view_reviewer
33	Can add file	9	add_file
34	Can change file	9	change_file
35	Can delete file	9	delete_file
36	Can view file	9	view_file
37	Can add user	10	add_user
38	Can change user	10	change_user
39	Can delete user	10	delete_user
40	Can view user	10	view_user
41	Can add status model	11	add_statusmodel
42	Can change status model	11	change_statusmodel
43	Can delete status model	11	delete_statusmodel
44	Can view status model	11	view_statusmodel
45	Can add correspondent	12	add_correspondent
46	Can change correspondent	12	change_correspondent
47	Can delete correspondent	12	delete_correspondent
48	Can view correspondent	12	view_correspondent
49	Can add employee group	13	add_employeegroup
50	Can change employee group	13	change_employeegroup
51	Can delete employee group	13	delete_employeegroup
52	Can view employee group	13	view_employeegroup
53	Can add short description	14	add_shortdescription
54	Can change short description	14	change_shortdescription
55	Can delete short description	14	delete_shortdescription
56	Can view short description	14	view_shortdescription
57	Can add error message	15	add_errormessage
58	Can change error message	15	change_errormessage
59	Can delete error message	15	delete_errormessage
60	Can view error message	15	view_errormessage
61	Can add action model	16	add_actionmodel
62	Can change action model	16	change_actionmodel
63	Can delete action model	16	delete_actionmodel
64	Can view action model	16	view_actionmodel
65	Can add journal	17	add_journal
66	Can change journal	17	change_journal
67	Can delete journal	17	delete_journal
68	Can view journal	17	view_journal
69	Can add document type	18	add_documenttype
70	Can change document type	18	change_documenttype
71	Can delete document type	18	delete_documenttype
72	Can view document type	18	view_documenttype
73	Can add region	19	add_region
74	Can change region	19	change_region
75	Can delete region	19	delete_region
76	Can view region	19	view_region
77	Can add language model	20	add_languagemodel
78	Can change language model	20	change_languagemodel
79	Can delete language model	20	delete_languagemodel
80	Can view language model	20	view_languagemodel
81	Can add district	21	add_district
82	Can change district	21	change_district
83	Can delete district	21	delete_district
84	Can view district	21	view_district
85	Can add priority	22	add_priority
86	Can change priority	22	change_priority
87	Can delete priority	22	delete_priority
88	Can view priority	22	view_priority
89	Can add delivery type	23	add_deliverytype
90	Can change delivery type	23	change_deliverytype
91	Can delete delivery type	23	delete_deliverytype
92	Can view delivery type	23	view_deliverytype
93	Can add action description	24	add_actiondescription
94	Can change action description	24	change_actiondescription
95	Can delete action description	24	delete_actiondescription
96	Can view action description	24	view_actiondescription
97	Can add field action mapping	25	add_fieldactionmapping
98	Can change field action mapping	25	change_fieldactionmapping
99	Can delete field action mapping	25	delete_fieldactionmapping
100	Can view field action mapping	25	view_fieldactionmapping
101	Can add user status	26	add_userstatus
102	Can change user status	26	change_userstatus
103	Can delete user status	26	delete_userstatus
104	Can view user status	26	view_userstatus
105	Can add position	27	add_position
106	Can change position	27	change_position
107	Can delete position	27	delete_position
108	Can view position	27	view_position
109	Can add Company	28	add_company
110	Can change Company	28	change_company
111	Can delete Company	28	delete_company
112	Can view Company	28	view_company
113	Can add department	29	add_department
114	Can change department	29	change_department
115	Can delete department	29	delete_department
116	Can view department	29	view_department
117	Can add receiver	30	add_receiver
118	Can change receiver	30	change_receiver
119	Can delete receiver	30	delete_receiver
120	Can view receiver	30	view_receiver
121	Can add compose status	31	add_composestatus
122	Can change compose status	31	change_composestatus
123	Can delete compose status	31	delete_composestatus
124	Can view compose status	31	view_composestatus
125	Can add compose	32	add_compose
126	Can change compose	32	change_compose
127	Can delete compose	32	delete_compose
128	Can view compose	32	view_compose
129	Can add signer	33	add_signer
130	Can change signer	33	change_signer
131	Can delete signer	33	delete_signer
132	Can view signer	33	view_signer
133	Can add approver	34	add_approver
134	Can change approver	34	change_approver
135	Can delete approver	34	delete_approver
136	Can view approver	34	view_approver
137	Can add assignment	35	add_assignment
138	Can change assignment	35	change_assignment
139	Can delete assignment	35	delete_assignment
140	Can view assignment	35	view_assignment
141	Can add assignee	36	add_assignee
142	Can change assignee	36	change_assignee
143	Can delete assignee	36	delete_assignee
144	Can view assignee	36	view_assignee
145	Can add document sub type	37	add_documentsubtype
146	Can change document sub type	37	change_documentsubtype
147	Can delete document sub type	37	delete_documentsubtype
148	Can view document sub type	37	view_documentsubtype
149	Can add user assistant	38	add_userassistant
150	Can change user assistant	38	change_userassistant
151	Can delete user assistant	38	delete_userassistant
152	Can view user assistant	38	view_userassistant
153	Can add top signer	39	add_topsigner
154	Can change top signer	39	change_topsigner
155	Can delete top signer	39	delete_topsigner
156	Can view top signer	39	view_topsigner
157	Can add comment model	40	add_commentmodel
158	Can change comment model	40	change_commentmodel
159	Can delete comment model	40	delete_commentmodel
160	Can view comment model	40	view_commentmodel
161	Can add compose version model	41	add_composeversionmodel
162	Can change compose version model	41	change_composeversionmodel
163	Can delete compose version model	41	delete_composeversionmodel
164	Can view compose version model	41	view_composeversionmodel
165	Can add project permission	42	add_projectpermission
166	Can change project permission	42	change_projectpermission
167	Can delete project permission	42	delete_projectpermission
168	Can view project permission	42	view_projectpermission
169	Can add user permission	43	add_userpermission
170	Can change user permission	43	change_userpermission
171	Can delete user permission	43	delete_userpermission
172	Can view user permission	43	view_userpermission
173	Can add role model	44	add_rolemodel
174	Can change role model	44	change_rolemodel
175	Can delete role model	44	delete_rolemodel
176	Can view role model	44	view_rolemodel
177	Can add notification type	45	add_notificationtype
178	Can change notification type	45	change_notificationtype
179	Can delete notification type	45	delete_notificationtype
180	Can view notification type	45	view_notificationtype
181	Can add notification model	46	add_notificationmodel
182	Can change notification model	46	change_notificationmodel
183	Can delete notification model	46	delete_notificationmodel
184	Can view notification model	46	view_notificationmodel
185	Can add digital sign info	47	add_digitalsigninfo
186	Can change digital sign info	47	change_digitalsigninfo
187	Can delete digital sign info	47	delete_digitalsigninfo
188	Can view digital sign info	47	view_digitalsigninfo
189	Can add document title	48	add_documenttitle
190	Can change document title	48	change_documenttitle
191	Can delete document title	48	delete_documenttitle
192	Can view document title	48	view_documenttitle
193	Can add calendar model	49	add_calendarmodel
194	Can change calendar model	49	change_calendarmodel
195	Can delete calendar model	49	delete_calendarmodel
196	Can view calendar model	49	view_calendarmodel
197	Can add calendar participant	50	add_calendarparticipant
198	Can change calendar participant	50	change_calendarparticipant
199	Can delete calendar participant	50	delete_calendarparticipant
200	Can view calendar participant	50	view_calendarparticipant
201	Can add chat	51	add_chat
202	Can change chat	51	change_chat
203	Can delete chat	51	delete_chat
204	Can view chat	51	view_chat
205	Can add chat message	52	add_chatmessage
206	Can change chat message	52	change_chatmessage
207	Can delete chat message	52	delete_chatmessage
208	Can view chat message	52	view_chatmessage
209	Can add chat message file	53	add_chatmessagefile
210	Can change chat message file	53	change_chatmessagefile
211	Can delete chat message file	53	delete_chatmessagefile
212	Can view chat message file	53	view_chatmessagefile
213	Can add chat image	54	add_chatimage
214	Can change chat image	54	change_chatimage
215	Can delete chat image	54	delete_chatimage
216	Can view chat image	54	view_chatimage
217	Can add message receiver	55	add_messagereceiver
218	Can change message receiver	55	change_messagereceiver
219	Can delete message receiver	55	delete_messagereceiver
220	Can view message receiver	55	view_messagereceiver
221	Can add chat member	56	add_chatmember
222	Can change chat member	56	change_chatmember
223	Can delete chat member	56	delete_chatmember
224	Can view chat member	56	view_chatmember
\.


--
-- Data for Name: company; Type: TABLE DATA; Schema: public; Owner: postgres
--

COPY public.company (id, created_date, modified_date, name, name_uz, name_ru, name_en, code, address, address_uz, address_ru, address_en, phone, condition, created_by_id, modified_by_id, is_active) FROM stdin;
2	2024-07-21 17:01:30.757496+05	2024-07-21 17:01:30.757525+05	Markaziy bankning Qoraqalpog'iston Respublikasi Bosh boshqarmasi	Markaziy bankning Qoraqalpog'iston Respublikasi Bosh boshqarmasi	      	\N	231000	231000, Qoraqalpog'iston Respublikasii, Nukus shahri, Qoraqalpog'iston ko'chasi, 18-uy	231000, Qoraqalpog'iston Respublikasii, Nukus shahri, Qoraqalpog'iston ko'chasi, 18-uy	231000,  ,  ,  , 18	\N	+998000000000	A	1	1	t
3	2024-07-21 17:02:10.177432+05	2024-07-21 17:02:10.177452+05	Markaziy bankning Andijon viloyat Bosh boshqarmasi	Markaziy bankning Andijon viloyat Bosh boshqarmasi	      	\N	170100	170100, Andijon viloyati, Andijon shahri, Navoiy ko'chasi, 17-uy	170100, Andijon viloyati, Andijon shahri, Navoiy ko'chasi, 17-uy	170100,  ,  ,  , 17	\N	+998000000000	A	1	1	t
4	2024-07-21 17:02:54.785985+05	2024-07-21 17:02:54.786035+05	Markaziy bankning Buxoro viloyat Bosh boshqarmasi	Markaziy bankning Buxoro viloyat Bosh boshqarmasi	      	\N	200114	200114, Buxoro viloyati, Buxoro shahri, Mustaqillik ko'chasi, 28/1-uy	200114, Buxoro viloyati, Buxoro shahri, Mustaqillik ko'chasi, 28/1-uy	200114,  ,  ,  , 28/1	\N	+998000000000	A	1	1	t
5	2024-07-21 17:03:21.736431+05	2024-07-21 17:03:21.736452+05	Markaziy bankning Jizzax viloyat Bosh boshqarmasi	Markaziy bankning Jizzax viloyat Bosh boshqarmasi	      	\N	130100	130100, Jizzax viloyati, Jizzax shahri, Sharof Rashidov shoh ko'chasi, 16-uy	130100, Jizzax viloyati, Jizzax shahri, Sharof Rashidov shoh ko'chasi, 16-uy	130100,  ,  ,  ., 16	\N	+998000000000	A	1	1	t
6	2024-07-21 17:03:50.743304+05	2024-07-21 17:03:50.743325+05	Markaziy bankning Qashqadaryo viloyat Bosh boshqarmasi	Markaziy bankning Qashqadaryo viloyat Bosh boshqarmasi	      	\N	180100	180100, Qashqadaryo viloyati, Qarshi shahri, Mustaqillik ko'chasi, 3-uy	180100, Qashqadaryo viloyati, Qarshi shahri, Mustaqillik ko'chasi, 3-uy	180100,  ,  ,  , 3	\N	+998000000000	A	1	1	t
7	2024-07-21 17:04:17.31351+05	2024-07-21 17:04:17.313531+05	Markaziy bankning Navoiy viloyat Bosh boshqarmasiv	Markaziy bankning Navoiy viloyat Bosh boshqarmasiv	      	\N	210109	210109, Navoiy viloyati, Navoiy shahri, G'alaba ko'chasi, 220-uy	210109, Navoiy viloyati, Navoiy shahri, G'alaba ko'chasi, 220-uy	210109,  ,  ,  , 220	\N	+998000000000	A	1	1	t
8	2024-07-21 17:04:48.777668+05	2024-07-21 17:04:48.777687+05	Markaziy bankning Namangan viloyat Bosh boshqarmasi	Markaziy bankning Namangan viloyat Bosh boshqarmasi	      	\N	160136	160136, Namangan viloyati, Namangan shahri, Boborahim Mashrab ko'chasi, 2-uy	160136, Namangan viloyati, Namangan shahri, Boborahim Mashrab ko'chasi, 2-uy	160136,  ,  ,  ., 2	\N	+998000000000	A	1	1	t
9	2024-07-21 17:05:17.444142+05	2024-07-21 17:05:17.44417+05	Markaziy bankning Samarqand viloyat Bosh boshqarmasi	Markaziy bankning Samarqand viloyat Bosh boshqarmasi	      	\N	140100	140100, Samarqand viloyati, Samarqand shahri, Shoxrux Mirzo ko'chasi, 19-uy	140100, Samarqand viloyati, Samarqand shahri, Shoxrux Mirzo ko'chasi, 19-uy	140100,  ,  ,   , 19	\N	+998000000000	A	1	1	t
11	2024-07-21 17:06:35.018649+05	2024-07-21 17:06:35.01868+05	Markaziy bankning Surxondaryo viloyat Bosh boshqarmasi	Markaziy bankning Surxondaryo viloyat Bosh boshqarmasi	      	\N	190112	190112, Surxondaryo viloyati, Termez shahri, At-Termeziy ko'chasi, 7a-uy	190112, Surxondaryo viloyati, Termez shahri, At-Termeziy ko'chasi, 7a-uy	190112,  ,  ,  -, 7	\N	+998000000000	A	1	1	t
10	2024-07-21 17:05:47.833043+05	2024-07-21 17:07:15.99478+05	Markaziy bankning Sirdaryo viloyat Bosh boshqarmasi	Markaziy bankning Sirdaryo viloyat Bosh boshqarmasi	      	\N	120100	120100, Sirdaryo viloyati, Guliston shahri, O'zbekiston ko'chasi, 93-uy	120100, Sirdaryo viloyati, Guliston shahri, O'zbekiston ko'chasi, 93-uy	120100,  ,  ,  , 93	\N	+998000000000	A	1	1	t
12	2024-07-21 17:07:50.554721+05	2024-07-21 17:07:50.554741+05	Markaziy bankning Toshkent viloyat Bosh boshqarmasi	Markaziy bankning Toshkent viloyat Bosh boshqarmasi	      	\N	100019	100019, Toshkent shahri, Olmazor tumani, Abdulla Qodiriy ko'chasi, 1a-uy	100019, Toshkent shahri, Olmazor tumani, Abdulla Qodiriy ko'chasi, 1a-uy	100019,  ,  ,  ., 1	\N	+998000000000	A	1	1	t
13	2024-07-21 17:08:22.147156+05	2024-07-21 17:08:22.147176+05	Markaziy bankning Farg'ona viloyat Bosh boshqarmasi	Markaziy bankning Farg'ona viloyat Bosh boshqarmasi	      	\N	150100	150100, Farg'ona viloyati, Farg'ona shahri, E'tiqod ko'chasi, 44-uy	150100, Farg'ona viloyati, Farg'ona shahri, E'tiqod ko'chasi, 44-uy	150100,  ,  ,  , 44	\N	+998000000000	A	1	1	t
14	2024-07-21 17:08:50.41159+05	2024-07-21 17:08:50.411619+05	Markaziy bankning Xorazm viloyat Bosh boshqarmasi	Markaziy bankning Xorazm viloyat Bosh boshqarmasi	      	\N	220100	220100, Xorazm viloyati, Urganch shahri, Tinchlik ko'chasi, 20-uy	220100, Xorazm viloyati, Urganch shahri, Tinchlik ko'chasi, 20-uy	220100,  ,  ,  , 20	\N	+998000000000	A	1	1	t
15	2024-07-21 17:09:17.34789+05	2024-07-21 17:09:17.347911+05	Markaziy bankning Toshkent shahar Bosh boshqarmasi	Markaziy bankning Toshkent shahar Bosh boshqarmasi	      	\N	100001	100001, Toshkent shahri, Mirobod tumani, I.Karimov ko'chasi, 6-uy	100001, Toshkent shahri, Mirobod tumani, I.Karimov ko'chasi, 6-uy	100001,  ,  ,  ., 6	\N	+998000000000	A	1	1	t
16	2024-07-21 17:15:42.35525+05	2024-07-21 17:15:42.355274+05	Markaziy bankning Bosh boshqarmasi	Markaziy bankning Bosh boshqarmasi	   	\N	100002	100002, Toshkent shahri, Mirobod tumani, I.Karimov ko'chasi, 6-uy	100002, Toshkent shahri, Mirobod tumani, I.Karimov ko'chasi, 6-uy	100002,  ,  ,  ., 6	\N	+998000000000	A	1	1	t
\.


--
-- Data for Name: company_department; Type: TABLE DATA; Schema: public; Owner: postgres
--

COPY public.company_department (id, created_date, modified_date, name, name_uz, name_ru, name_en, code, parent_code, condition, company_id, created_by_id, modified_by_id, parent_id, sub_department_count, is_active) FROM stdin;
14	2024-07-21 17:21:05.456439+05	2024-07-21 17:21:05.463978+05	Moliyaviy ta'minlash va nazorat qilish boshqarmasi	Moliyaviy ta'minlash va nazorat qilish boshqarmasi	     	\N	21	2	A	16	1	1	13	0	t
10	2024-07-21 17:16:51.466642+05	2024-07-21 17:16:51.482348+05	Makroiqtisodiy modellashtirish va tahlil boshqarmasi	Makroiqtisodiy modellashtirish va tahlil boshqarmasi	    	\N	11	1	A	16	1	1	9	0	t
23	2024-07-21 17:25:26.015726+05	2024-07-21 17:25:26.026736+05	Xalqaro moliya tashkilotlari bilan ishlash bolimi	Xalqaro moliya tashkilotlari bilan ishlash bolimi	      	\N	321	32	A	16	1	1	22	0	t
11	2024-07-21 17:18:34.405572+05	2024-07-21 17:18:34.414815+05	Inflyatsiyani tahlil qilish va inflyatsion kutilmalarni organish boshqarmasiv	Inflyatsiyani tahlil qilish va inflyatsion kutilmalarni organish boshqarmasiv	      	\N	12	1	A	16	1	1	9	0	t
15	2024-07-21 17:21:28.070118+05	2024-07-21 17:21:28.077014+05	Markaziy bank huzuridagi tashkilotlarning moliyaviy faoliyatini nazorat qilish boshqarmasi	Markaziy bank huzuridagi tashkilotlarning moliyaviy faoliyatini nazorat qilish boshqarmasi	         	\N	22	2	A	16	1	1	13	0	t
25	2024-07-21 17:28:49.651484+05	2024-07-21 17:28:49.663767+05	Bank Rahbariyati	Bank Rahbariyati	 	\N	100	0	A	16	1	1	\N	0	t
12	2024-07-21 17:19:13.650776+05	2024-07-21 17:19:13.659216+05	Pul-kredit siyosatini ishlab chiqish va tahlil qilish boshqarmasi	Pul-kredit siyosatini ishlab chiqish va tahlil qilish boshqarmasi	    - 	\N	13	1	A	16	1	1	9	0	t
16	2024-07-21 17:21:47.794466+05	2024-07-21 17:21:47.801748+05	Mehnat va ish haqi boshqarmasi	Mehnat va ish haqi boshqarmasi	    	\N	23	2	A	16	1	1	13	0	t
17	2024-07-21 17:22:12.40489+05	2024-07-21 17:22:12.413275+05	Marketing boshqarmasi	Marketing boshqarmasi	 	\N	24	2	A	16	1	1	13	0	t
21	2024-07-21 17:24:33.839581+05	2024-07-21 17:24:33.847958+05	Protokol boshqarmasi	Protokol boshqarmasi	 	\N	31	3	A	16	1	1	20	0	t
24	2024-07-21 17:25:57.542834+05	2024-07-21 17:25:57.550464+05	Xalqaro integratsion tashkilotlar bilan ishlash bolimi	Xalqaro integratsion tashkilotlar bilan ishlash bolimi	      	\N	322	32	A	16	1	1	22	0	t
22	2024-07-21 17:24:53.456943+05	2024-07-21 17:25:57.562637+05	Xalqaro hamkorlik boshqarmasi	Xalqaro hamkorlik boshqarmasi	  	\N	32	3	A	16	1	1	20	2	t
13	2024-07-21 17:20:24.504929+05	2024-07-23 19:36:56.70945+05	 	Moliyaiqtisod departamenti	 	\N	200	0	A	16	1	1	\N	4	t
9	2024-07-21 17:16:16.787055+05	2024-07-23 19:37:04.870055+05	  	Pulkredit siyosati departamenti	  	\N	110	0	A	16	1	1	\N	3	t
20	2024-07-21 17:24:11.544798+05	2024-07-23 19:37:09.650556+05	  	Xalqaro hamkorlik departamenti	  	\N	300	0	A	16	1	1	\N	4	t
\.


--
-- Data for Name: company_position; Type: TABLE DATA; Schema: public; Owner: postgres
--

COPY public.company_position (id, created_date, modified_date, name, name_uz, name_ru, name_en, code, created_by_id, modified_by_id, is_active) FROM stdin;
3	2024-07-21 17:10:03.658034+05	2024-07-21 17:10:03.658064+05	Markaziy bank Raisi	Markaziy bank Raisi	  	\N	1	1	1	t
4	2024-07-21 17:10:14.180803+05	2024-07-21 17:10:14.180824+05	Raisning birinchi orinbosari	Raisning birinchi orinbosari	  	\N	2	1	1	t
5	2024-07-21 17:10:26.571555+05	2024-07-21 17:10:26.571577+05	Rais orinbosari	Rais orinbosari	 	\N	3	1	1	t
6	2024-07-21 17:10:57.004739+05	2024-07-21 17:10:57.004761+05	Departament direktori	Departament direktori	 	\N	4	1	1	t
7	2024-07-21 17:11:31.211915+05	2024-07-21 17:11:31.211934+05	Departament direktori orinbosari	Departament direktori orinbosari	  	\N	5	1	1	t
8	2024-07-21 17:11:47.346873+05	2024-07-21 17:11:47.3469+05	Boshqarma Boshligi	Boshqarma Boshligi	 	\N	6	1	1	t
9	2024-07-21 17:12:19.013367+05	2024-07-21 17:12:19.013387+05	Boshqarma Boshligi orinbosari	Boshqarma Boshligi orinbosari	  	\N	7	1	1	t
10	2024-07-21 17:12:44.109786+05	2024-07-21 17:12:44.109805+05	Bolim Boshligi	Bolim Boshligi	 	\N	8	1	1	t
11	2024-07-21 17:12:56.052389+05	2024-07-21 17:12:56.052414+05	Bosh mutaxassis	Bosh mutaxassis	 	\N	9	1	1	t
12	2024-07-21 17:13:11.50082+05	2024-07-21 17:13:11.500842+05	Yetakchi mutaxassis	Yetakchi mutaxassis	 	\N	10	1	1	t
\.


--
-- Data for Name: compose_approver; Type: TABLE DATA; Schema: public; Owner: postgres
--

COPY public.compose_approver (id, created_date, modified_date, is_approved, comment, action_date, compose_id, created_by_id, modified_by_id, user_id, is_active) FROM stdin;
30	2023-09-28 10:59:12.91029+05	2023-10-05 18:36:15.510175+05	t	\N	2023-10-05 18:36:15.508152+05	10	1	1	1	t
26	2023-09-27 17:29:37.803633+05	2024-07-19 17:58:47.707801+05	t	\N	2024-07-19 17:58:47.706133+05	9	1	1	1	t
25	2023-09-27 17:29:37.799626+05	2023-09-27 17:57:26.772883+05	\N	\N	\N	9	1	1	\N	t
29	2023-09-28 10:59:12.905636+05	2023-10-05 18:38:15.346861+05	f	hello world	2023-10-05 18:38:15.345063+05	10	1	\N	\N	t
23	2023-09-27 17:29:37.788925+05	2023-09-27 17:57:26.765652+05	\N	\N	\N	9	1	1	\N	t
27	2023-09-28 10:59:12.895624+05	2023-09-28 10:59:12.89564+05	\N	\N	\N	10	1	1	\N	t
24	2023-09-27 17:29:37.794191+05	2023-09-27 17:57:26.769389+05	\N	\N	\N	9	1	1	\N	t
28	2023-09-28 10:59:12.900798+05	2023-09-28 10:59:12.900813+05	\N	\N	\N	10	1	1	\N	t
\.


--
-- Data for Name: compose_compose; Type: TABLE DATA; Schema: public; Owner: postgres
--

COPY public.compose_compose (id, created_date, modified_date, content, register_number, register_date, type, sub_type, author_id, company_id, created_by_id, document_type_id, journal_id, modified_by_id, receiver_id, sender_id, status_id, short_description, curator_id, registered_document_id, replied_document_id, is_active, title_id, check_id, is_deleted) FROM stdin;
9	2023-09-27 17:29:37.77016+05	2023-09-27 17:57:26.758573+05	<p>Lorem ipsum Lorem ipsum Lorem ipsum Lorem ipsum Lorem ipsum Lorem ipsum Lorem ipsum Lorem ipsum Lorem ipsum Lorem ipsum Lorem ipsum Lorem ipsum Lorem ipsum Lorem ipsum Lorem ipsum Lorem ipsum Lorem ipsum Lorem ipsum Lorem ipsum Lorem ipsum Lorem ipsum Lorem ipsum Lorem ipsum Lorem ipsum Lorem ipsum Lorem ipsum Lorem ipsum Lorem ipsum Lorem ipsum Lorem ipsum Lorem ipsum Lorem ipsum Lorem ipsum Lorem ipsum Lorem ipsum Lorem ipsum&nbsp;</p>	7777	\N	service_letter	service_letter	1	\N	1	2	2	1	5	\N	1	Short descriptions	\N	\N	\N	t	\N	\N	f
10	2023-09-28 10:59:12.876473+05	2023-09-28 10:59:12.888172+05	<p>sadsadsadsadasdasd</p>	5555	\N	service_letter	service_letter	1	\N	1	1	2	1	6	\N	1	Short	\N	\N	\N	t	\N	\N	f
\.


--
-- Data for Name: compose_compose_files; Type: TABLE DATA; Schema: public; Owner: postgres
--

COPY public.compose_compose_files (id, compose_id, file_id) FROM stdin;
\.


--
-- Data for Name: compose_composestatus; Type: TABLE DATA; Schema: public; Owner: postgres
--

COPY public.compose_composestatus (id, created_date, modified_date, name, is_default, is_draft, created_by_id, modified_by_id, name_en, name_ru, name_uz, is_approve, is_active, declined_from_approver, declined_from_signer) FROM stdin;
1	2023-08-26 15:03:58.201+05	2023-08-26 15:03:58.201+05	Pending	t	f	1	1	Pending	 	Kutish jarayonida	f	t	f	f
2	2023-08-26 15:04:35.061+05	2023-08-26 15:04:35.061+05	Draft	f	t	1	1	Draft		Qoralama	f	t	f	f
3	2023-08-26 15:05:11.83+05	2023-08-26 15:05:11.83+05	For registration	f	f	1	1	For registration	 	Ro'yxatdan o'tish uchun	f	t	f	f
4	2023-08-26 15:05:40.228+05	2023-08-26 15:05:40.228+05	Declined	f	f	1	1	Declined		Rad etildi	f	t	f	f
5	2023-08-26 15:07:04.716+05	2023-08-26 15:08:25.561+05	Approved	f	f	1	1	Approved		Tasdiqlandi	t	t	f	f
\.


--
-- Data for Name: compose_composeversionmodel; Type: TABLE DATA; Schema: public; Owner: postgres
--

COPY public.compose_composeversionmodel (id, created_date, modified_date, old_text, new_text, object_id, content_type_id, created_by_id, modified_by_id, is_active) FROM stdin;
\.


--
-- Data for Name: compose_receiver; Type: TABLE DATA; Schema: public; Owner: postgres
--

COPY public.compose_receiver (id, created_date, modified_date, created_by_id, modified_by_id, type, is_active) FROM stdin;
1	2023-09-06 14:32:55.202823+05	2023-09-06 14:32:55.202851+05	\N	\N	departments	t
2	2023-09-06 14:34:58.185004+05	2023-09-06 14:34:58.185031+05	\N	\N	departments	t
3	2023-09-06 14:36:18.739933+05	2023-09-06 14:36:18.740019+05	\N	\N	departments	t
4	2023-09-08 12:01:44.326378+05	2023-09-08 12:01:44.3264+05	\N	\N	departments	t
5	2023-09-27 17:29:37.772075+05	2023-09-27 17:29:37.772095+05	1	1	departments	t
6	2023-09-28 10:59:12.878771+05	2023-09-28 10:59:12.878792+05	1	1	departments	t
\.


--
-- Data for Name: compose_receiver_companies; Type: TABLE DATA; Schema: public; Owner: postgres
--

COPY public.compose_receiver_companies (id, receiver_id, company_id) FROM stdin;
\.


--
-- Data for Name: compose_receiver_departments; Type: TABLE DATA; Schema: public; Owner: postgres
--

COPY public.compose_receiver_departments (id, receiver_id, department_id) FROM stdin;
\.


--
-- Data for Name: compose_receiver_organizations; Type: TABLE DATA; Schema: public; Owner: postgres
--

COPY public.compose_receiver_organizations (id, receiver_id, correspondent_id) FROM stdin;
\.


--
-- Data for Name: compose_signer; Type: TABLE DATA; Schema: public; Owner: postgres
--

COPY public.compose_signer (id, created_date, modified_date, is_signed, comment, is_all_approved, action_date, compose_id, created_by_id, modified_by_id, user_id, is_active, certificate_info, pkcs7, type) FROM stdin;
25	2023-09-27 17:55:12.706564+05	2023-09-27 17:57:26.781679+05	\N	\N	t	\N	9	1	1	\N	t	\N	\N	signer
26	2023-09-28 10:59:12.91546+05	2023-09-28 10:59:12.915478+05	\N	\N	\N	\N	10	1	1	\N	t	\N	\N	signer
\.


--
-- Data for Name: django_admin_log; Type: TABLE DATA; Schema: public; Owner: postgres
--

COPY public.django_admin_log (id, action_time, object_id, object_repr, action_flag, change_message, content_type_id, user_id) FROM stdin;
1	2023-08-07 16:00:08.239254+05	1	test	2	[{"changed": {"fields": ["First name", "Last name"]}}]	10	1
2	2023-08-07 16:12:28.167729+05	1	None	1	[{"added": {}}]	6	1
3	2023-08-07 16:12:51.166973+05	1	12/1219	2	[{"changed": {"fields": ["Code", "Grif", "Register number", "Outgoing number"]}}]	6	1
4	2023-08-09 18:11:36.553825+05	7		3		11	1
5	2023-08-09 18:11:36.55501+05	6		3		11	1
6	2023-08-09 18:11:36.555624+05	5		3		11	1
7	2023-08-09 18:11:36.55628+05	4		3		11	1
8	2023-08-09 18:11:36.556837+05	3		3		11	1
9	2023-08-09 18:11:36.557377+05	2		3		11	1
10	2023-08-09 18:11:36.557967+05	1		3		11	1
11	2023-08-09 18:12:29.528648+05	1	12/1219	2	[{"changed": {"fields": ["Delivery type", "Priority", "Document type", "Journal", "Language"]}}]	6	1
12	2023-08-09 18:12:52.83712+05	8	TO DO	1	[{"added": {}}]	11	1
13	2023-08-09 18:13:08.165729+05	9	IN PROGRESS	1	[{"added": {}}]	11	1
14	2023-08-09 18:13:23.644312+05	10	ON HOLD	1	[{"added": {}}]	11	1
15	2023-08-09 18:13:37.827075+05	11	FOR SIGNATURE	1	[{"added": {}}]	11	1
16	2023-08-09 18:13:51.867189+05	12	ON REVIEW	1	[{"added": {}}]	11	1
17	2023-08-09 18:14:02.290499+05	13	DONE	1	[{"added": {}}]	11	1
18	2023-08-09 18:14:05.985469+05	1	physical	1	[{"added": {}}]	12	1
19	2023-08-09 18:14:10.46051+05	14	CANCEL	1	[{"added": {}}]	11	1
20	2023-08-09 18:14:56.00171+05	1	12/1219	2	[{"changed": {"fields": ["Correspondent", "Register date", "Outgoing date"]}}]	6	1
21	2023-08-10 12:13:35.21332+05	1	12/1219	1	[{"added": {}}]	8	1
22	2023-08-10 12:13:50.931604+05	2	12/1219	1	[{"added": {}}]	8	1
23	2023-08-10 12:14:08.644506+05	3	12/1219	1	[{"added": {}}]	8	1
24	2023-08-10 12:14:13.611304+05	2	12/1219	2	[{"changed": {"fields": ["Status"]}}]	8	1
25	2023-08-10 16:41:59.563623+05	2		1	[{"added": {}}]	18	1
26	2023-08-10 17:15:01.349545+05	2	19/20	1	[{"added": {}}]	6	1
27	2023-08-10 17:15:28.76858+05	4	19/20	1	[{"added": {}}]	8	1
28	2023-08-10 17:15:39.273017+05	5	19/20	1	[{"added": {}}]	8	1
29	2023-08-10 17:15:53.923698+05	6	19/20	1	[{"added": {}}]	8	1
30	2023-08-10 17:16:06.948479+05	7	19/20	1	[{"added": {}}]	8	1
31	2023-08-10 17:32:39.832701+05	3		3		22	1
32	2023-08-10 17:32:39.833978+05	2		3		22	1
33	2023-08-10 17:32:39.834713+05	1		3		22	1
34	2023-08-10 17:33:24.108958+05	4		1	[{"added": {}}]	22	1
35	2023-08-10 17:33:35.632162+05	5		1	[{"added": {}}]	22	1
36	2023-08-10 17:33:42.799174+05	2	19/20	2	[{"changed": {"fields": ["Priority"]}}]	6	1
37	2023-08-10 17:33:43.592932+05	6		1	[{"added": {}}]	22	1
38	2023-08-10 17:33:53.841655+05	1	12/1219	2	[{"changed": {"fields": ["Priority"]}}]	6	1
39	2023-08-10 17:34:11.87842+05	1	Qo'lda	2	[{"changed": {"fields": ["Name [uz]", "Name [en]"]}}]	23	1
40	2023-08-11 15:49:13.788906+05	8	TO DO	2	[{"changed": {"fields": ["Is default"]}}]	11	1
41	2023-08-11 16:06:23.776393+05	2	Ru	2	[{"changed": {"fields": ["Name [uz]", "Name [en]"]}}]	20	1
42	2023-08-11 16:06:39.457472+05	1		3		20	1
43	2023-08-11 16:06:46.837622+05	3	Uz	1	[{"added": {}}]	20	1
44	2023-08-11 16:38:32.152396+05	2		1	[{"added": {}}]	17	1
45	2023-08-11 16:45:34.735416+05	3		1	[{"added": {}}]	17	1
46	2023-08-11 16:45:55.53334+05	4		1	[{"added": {}}]	17	1
47	2023-08-11 16:46:08.138113+05	5	  	1	[{"added": {}}]	17	1
48	2023-08-11 16:46:19.367834+05	6		1	[{"added": {}}]	17	1
49	2023-08-11 18:39:37.000961+05	6		3		17	1
50	2023-08-11 18:40:27.051404+05	7		1	[{"added": {}}]	17	1
51	2023-08-26 11:53:13.546277+05	1	Head Office	1	[{"added": {}}]	28	1
52	2023-09-19 16:56:01.08103+05	1	Ki	2	[{"changed": {"fields": ["Name [uz]"]}}]	17	1
53	2023-09-19 16:56:39.175366+05	1	Incoming	2	[{"changed": {"fields": ["Name [uz]", "Name [ru]", "Name [en]", "Is auto numbered"]}}]	17	1
54	2023-09-21 18:39:28.309367+05	1	1	1	[{"added": {}}]	38	1
55	2023-09-21 18:39:38.28865+05	2	2	1	[{"added": {}}]	38	1
56	2023-09-22 09:37:46.397935+05	38	 	1	[{"added": {}}]	24	1
57	2023-09-22 11:14:48.339296+05	1	1	3		38	1
58	2023-09-25 14:01:07.803289+05	1	1	1	[{"added": {}}]	39	1
59	2023-09-25 15:40:46.933339+05	2		2	[{"changed": {"fields": ["Name [uz]", "Name [ru]", "Name [en]"]}}]	18	1
60	2023-09-25 15:42:26.134805+05	1		2	[{"changed": {"fields": ["Name [uz]", "Name [ru]", "Name [en]", "Journal"]}}]	18	1
61	2023-09-27 11:56:35.003103+05	32	Muhammad Odinayev Komil o'gli	2	[{"changed": {"fields": ["Is read", "Read time"]}}]	8	1
62	2023-09-27 12:07:54.444356+05	32	Muhammad Odinayev Komil o'gli	2	[{"changed": {"fields": ["Is read", "Read time"]}}]	8	1
63	2023-09-27 14:47:51.42575+05	8	service_letter	3		32	1
64	2023-09-27 14:47:51.42745+05	7	service_letter	3		32	1
65	2023-09-27 14:47:51.428333+05	6	service_letter	3		32	1
66	2023-09-27 14:47:51.429003+05	5	service_letter	3		32	1
67	2023-09-27 14:47:51.429733+05	4	notice	3		32	1
68	2023-09-27 14:47:51.430339+05	3	notice	3		32	1
69	2023-09-27 14:47:51.430941+05	2	notice	3		32	1
70	2023-09-27 14:47:51.431539+05	1	notice	3		32	1
71	2023-10-10 15:57:55.730589+05	1	1	1	[{"added": {}}]	43	1
72	2023-10-10 16:07:19.44705+05	10	 	2	[{"changed": {"fields": ["Content type"]}}]	42	1
73	2023-10-11 16:38:25.983637+05	1	 	1	[{"added": {}}]	27	1
74	2023-10-11 16:38:36.79106+05	3	A'zamjon Qirg'izboyev	2	[{"changed": {"fields": ["Username", "First name", "Last name", "Father name", "Company", "Department", "Position"]}}]	10	1
75	2023-10-11 17:06:37.818203+05	2	Muhammad Odinayev	2	[{"changed": {"fields": ["Company", "Department", "Position"]}}]	10	1
76	2023-10-11 17:07:37.14635+05	2	 	1	[{"added": {}}]	27	1
77	2023-10-11 17:07:42.473414+05	4	Azizbek G'aybullayev	2	[{"changed": {"fields": ["Company", "Department", "Position"]}}]	10	1
78	2023-10-11 17:07:57.957179+05	1	Toshmat Eshmatov	2	[{"changed": {"fields": ["Company", "Department", "Position"]}}]	10	1
79	2023-10-16 10:02:53.990258+05	5	None None	1	[{"added": {}}]	10	1
80	2023-10-16 10:14:53.403794+05	5	Rais Bankov	2	[{"changed": {"fields": ["First name", "Last name"]}}]	10	1
81	2023-10-16 10:15:25.993029+05	6	None None	1	[{"added": {}}]	10	1
82	2023-10-16 10:15:42.321739+05	6	Zampred Bankov	2	[{"changed": {"fields": ["First name", "Last name"]}}]	10	1
83	2023-10-16 10:16:05.253791+05	7	None None	1	[{"added": {}}]	10	1
84	2023-10-16 10:17:36.623643+05	7	Dirjon Davronov	2	[{"changed": {"fields": ["First name", "Last name"]}}]	10	1
85	2024-07-13 13:29:15.057464+05	1	Toshmat Eshmatov	2	[{"changed": {"fields": ["Username"]}}]	10	1
86	2024-07-21 17:42:48.618506+05	1	At work	1	[{"added": {}}]	26	1
87	2024-07-21 17:43:35.257608+05	2	On vacation	1	[{"added": {}}]	26	1
88	2024-07-21 17:44:08.359988+05	3	Sick leave	1	[{"added": {}}]	26	1
89	2024-07-22 12:59:12.854603+05	1	Incoming	2	[{"changed": {"fields": ["Code"]}}]	17	1
90	2024-07-22 12:59:24.821178+05	2	Ichki	2	[{"changed": {"fields": ["Code"]}}]	17	1
91	2024-07-22 12:59:29.476559+05	3	Chiquvchi	2	[{"changed": {"fields": ["Code"]}}]	17	1
92	2024-07-22 12:59:36.791906+05	4	Murojaat	2	[{"changed": {"fields": ["Code"]}}]	17	1
93	2024-07-22 12:59:44.001044+05	5	Buyruqlar va farmoyishlar	2	[{"changed": {"fields": ["Code"]}}]	17	1
94	2024-07-22 12:59:51.775797+05	7	Arizalar	2	[{"changed": {"fields": ["Code"]}}]	17	1
95	2024-07-25 09:44:13.094269+05	8	Zampred Banka	2	[{"changed": {"fields": ["Username"]}}]	10	1
96	2024-07-25 09:45:15.880427+05	4	Azizbek G'aybullayev	2	[{"changed": {"fields": ["Username"]}}]	10	1
97	2024-07-25 09:47:31.114252+05	9	test test	2	[{"changed": {"fields": ["Phone"]}}]	10	1
98	2024-07-25 09:47:39.244714+05	4	Azizbek G'aybullayev	2	[{"changed": {"fields": ["Phone"]}}]	10	1
99	2024-07-27 14:06:33.355425+05	5	Akmal Ikromov	2	[{"changed": {"fields": ["Username"]}}]	10	1
100	2024-07-27 14:07:24.336415+05	5	Akmal Ikromov	2	[]	10	1
101	2024-07-27 14:29:12.214195+05	133	Eshmatov Toshmat	2	[{"changed": {"fields": ["Is read"]}}]	8	1
102	2024-07-27 14:30:00.400979+05	133	Eshmatov Toshmat	2	[{"changed": {"fields": ["Read time"]}}]	8	1
103	2024-07-27 14:36:16.308999+05	133	Eshmatov Toshmat	2	[{"changed": {"fields": ["Is read", "Read time"]}}]	8	1
\.


--
-- Data for Name: django_content_type; Type: TABLE DATA; Schema: public; Owner: postgres
--

COPY public.django_content_type (id, app_label, model) FROM stdin;
1	admin	logentry
2	auth	permission
3	auth	group
4	contenttypes	contenttype
5	sessions	session
6	docflow	basedocument
7	docflow	documentfile
8	docflow	reviewer
9	document	file
10	user	user
11	reference	statusmodel
12	reference	correspondent
13	reference	employeegroup
14	reference	shortdescription
15	reference	errormessage
16	reference	actionmodel
17	reference	journal
18	reference	documenttype
19	reference	region
20	reference	languagemodel
21	reference	district
22	reference	priority
23	reference	deliverytype
24	reference	actiondescription
25	reference	fieldactionmapping
26	user	userstatus
27	company	position
28	company	company
29	company	department
30	compose	receiver
31	compose	composestatus
32	compose	compose
33	compose	signer
34	compose	approver
35	docflow	assignment
36	docflow	assignee
37	reference	documentsubtype
38	user	userassistant
39	user	topsigner
40	reference	commentmodel
41	compose	composeversionmodel
42	user	projectpermission
43	user	userpermission
44	user	rolemodel
45	user	notificationtype
46	user	notificationmodel
47	reference	digitalsigninfo
48	reference	documenttitle
49	wcalendar	calendarmodel
50	wcalendar	calendarparticipant
51	wchat	chat
52	wchat	chatmessage
53	wchat	chatmessagefile
54	wchat	chatimage
55	wchat	messagereceiver
56	wchat	chatmember
\.


--
-- Data for Name: django_migrations; Type: TABLE DATA; Schema: public; Owner: postgres
--

COPY public.django_migrations (id, app, name, applied) FROM stdin;
1	user	0001_initial	2023-08-07 14:02:51.733661+05
2	contenttypes	0001_initial	2023-08-07 14:02:51.748252+05
3	admin	0001_initial	2023-08-07 14:02:51.779069+05
4	admin	0002_logentry_remove_auto_add	2023-08-07 14:02:51.785251+05
5	admin	0003_logentry_add_action_flag_choices	2023-08-07 14:02:51.791732+05
6	contenttypes	0002_remove_content_type_name	2023-08-07 14:02:51.84556+05
7	auth	0001_initial	2023-08-07 14:02:51.910976+05
8	auth	0002_alter_permission_name_max_length	2023-08-07 14:02:51.920117+05
9	auth	0003_alter_user_email_max_length	2023-08-07 14:02:51.927427+05
10	auth	0004_alter_user_username_opts	2023-08-07 14:02:51.934332+05
11	auth	0005_alter_user_last_login_null	2023-08-07 14:02:51.941341+05
12	auth	0006_require_contenttypes_0002	2023-08-07 14:02:51.944035+05
13	auth	0007_alter_validators_add_error_messages	2023-08-07 14:02:51.951155+05
14	auth	0008_alter_user_username_max_length	2023-08-07 14:02:51.957818+05
15	auth	0009_alter_user_last_name_max_length	2023-08-07 14:02:51.965122+05
16	auth	0010_alter_group_name_max_length	2023-08-07 14:02:51.975129+05
17	auth	0011_update_proxy_permissions	2023-08-07 14:02:51.984244+05
18	auth	0012_alter_user_first_name_max_length	2023-08-07 14:02:51.990259+05
19	reference	0001_initial	2023-08-07 14:02:52.015393+05
20	reference	0002_correspondent	2023-08-07 14:02:52.053492+05
21	reference	0003_employeegroup	2023-08-07 14:02:52.105522+05
22	reference	0004_shortdescription	2023-08-07 14:02:52.132284+05
23	reference	0005_statusmodel_name_en_statusmodel_name_ru	2023-08-07 14:02:52.15527+05
24	reference	0006_statusmodel_description_en_and_more	2023-08-07 14:02:52.179276+05
25	reference	0007_statusmodel_description_uz_statusmodel_name_uz	2023-08-07 14:02:52.200037+05
26	reference	0008_errormessage	2023-08-07 14:02:52.23417+05
27	reference	0009_remove_errormessage_message_en_and_more	2023-08-07 14:02:52.269436+05
28	reference	0010_errormessage_message_en_statusmodel_description_en_and_more	2023-08-07 14:02:52.304627+05
29	reference	0011_shortdescription_description_en_and_more	2023-08-07 14:02:52.336425+05
30	reference	0012_actionmodel	2023-08-07 14:02:52.378114+05
31	reference	0013_alter_correspondent_tin	2023-08-07 14:02:52.399754+05
32	reference	0014_journal_documenttype	2023-08-07 14:02:52.470785+05
33	reference	0015_region_languagemodel_district	2023-08-07 14:02:52.573382+05
34	reference	0016_priority_deliverytype	2023-08-07 14:02:52.649136+05
35	reference	0017_alter_priority_options_deliverytype_name_en_and_more	2023-08-07 14:02:52.785934+05
36	document	0001_initial	2023-08-07 14:02:52.795723+05
37	docflow	0001_initial	2023-08-07 14:02:52.870304+05
38	docflow	0002_basedocument_grif	2023-08-07 14:02:52.8957+05
39	docflow	0003_documentfile	2023-08-07 14:02:52.942706+05
40	docflow	0004_remove_documentfile_name_alter_documentfile_document_and_more	2023-08-07 14:02:53.092022+05
41	docflow	0005_reviewer	2023-08-07 14:02:53.149663+05
42	docflow	0006_alter_documentfile_document_alter_reviewer_document_and_more	2023-08-07 14:02:53.258811+05
43	reference	0018_actiondescription	2023-08-07 14:02:53.311819+05
44	reference	0019_actiondescription_code	2023-08-07 14:02:53.337692+05
45	reference	0020_alter_actiondescription_code	2023-08-07 14:02:53.370168+05
46	reference	0021_alter_actiondescription_description_and_more	2023-08-07 14:02:53.463866+05
47	reference	0022_remove_actionmodel_description	2023-08-07 14:02:53.493914+05
48	reference	0023_actionmodel_description	2023-08-07 14:02:53.529098+05
49	reference	0024_fieldactionmapping	2023-08-07 14:02:53.58855+05
50	reference	0025_alter_district_region	2023-08-07 14:02:53.619421+05
51	sessions	0001_initial	2023-08-07 14:02:53.637005+05
52	user	0002_user_groups_user_user_permissions	2023-08-07 14:02:53.740113+05
53	user	0003_user_date_joined_alter_user_last_login	2023-08-07 14:02:53.800795+05
54	user	0004_user_created_by_user_created_date_user_modified_by_and_more	2023-08-07 14:02:54.001696+05
55	user	0005_user_color	2023-08-07 14:02:54.033256+05
56	user	0006_remove_user_is_active_user_is_user_active	2023-08-07 14:02:54.091326+05
57	docflow	0007_alter_documentfile_document_alter_reviewer_document	2023-08-11 15:08:54.157728+05
58	docflow	0008_alter_reviewer_status	2023-08-11 15:55:47.831617+05
59	document	0002_file_created_by_file_created_date_file_modified_by_and_more	2023-08-20 15:01:36.753286+05
60	company	0001_initial	2023-08-26 11:51:51.966064+05
61	company	0002_position	2023-08-26 11:51:52.041827+05
62	company	0003_department	2023-08-26 11:51:52.139296+05
63	user	0007_user_company_user_department_user_position_and_more	2023-08-26 11:51:52.378622+05
64	user	0008_alter_userstatus_options_user_begin_work_date_and_more	2023-08-26 11:58:28.074634+05
65	reference	0026_documenttype_is_for_compose_journal_is_for_compose	2023-08-26 16:00:05.398065+05
66	compose	0001_initial	2023-08-26 16:00:05.828099+05
67	compose	0002_compose_short_description_composestatus_name_en_and_more	2023-08-26 16:00:06.192428+05
68	compose	0003_alter_approver_compose_alter_signer_compose	2023-08-26 16:00:06.36904+05
69	compose	0004_alter_compose_sub_type_alter_compose_type	2023-08-26 16:00:06.450912+05
70	compose	0005_compose_files_alter_compose_sub_type_and_more	2023-08-26 16:00:06.620872+05
71	compose	0006_composestatus_is_approve	2023-08-26 16:00:06.658758+05
72	docflow	0009_basedocument_status	2023-08-26 17:34:09.621284+05
73	compose	0007_alter_composestatus_options_receiver_type	2023-09-06 09:02:35.335084+05
74	docflow	0010_reviewer_is_read_assignment_assignee	2023-09-09 18:41:28.880285+05
75	docflow	0011_alter_assignee_assignment	2023-09-09 18:41:28.941781+05
76	docflow	0012_assignee_files	2023-09-10 18:38:25.826243+05
77	docflow	0013_assignee_parent	2023-09-10 18:38:25.912387+05
78	reference	0027_documentsubtype	2023-09-18 18:01:57.681545+05
79	user	0009_userassistant	2023-09-18 18:10:30.53245+05
80	compose	0008_compose_curator_alter_compose_author	2023-09-19 15:56:55.30459+05
81	reference	0028_documenttype_name_en_documenttype_name_ru_and_more	2023-09-19 15:56:55.807014+05
82	reference	0029_alter_deliverytype_name_alter_deliverytype_name_en_and_more	2023-09-19 15:56:58.190113+05
83	user	0010_topsigner	2023-09-19 15:56:58.336636+05
84	reference	0030_commentmodel	2023-09-22 12:07:16.27418+05
85	compose	0009_compose_registered_document_compose_replied_document	2023-09-25 17:11:37.215194+05
86	compose	0010_composeversionmodel	2023-09-25 17:11:37.342726+05
87	user	0011_projectpermission_userpermission	2023-09-26 19:06:03.225258+05
88	user	0012_projectpermission_content_type	2023-09-26 19:06:03.305377+05
89	user	0013_projectpermission_methods_projectpermission_url_path_and_more	2023-10-11 18:41:30.858503+05
90	user	0014_rolemodel	2023-10-11 18:41:30.975033+05
91	user	0015_user_role	2023-10-11 18:41:31.143333+05
92	docflow	0014_basedocument_number_of_papers	2023-11-01 11:06:06.871728+05
93	document	0003_file_department	2023-11-30 19:31:20.263555+05
94	company	0004_department_sub_department_count	2024-07-13 11:48:00.514553+05
95	company	0005_alter_department_condition	2024-07-13 11:48:00.598588+05
96	company	0006_company_is_active_department_is_active_and_more	2024-07-13 11:48:00.964999+05
97	reference	0031_actiondescription_is_active_actionmodel_is_active_and_more	2024-07-13 11:48:02.353266+05
98	reference	0032_rename_tin_correspondent_pinfl	2024-07-13 11:48:02.605339+05
99	reference	0033_correspondent_tin	2024-07-13 11:48:02.664471+05
100	reference	0034_alter_correspondent_type	2024-07-13 11:48:02.730861+05
101	reference	0035_digitalsigninfo	2024-07-13 11:48:02.827727+05
102	document	0004_file_key	2024-07-13 11:48:02.888782+05
103	document	0005_alter_file_key	2024-07-13 11:48:02.962377+05
104	document	0006_file_is_active	2024-07-13 11:48:03.030301+05
105	document	0007_file_extension_file_file_size	2024-07-13 11:48:03.162915+05
106	reference	0036_journal_icon	2024-07-13 11:48:03.433698+05
107	reference	0037_journal_sort_order	2024-07-13 11:48:03.502841+05
108	reference	0038_actiondescription_color_actiondescription_icon_name	2024-07-13 11:48:03.650213+05
109	reference	0039_statusmodel_is_done	2024-07-13 11:48:03.729047+05
110	reference	0040_documenttitle	2024-07-13 11:48:03.831128+05
111	reference	0041_district_code_region_code	2024-07-13 11:48:03.944338+05
112	reference	0042_journal_code	2024-07-13 11:48:04.003327+05
113	compose	0011_alter_compose_sub_type_alter_compose_type	2024-07-13 11:48:04.289907+05
114	compose	0012_approver_is_active_compose_is_active_and_more	2024-07-13 11:48:04.693313+05
115	compose	0013_signer_certificate_info	2024-07-13 11:48:04.752469+05
116	compose	0014_signer_pkcs7	2024-07-13 11:48:04.986629+05
117	compose	0015_signer_type	2024-07-13 11:48:05.052529+05
118	compose	0016_remove_compose_title	2024-07-13 11:48:05.113786+05
119	compose	0017_compose_title	2024-07-13 11:48:05.193413+05
120	compose	0018_composestatus_declined_from_approver_and_more	2024-07-13 11:48:05.320482+05
121	compose	0019_compose_check_id	2024-07-13 11:48:05.388499+05
122	compose	0020_compose_is_deleted	2024-07-13 11:48:05.445024+05
123	docflow	0015_assignee_is_active_assignment_is_active_and_more	2024-07-13 11:48:05.931111+05
124	docflow	0016_reviewer_files	2024-07-13 11:48:06.018717+05
125	docflow	0017_basedocument_is_deleted	2024-07-13 11:48:06.085557+05
126	docflow	0018_basedocument_company	2024-07-13 11:48:06.183398+05
127	user	0016_alter_user_department	2024-07-13 11:48:06.264119+05
128	user	0017_user_phone	2024-07-13 11:48:06.498358+05
129	user	0018_user_top_level_department	2024-07-13 11:48:06.569961+05
130	user	0019_notificationtype	2024-07-13 11:48:06.66743+05
131	user	0020_notificationtype_description_en_and_more	2024-07-13 11:48:07.029812+05
132	user	0021_remove_notificationtype_description_and_more	2024-07-13 11:48:08.266204+05
133	user	0022_notificationmodel_is_active_and_more	2024-07-13 11:48:08.928135+05
134	user	0023_user_department_ids	2024-07-13 11:48:08.996525+05
135	user	0024_user_otp	2024-07-13 11:48:09.062896+05
136	user	0025_remove_projectpermission_methods_and_more	2024-07-13 11:48:09.794329+05
137	user	0026_alter_user_pinfl	2024-07-13 11:48:09.889818+05
138	wcalendar	0001_initial	2024-07-13 11:48:10.147956+05
139	wchat	0001_initial	2024-07-13 11:48:10.905606+05
140	wchat	0002_alter_chatmember_chat	2024-07-13 11:48:10.982536+05
141	wchat	0003_alter_chatmessage_chat_alter_chatmessage_receiver_and_more	2024-07-13 11:48:11.211794+05
142	wchat	0004_alter_chatmember_role	2024-07-13 11:48:11.4727+05
143	user	0027_alter_user_phone	2024-07-25 10:47:53.507751+05
\.


--
-- Data for Name: django_session; Type: TABLE DATA; Schema: public; Owner: postgres
--

COPY public.django_session (session_key, session_data, expire_date) FROM stdin;
q6o7cz5u57zcmvg0ans9zqoihctz3rrf	.eJxVjMsOwiAQRf-FtSEMOjxcuu83EJgBqRqalHZl_HfbpAvdnnPufYsQ16WGtec5jCyuAsTpl6VIz9x2wY_Y7pOkqS3zmOSeyMN2OUycX7ej_Tuosddtja44SkDAhrzT4C8J2ZZoaOOoNKZzIY9aWY1OO2DFqIylAko7C1l8vuBZN0k:1qSwAX:ALdQj-ZBodtxX0O0isSUywaHWPwxiCrPenFg4b8D-eA	2023-08-21 14:04:53.446306+05
d64w4c83qouh0pk8zol2l1sjvh4v9kj9	.eJxVjMsOwiAQRf-FtSEMOjxcuu83EJgBqRqalHZl_HfbpAvdnnPufYsQ16WGtec5jCyuAsTpl6VIz9x2wY_Y7pOkqS3zmOSeyMN2OUycX7ej_Tuosddtja44SkDAhrzT4C8J2ZZoaOOoNKZzIY9aWY1OO2DFqIylAko7C1l8vuBZN0k:1qSxxX:VoOswLugpxzbJBIJvaVMxm1I_hWkHQNYHHm_bc99ejQ	2023-08-21 15:59:35.552744+05
nhpbngh3wj7yey8s9663ja2fma1uifrg	.eJxVjMsOwiAQRf-FtSEMOjxcuu83EJgBqRqalHZl_HfbpAvdnnPufYsQ16WGtec5jCyuAsTpl6VIz9x2wY_Y7pOkqS3zmOSeyMN2OUycX7ej_Tuosddtja44SkDAhrzT4C8J2ZZoaOOoNKZzIY9aWY1OO2DFqIylAko7C1l8vuBZN0k:1qTixn:KutWChc6jK3V9NPkuj1ThJjaocTJBJIOyl4_IqhllX8	2023-08-23 18:10:59.93468+05
ac5ak3zcf0dd1opracj020skqw404s9u	.eJxVjMsOwiAQRf-FtSEMOjxcuu83EJgBqRqalHZl_HfbpAvdnnPufYsQ16WGtec5jCyuAsTpl6VIz9x2wY_Y7pOkqS3zmOSeyMN2OUycX7ej_Tuosddtja44SkDAhrzT4C8J2ZZoaOOoNKZzIY9aWY1OO2DFqIylAko7C1l8vuBZN0k:1qV5cX:mDnonEkFTTyuse_yC7k0F--IbcZ7lLftM0sn3CYqlq4	2023-08-27 12:34:41.615884+05
w2u43fycuj1gye3usirqr2gj3yyn7w9o	.eJxVjMsOwiAQRf-FtSEMOjxcuu83EJgBqRqalHZl_HfbpAvdnnPufYsQ16WGtec5jCyuAsTpl6VIz9x2wY_Y7pOkqS3zmOSeyMN2OUycX7ej_Tuosddtja44SkDAhrzT4C8J2ZZoaOOoNKZzIY9aWY1OO2DFqIylAko7C1l8vuBZN0k:1qYIPy:9UenwAAdN9S_16MXlLLCO46_6LzTbvA1qQ9D4F_6j8I	2023-09-05 08:50:58.480757+05
t9hq2tpvc3z3jytlxeyf0mkcrswxl9ou	.eJxVjMsOwiAQRf-FtSEMOjxcuu83EJgBqRqalHZl_HfbpAvdnnPufYsQ16WGtec5jCyuAsTpl6VIz9x2wY_Y7pOkqS3zmOSeyMN2OUycX7ej_Tuosddtja44SkDAhrzT4C8J2ZZoaOOoNKZzIY9aWY1OO2DFqIylAko7C1l8vuBZN0k:1qYQNw:C8vwR7pjfrojasWfg26DTWw5eVXl9KdmQPHaAeKTIlw	2023-09-05 17:21:24.019975+05
fg4euuvrtjwtdfuw7ipj09u4wyidos87	.eJxVjMsOwiAQRf-FtSEMOjxcuu83EJgBqRqalHZl_HfbpAvdnnPufYsQ16WGtec5jCyuAsTpl6VIz9x2wY_Y7pOkqS3zmOSeyMN2OUycX7ej_Tuosddtja44SkDAhrzT4C8J2ZZoaOOoNKZzIY9aWY1OO2DFqIylAko7C1l8vuBZN0k:1qatB6:x_9oZSn_NoRw7KwFJiftl9G5nmzwZU_JPokYUPT-DRw	2023-09-12 12:30:20.532591+05
2wds40ytxkhodo4bl8w2ivozr5y95p7i	.eJxVjMsOwiAQRf-FtSEMOjxcuu83EJgBqRqalHZl_HfbpAvdnnPufYsQ16WGtec5jCyuAsTpl6VIz9x2wY_Y7pOkqS3zmOSeyMN2OUycX7ej_Tuosddtja44SkDAhrzT4C8J2ZZoaOOoNKZzIY9aWY1OO2DFqIylAko7C1l8vuBZN0k:1qdPzO:V_kp1gFEjxyRDaSeKPq5XcNBidR4vniF5jzYlkmUglA	2023-09-19 11:56:42.879646+05
n0ubrbwkahc62bfjapcej06h6h45xavk	.eJxVjMsOwiAQRf-FtSEMOjxcuu83EJgBqRqalHZl_HfbpAvdnnPufYsQ16WGtec5jCyuAsTpl6VIz9x2wY_Y7pOkqS3zmOSeyMN2OUycX7ej_Tuosddtja44SkDAhrzT4C8J2ZZoaOOoNKZzIY9aWY1OO2DFqIylAko7C1l8vuBZN0k:1qfZgH:mqULHflx5zwztFQUZUIkPYp4WMmAK2mCyLCQOPlzyZs	2023-09-25 10:41:53.833445+05
c6fsesgvaelqo1u5wcf0smbmg06jrt19	.eJxVjMsOwiAQRf-FtSEMOjxcuu83EJgBqRqalHZl_HfbpAvdnnPufYsQ16WGtec5jCyuAsTpl6VIz9x2wY_Y7pOkqS3zmOSeyMN2OUycX7ej_Tuosddtja44SkDAhrzT4C8J2ZZoaOOoNKZzIY9aWY1OO2DFqIylAko7C1l8vuBZN0k:1qh7kv:Hk4d0uNMZ8jIX-2T8o8YjAU02T1EITC_hiyTspvL91g	2023-09-29 17:17:05.027465+05
mk2tjvqp6nkieci1e7kqfuslmfjqczem	.eJxVjMsOwiAQRf-FtSEMOjxcuu83EJgBqRqalHZl_HfbpAvdnnPufYsQ16WGtec5jCyuAsTpl6VIz9x2wY_Y7pOkqS3zmOSeyMN2OUycX7ej_Tuosddtja44SkDAhrzT4C8J2ZZoaOOoNKZzIY9aWY1OO2DFqIylAko7C1l8vuBZN0k:1qjJtT:KjxukGVKbynPXtsA3Aqnixvm9A9c8E0o-WdztXFEoHc	2023-10-05 18:38:59.91262+05
rs4119roe7i49iohtsauhxy5t8hthq0p	.eJxVjMsOwiAQRf-FtSEMOjxcuu83EJgBqRqalHZl_HfbpAvdnnPufYsQ16WGtec5jCyuAsTpl6VIz9x2wY_Y7pOkqS3zmOSeyMN2OUycX7ej_Tuosddtja44SkDAhrzT4C8J2ZZoaOOoNKZzIY9aWY1OO2DFqIylAko7C1l8vuBZN0k:1qlOSg:IUedhzc1WpoOu5Xy5H3XWxepe_LPHMRefyYA0AfWf-Y	2023-10-11 11:55:54.974843+05
py95uwmjf5rb5sh16peq4b59soiv92h7	.eJxVjMsOwiAQRf-FtSEMOjxcuu83EJgBqRqalHZl_HfbpAvdnnPufYsQ16WGtec5jCyuAsTpl6VIz9x2wY_Y7pOkqS3zmOSeyMN2OUycX7ej_Tuosddtja44SkDAhrzT4C8J2ZZoaOOoNKZzIY9aWY1OO2DFqIylAko7C1l8vuBZN0k:1qntFL:PUcYl3tVmtypct9eq42QPx8WfXppYtLBbEvwmreuBg0	2023-10-18 09:12:27.534125+05
b8ykjyp6hjizr9eh98vzmn43ag6kelmg	.eJxVjMsOwiAQRf-FtSEMOjxcuu83EJgBqRqalHZl_HfbpAvdnnPufYsQ16WGtec5jCyuAsTpl6VIz9x2wY_Y7pOkqS3zmOSeyMN2OUycX7ej_Tuosddtja44SkDAhrzT4C8J2ZZoaOOoNKZzIY9aWY1OO2DFqIylAko7C1l8vuBZN0k:1qq9UO:-WgPDC2XrAWffgKNQpWISkiyjcaVii7vlWTpzCE6QLg	2023-10-24 14:57:20.320045+05
jrtmgbishpz29rt9vv066pzttej2vdqs	.eJxVjMsOwiAQRf-FtSEMOjxcuu83EJgBqRqalHZl_HfbpAvdnnPufYsQ16WGtec5jCyuAsTpl6VIz9x2wY_Y7pOkqS3zmOSeyMN2OUycX7ej_Tuosddtja44SkDAhrzT4C8J2ZZoaOOoNKZzIY9aWY1OO2DFqIylAko7C1l8vuBZN0k:1qqXVt:5_MYyUK2O1vuK-17gXBG1tLVM06CzVoOw_UaSyq9dis	2023-10-25 16:36:29.506463+05
oc036dwelegdjk8kfh8hbdkdm1vjx26w	.eJxVjMsOwiAQRf-FtSEMOjxcuu83EJgBqRqalHZl_HfbpAvdnnPufYsQ16WGtec5jCyuAsTpl6VIz9x2wY_Y7pOkqS3zmOSeyMN2OUycX7ej_Tuosddtja44SkDAhrzT4C8J2ZZoaOOoNKZzIY9aWY1OO2DFqIylAko7C1l8vuBZN0k:1qsLM6:qrzu9Y90k8eZ0OhuJKbXe-JI2EUlsjwlI8e-0_sklmY	2023-10-30 16:01:50.149401+05
bacwnp0q6pf4rgpjbx408q8ymlfqz3dh	.eJxVjMsOwiAQRf-FtSEMOjxcuu83EJgBqRqalHZl_HfbpAvdnnPufYsQ16WGtec5jCyuAsTpl6VIz9x2wY_Y7pOkqS3zmOSeyMN2OUycX7ej_Tuosddtja44SkDAhrzT4C8J2ZZoaOOoNKZzIY9aWY1OO2DFqIylAko7C1l8vuBZN0k:1r0a8b:OLlkWX2C5ERK7QgAkiiRhzmXCBfCRub_5h5Cci5L3Cc	2023-11-22 09:25:57.142358+05
93ae29qhrurwmwh6dp6kpb79i9xot9ny	.eJxVjMsOwiAQRf-FtSEMOjxcuu83EJgBqRqalHZl_HfbpAvdnnPufYsQ16WGtec5jCyuAsTpl6VIz9x2wY_Y7pOkqS3zmOSeyMN2OUycX7ej_Tuosddtja44SkDAhrzT4C8J2ZZoaOOoNKZzIY9aWY1OO2DFqIylAko7C1l8vuBZN0k:1r0eVw:lIctod2w6_SxHS_FJQJbmvkUg3cJLm_nTi0JbKY0AJw	2023-11-22 14:06:20.74378+05
zpsv64n0zrr9fjwr01jd2qwu7nv1lznr	.eJxVjMsOwiAQRf-FtSEMOjxcuu83EJgBqRqalHZl_HfbpAvdnnPufYsQ16WGtec5jCyuAsTpl6VIz9x2wY_Y7pOkqS3zmOSeyMN2OUycX7ej_Tuosddtja44SkDAhrzT4C8J2ZZoaOOoNKZzIY9aWY1OO2DFqIylAko7C1l8vuBZN0k:1r8hAf:vUByDdbAZHuNLEwDjjK_87etA-BwO-3gatr1OWRo7Oc	2023-12-14 18:33:37.824348+05
zoqidyclb80lfh1y84npnxdj9fb61l8o	.eJxVjDsOwjAQRO_iGln-xD9K-pzBWnvXOIAcKU4qxN1JpBRQzrw382YRtrXGrdMSJ2RXJtnlt0uQn9QOgA9o95nnua3LlPih8JN2Ps5Ir9vp_h1U6HVfa-OVGjCTMwQCRAaNxbmEJPdsPSmRlPciF6CgtUFL1gZyYXDFGanZ5wv2PzgL:1sSY5I:HTrggkvEHv3vDXox4xHg-O6eL31BXn5_VH5qHBiOFcw	2024-07-27 13:26:24.927061+05
vhfvsb260csk1rut1maf9vrfjgo9clnb	.eJxVjDsOwjAQRO_iGln-xD9K-pzBWnvXOIAcKU4qxN1JpBRQzrw382YRtrXGrdMSJ2RXJtnlt0uQn9QOgA9o95nnua3LlPih8JN2Ps5Ir9vp_h1U6HVfa-OVGjCTMwQCRAaNxbmEJPdsPSmRlPciF6CgtUFL1gZyYXDFGanZ5wv2PzgL:1sXdLt:jDgVQs8AfmbpNvH0Wh_hdz4NmwHKA3cyX126L__OP08	2024-08-10 14:04:33.706948+05
\.


--
-- Data for Name: docflow_assignee; Type: TABLE DATA; Schema: public; Owner: postgres
--

COPY public.docflow_assignee (id, created_date, modified_date, content, is_controller, is_performed, is_read, is_responsible, performed_date, read_time, assignment_id, created_by_id, modified_by_id, status_id, user_id, parent_id, is_active) FROM stdin;
\.


--
-- Data for Name: docflow_assignee_files; Type: TABLE DATA; Schema: public; Owner: postgres
--

COPY public.docflow_assignee_files (id, assignee_id, file_id) FROM stdin;
\.


--
-- Data for Name: docflow_assignment; Type: TABLE DATA; Schema: public; Owner: postgres
--

COPY public.docflow_assignment (id, created_date, modified_date, content, deadline, type, is_project_resolution, has_child_resolution, receipt_date, is_verified, created_by_id, modified_by_id, parent_id, reviewer_id, is_active) FROM stdin;
\.


--
-- Data for Name: docflow_basedocument; Type: TABLE DATA; Schema: public; Owner: postgres
--

COPY public.docflow_basedocument (id, created_date, modified_date, title, description, code, register_date, register_number, outgoing_number, outgoing_date, correspondent_id, created_by_id, delivery_type_id, document_type_id, journal_id, language_id, modified_by_id, priority_id, grif, status_id, number_of_papers, is_active, is_deleted, company_id) FROM stdin;
69	2024-07-27 00:14:37.008371+05	2024-07-27 00:14:37.014524+05	1	ttttttttttt	\N	2024-07-27	2342	43434	2024-07-27	36	1	1	3	1	2	1	5	1	8	45	t	f	\N
70	2024-07-27 14:17:33.04935+05	2024-07-27 14:17:33.055398+05	1	asdasdasd	\N	2024-07-28	test-1111	test-1111	2024-07-27	4	1	4	3	1	3	1	4	1	8	12	t	f	\N
\.


--
-- Data for Name: docflow_documentfile; Type: TABLE DATA; Schema: public; Owner: postgres
--

COPY public.docflow_documentfile (id, created_date, modified_date, file_id, created_by_id, document_id, modified_by_id, is_active) FROM stdin;
\.


--
-- Data for Name: docflow_reviewer; Type: TABLE DATA; Schema: public; Owner: postgres
--

COPY public.docflow_reviewer (id, created_date, modified_date, comment, has_resolution, read_time, created_by_id, document_id, modified_by_id, status_id, user_id, is_read, is_active) FROM stdin;
132	2024-07-27 00:14:37.016509+05	2024-07-27 00:14:37.016527+05	\N	f	\N	1	69	1	8	5	f	t
133	2024-07-27 14:17:33.057414+05	2024-07-27 14:36:16.307485+05	\N	f	\N	1	70	1	8	1	f	t
\.


--
-- Data for Name: docflow_reviewer_files; Type: TABLE DATA; Schema: public; Owner: postgres
--

COPY public.docflow_reviewer_files (id, reviewer_id, file_id) FROM stdin;
\.


--
-- Data for Name: document_file; Type: TABLE DATA; Schema: public; Owner: postgres
--

COPY public.document_file (id, file, name, created_by_id, created_date, modified_by_id, modified_date, department_id, key, is_active, extension, file_size) FROM stdin;
1	docflow/files/ea300cbf-b7ef-4b2f-88d1-3de324e5ab85.pdf	xizmat xati.pdf	1	2024-07-23 18:49:30.331255+05	1	2024-07-23 18:49:30.331277+05	\N	ea300cbf-b7ef-4b2f-88d1-3de324e5ab85	t	pdf	0.04
2	docflow/files/a038aa61-e3e5-4c3f-9c46-e563fcfb750c.pdf	_jira.pdf	1	2024-07-23 19:02:09.448724+05	1	2024-07-23 19:02:09.448748+05	\N	a038aa61-e3e5-4c3f-9c46-e563fcfb750c	t	pdf	0.69
3	docflow/files/a0bf1f58-1320-4030-b6a3-998256d4f740.pdf	New Resume (2) _ Resume Editor.pdf	1	2024-07-25 20:26:37.744884+05	1	2024-07-25 20:26:37.744914+05	\N	a0bf1f58-1320-4030-b6a3-998256d4f740	t	pdf	0.44
4	docflow/files/8af1a699-1ce1-4ea7-b38d-83f00542b54b.pdf	New Resume (2) _ Resume Editor.pdf	11	2024-07-25 23:37:54.16727+05	11	2024-07-25 23:37:54.167291+05	\N	8af1a699-1ce1-4ea7-b38d-83f00542b54b	t	pdf	0.44
5	docflow/files/62a2236a-fa60-4f5e-8ed4-fbc1f0ebb6c5.pdf	New Resume (2) _ Resume Editor.pdf	1	2024-07-27 00:14:36.530712+05	1	2024-07-27 00:14:36.530736+05	\N	62a2236a-fa60-4f5e-8ed4-fbc1f0ebb6c5	t	pdf	0.44
\.


--
-- Data for Name: reference_actiondescription; Type: TABLE DATA; Schema: public; Owner: postgres
--

COPY public.reference_actiondescription (id, created_date, modified_date, description, description_uz, description_ru, description_en, created_by_id, modified_by_id, code, is_active, color, icon_name) FROM stdin;
1	2023-08-05 11:55:11.583+05	2024-01-26 10:21:46.283+05	The document has been created	Hujjat yaratildi	  	The document has been created	1	1	100	t	#63BA3D	CheckCircleIcon
2	2023-08-05 11:56:12.194+05	2024-01-26 10:22:05.091+05	The document number has been changed	Hujjat raqami o'zgartirildi	  	The document number has been changed	1	1	101	t	#FFC352	PenIcon
3	2023-08-05 11:56:45.848+05	2024-01-26 10:21:29.819+05	The document registration date has been changed	Hujjat ro'yxatga olinish sanasi o'zgartirildi	   	The document registration date has been changed	1	1	102	t	#FFC352	CalendarMinimalisticIcon
4	2023-08-05 11:59:32.671+05	2024-01-26 10:22:11.487+05	The document code has been changed	Hujjat kodi o'zgartirildi	  	The document code has been changed	1	1	103	t	#FFC352	PenIcon
5	2023-08-05 12:00:11.005+05	2024-01-26 10:22:18.165+05	The document priority has been changed	Hujjat ustuvorligi o'zgartirildi	  	The document priority has been changed	1	1	104	t	#FFC352	PenIcon
6	2023-08-05 12:00:49.796+05	2024-01-26 10:22:26.11+05	The document style has been changed	Hujjat grifi o'zgartirildi	  .	The document style has been changed	1	1	105	t	#FFC352	PenIcon
7	2023-08-05 12:01:36.869+05	2024-01-26 10:22:33.908+05	The document issue number has been changed	Hujjat chiqish raqami o'zgartirildi	   	The document issue number has been changed	1	1	106	t	#FFC352	PenIcon
8	2023-08-05 12:02:12.071+05	2024-01-26 10:22:54.942+05	The release date of the document has been changed	Hujjat chiqish sanasi o'zgartirildi	   	The release date of the document has been changed	1	1	107	t	#FFC352	CalendarMinimalisticIcon
9	2023-08-05 12:03:22.398+05	2024-01-26 10:23:08.368+05	The document description has been changed	Hujjat tavsifi o'zgartirildi	   	The document description has been changed	1	1	108	t	#FFC352	PenIcon
10	2023-08-05 12:04:33.881+05	2024-01-26 10:24:26.429+05	The document name has been changed	Hujjat nomi o'zgartirildi	  	The document name has been changed	1	1	109	t	#FFC352	PenIcon
11	2023-08-05 12:06:33.338+05	2024-01-26 10:24:20.392+05	The document correspondent has been changed	Hujjat korrespondenti o'zgartirildi	   	The document correspondent has been changed	1	1	110	t	#FFC352	PenIcon
12	2023-08-05 12:07:02.33+05	2024-01-26 10:24:13.796+05	The document type has been changed	Hujjat turi o'zgartirildi	   	The document type has been changed	1	1	111	t	#FFC352	PenIcon
13	2023-08-05 12:08:07.76+05	2024-01-26 10:24:07.516+05	The document journal has been changed	Hujjat jurnali o'zgartirildi	  	The document journal has been changed	1	1	112	t	#FFC352	PenIcon
14	2023-08-05 12:08:42.565+05	2024-01-26 10:24:01.245+05	The document language has been changed	Hujjat tili o'zgartirildi	   	The document language has been changed	1	1	113	t	#FFC352	PenIcon
15	2023-08-05 12:09:13.267+05	2024-01-26 10:23:55.098+05	The document delivery type has been changed	Hujjat yetkazib berish turi o'zgartirildi	   	The document delivery type has been changed	1	1	114	t	#FFC352	PenIcon
16	2023-08-05 13:56:39.439+05	2024-01-26 10:21:07.971+05	User added for review	Ko'rib chiqish uchun foydalanuvchi qo'shildi	   	User added for review	1	1	115	t	#11A5ED	UserIcon
17	2023-08-05 14:08:05.35+05	2024-01-26 10:20:42.943+05	The file has been attached to the document	Fayl hujjatga ilova qilindi	   	The file has been attached to the document	1	1	116	t	#11A5ED	DownloadMinimalisticIcon
18	2023-08-05 14:12:06.415+05	2024-01-26 10:20:30.391+05	The user has been removed from consideration	Foydalanuvchi ko'rib chiqishdan olib tashlandi	    	The user has been removed from consideration	1	1	117	t	#F3335C	XIcon
19	2023-08-05 14:12:50.762+05	2024-01-26 10:20:18.763+05	The file has been deleted	Fayl o'chirildi	  	The file has been deleted	1	1	118	t	#F3335C	TrashIcon
20	2023-08-05 20:59:46.923+05	2024-01-26 10:20:07.394+05	The correspondent has been created	Korrespondent yaratildi	  	The correspondent has been created	1	1	119	t	#63BA3D	CheckCircleIcon
21	2023-08-05 21:07:38.171+05	2024-01-26 10:19:40.019+05	The correspondent has been updated	Korrespondent yangilandi	  	The correspondent has been updated	1	1	120	t	#9CA8B9	PenIcon
22	2023-08-05 21:21:44.034+05	2024-01-26 10:19:26.531+05	The employee group has been created	Xodimlar guruhi tuzildi	  .	The employee group has been created	1	1	121	t	#63BA3D	UsersGroupRoundedIcon
23	2023-08-05 21:22:15.012+05	2024-01-26 10:19:04.869+05	The employee group has been update	Xodimlar guruhi yangilandi	  	The employee group has been update	1	1	122	t	#9CA8B9	PenIcon
24	2023-09-06 17:31:01.919+05	2024-01-26 10:18:50.494+05	Signer added	Imzolovchi qo'shildi	 	Signer added	1	1	123	t	#11A5ED	UserIcon
25	2023-09-06 17:32:10.405+05	2024-01-26 10:18:28.173+05	Approver added	Kelishuvchi qo'shildi	 	Approver added	1	1	124	t	#11A5ED	UserIcon
26	2023-09-06 17:36:36.586+05	2024-01-26 10:18:16.162+05	Signer deleted	Imzolovchi ochirildi	 	Signer deleted	1	1	125	t	#F3335C	TrashIcon
27	2023-09-06 17:38:28.399+05	2024-01-26 10:18:03.114+05	Approver deleted	Kelishuvchi ochirildi	 	Approver deleted	1	1	126	t	#F3335C	TrashIcon
28	2023-09-06 17:54:08.777+05	2024-01-26 10:17:49.638+05	Approver rejected	Kelishuvchi rad etdi	 	Approver rejected	1	1	127	t	#F3335C	XIcon
29	2023-09-06 17:55:13.327+05	2024-01-26 10:17:38.792+05	The document is agreed	Hujjat kelishildi	 	The document is agreed	1	1	128	t	#63BA3D	CheckCircleIcon
30	2023-09-07 17:58:34.07+05	2024-01-26 10:17:26.532+05	The performer has been added	Ijrochi qo'shildi	 	The performer has been added	1	1	129	t	#11A5ED	UserIcon
31	2023-09-07 18:00:13.944+05	2024-01-26 10:16:52.008+05	The controller has been added	Nazoratchi qo'shildi	  	The controller has been added	1	1	130	t	#11A5ED	UserIcon
32	2023-09-07 18:09:12.952+05	2024-01-26 10:16:38.085+05	The controller has been deleted	Nazoratchi o'chirildi	  	The controller has been deleted	1	1	131	t	#F3335C	TrashIcon
33	2023-09-07 18:09:54.739+05	2024-01-26 10:16:25.086+05	The performer has been deleted	Ijrochi o'chirildi	 	The performer has been deleted	1	1	132	t	#F3335C	TrashIcon
34	2023-09-10 13:58:53.852+05	2024-01-26 10:16:10.749+05	The resolution has been deleted	Rezolyutsiya ochirildi	  	The resolution has been deleted	1	1	133	t	#F3335C	TrashIcon
35	2023-09-10 14:08:40.944+05	2024-01-26 10:15:56.814+05	The resolution was rejected	Rezolutsiya rad etildi	  	The resolution was rejected	1	1	134	t	#F3335C	XIcon
36	2023-09-10 16:00:02.682+05	2024-01-26 10:15:43.254+05	Task completed	Topshiriq bajarildi	 	Task completed	1	1	135	t	#63BA3D	UserCheckIcon
37	2023-09-10 16:02:04.691+05	2024-01-26 10:15:22.877+05	Completed task changed	Bajarilgan topshiriq o'zgartirildi	  	Completed task changed	1	1	136	t	#FFC352	PenIcon
38	2023-09-21 18:57:55.55+05	2024-01-26 10:14:56.005+05	Document redirected	Hujjat qayta yonaltirildi	 	Document redirected	1	1	137	t	#635AFF	ForwardIcon
39	2023-09-25 10:33:22.72+05	2024-01-26 10:14:39.109+05	The resolution has been signed	Rezolutsiya imzolandi	  	The resolution has been signed	1	1	138	t	#63BA3D	CheckCircleIcon
40	2024-01-11 12:23:04.008+05	2024-01-26 10:14:27.632+05	Removed from control	Nazarotdan yechildi	  	Removed from control	1	1	139	t	#9CA8B9	XIcon
41	2024-01-11 12:25:38.257+05	2024-01-26 10:14:13.702+05	Signed	Imzolandi		Signed	1	1	140	t	#63BA3D	CheckCircleIcon
42	2024-01-11 13:03:01.398+05	2024-01-26 10:13:51.284+05	Rejected	Rad etildi		Rejected	1	1	141	t	#F3335C	XIcon
43	2024-02-14 12:33:12.991+05	2024-02-14 12:33:44.298+05	The text of the document has been changed	Hujjatning matni o'zgartirildi	  	The text of the document has been changed	1	1	142	t	#FFC352	PenIcon
\.


--
-- Data for Name: reference_actionmodel; Type: TABLE DATA; Schema: public; Owner: postgres
--

COPY public.reference_actionmodel (id, created_date, modified_date, old_value, new_value, action, object_id, ip_addr, cause_of_deletion, content_type_id, created_by_id, modified_by_id, description_id, is_active) FROM stdin;
7	2023-08-11 15:56:07.013964+05	2023-08-11 15:56:07.01398+05	\N	12	created	7	217.30.163.211	\N	6	1	\N	1	t
8	2023-08-11 15:56:07.016746+05	2023-08-11 15:56:07.016761+05	\N	12	updated	7	217.30.163.211	\N	6	1	\N	1	t
9	2023-08-11 16:07:15.528537+05	2023-08-11 16:07:15.528551+05	\N	23123	created	8	217.30.163.211	\N	6	1	\N	1	t
10	2023-08-11 16:07:15.531374+05	2023-08-11 16:07:15.531388+05	\N	23123	updated	8	217.30.163.211	\N	6	1	\N	1	t
11	2023-08-11 18:53:52.903332+05	2023-08-11 18:53:52.903397+05	\N	reg-1	created	9	217.30.163.211	\N	6	1	\N	1	t
12	2023-08-11 18:53:52.906639+05	2023-08-11 18:53:52.906656+05	\N	reg-1	updated	9	217.30.163.211	\N	6	1	\N	1	t
13	2023-08-11 22:22:58.712753+05	2023-08-11 22:22:58.712771+05	\N	123 123 123123	created	2	37.110.215.94	\N	12	1	\N	20	t
14	2023-08-11 22:25:10.926894+05	2023-08-11 22:25:10.92691+05	\N	333 333 3333	created	3	37.110.215.94	\N	12	1	\N	20	t
15	2023-08-11 22:32:11.875038+05	2023-08-11 22:32:11.875056+05	\N	asdasd asdasd asdasd	created	4	37.110.215.94	\N	12	1	\N	20	t
16	2023-08-11 22:32:56.050501+05	2023-08-11 22:32:56.050518+05	\N	asdasd asdasd asdasd	created	5	37.110.215.94	\N	12	1	\N	20	t
17	2023-08-11 22:39:57.292367+05	2023-08-11 22:39:57.292384+05	\N	12 asd asd	created	6	37.110.215.94	\N	12	1	\N	20	t
18	2023-08-11 22:40:54.250612+05	2023-08-11 22:40:54.250629+05	\N	asdasdasdasd	created	7	37.110.215.94	\N	12	1	\N	20	t
19	2023-08-11 22:41:30.247931+05	2023-08-11 22:41:30.247948+05	\N	asdasd	created	8	37.110.215.94	\N	12	1	\N	20	t
20	2023-08-12 14:15:10.454736+05	2023-08-12 14:15:10.454756+05	\N	123123 123123 123123	created	9	217.30.163.211	\N	12	1	\N	20	t
21	2023-08-12 14:15:27.457499+05	2023-08-12 14:15:27.457512+05	\N	123 123 123	created	10	217.30.163.211	\N	12	1	\N	20	t
22	2023-08-12 14:15:37.991038+05	2023-08-12 14:15:37.99105+05	\N	12 1212 12	created	11	217.30.163.211	\N	12	1	\N	20	t
23	2023-08-12 14:15:50.933838+05	2023-08-12 14:15:50.93385+05	\N	1 122 22	created	12	217.30.163.211	\N	12	1	\N	20	t
24	2023-08-12 14:16:15.686597+05	2023-08-12 14:16:15.686613+05	\N	ddd dd ddd	created	13	217.30.163.211	\N	12	1	\N	20	t
25	2023-08-12 14:16:26.385613+05	2023-08-12 14:16:26.385633+05	\N	555 5555 55	created	14	217.30.163.211	\N	12	1	\N	20	t
26	2023-08-12 14:16:38.925391+05	2023-08-12 14:16:38.925404+05	\N	hhhh hhh hhh	created	15	217.30.163.211	\N	12	1	\N	20	t
27	2023-08-12 14:16:50.119398+05	2023-08-12 14:16:50.119414+05	\N	111 11111111 34	created	16	217.30.163.211	\N	12	1	\N	20	t
28	2023-08-15 19:40:49.782939+05	2023-08-15 19:40:49.782954+05	\N	test group 1	created	1	217.30.163.211	\N	13	1	\N	22	t
29	2023-08-15 19:48:25.775916+05	2023-08-15 19:48:25.775928+05	\N	test group 2	created	2	217.30.163.211	\N	13	1	\N	22	t
30	2023-08-21 10:07:17.740545+05	2023-08-21 10:07:17.740557+05	Description Lorem ipsum Description Lorem ipsum Description Lorem ipsum Description Lorem ipsum Description Lorem ipsum Description Lorem ipsum Description Lorem ipsum Description Lorem ipsum Description Lorem ipsum Description Lorem ipsum Description Lorem ipsum Description Lorem ipsum	123 Description Lorem ipsum Description Lorem ipsum Description Lorem ipsum Description Lorem ipsum Description Lorem ipsum Description Lorem ipsum Description Lorem ipsum Description Lorem ipsum Description Lorem ipsum Description Lorem ipsum Description Lorem ipsum Description Lorem ipsum	updated	1	217.30.163.211	\N	6	1	\N	9	t
31	2023-08-21 10:07:17.749412+05	2023-08-21 10:07:17.749428+05	GRIF	1	updated	1	217.30.163.211	\N	6	1	\N	6	t
32	2023-08-21 10:07:17.757375+05	2023-08-21 10:07:17.757386+05	\N	Ru	updated	1	217.30.163.211	\N	6	1	\N	14	t
33	2023-08-21 10:07:17.772951+05	2023-08-21 10:07:17.772966+05	TIlte 1	TIlte 12	updated	1	217.30.163.211	\N	6	1	\N	10	t
34	2023-08-21 19:31:34.162876+05	2023-08-21 19:31:34.162891+05	123 Description Lorem ipsum Description Lorem ipsum Description Lorem ipsum Description Lorem ipsum Description Lorem ipsum Description Lorem ipsum Description Lorem ipsum Description Lorem ipsum Description Lorem ipsum Description Lorem ipsum Description Lorem ipsum Description Lorem ipsum	123456 Description Lorem ipsum Description Lorem ipsum Description Lorem ipsum Description Lorem ipsum Description Lorem ipsum Description Lorem ipsum Description Lorem ipsum Description Lorem ipsum Description Lorem ipsum Description Lorem ipsum Description Lorem ipsum Description Lorem ipsum	updated	1	217.30.163.211	\N	6	1	\N	9	t
35	2023-08-21 19:31:34.212247+05	2023-08-21 19:31:34.212262+05	\N	Toshmat Eshmatov	created	1	217.30.163.211	\N	6	1	\N	16	t
36	2023-08-21 19:32:02.765603+05	2023-08-21 19:32:02.765615+05	123456 Description Lorem ipsum Description Lorem ipsum Description Lorem ipsum Description Lorem ipsum Description Lorem ipsum Description Lorem ipsum Description Lorem ipsum Description Lorem ipsum Description Lorem ipsum Description Lorem ipsum Description Lorem ipsum Description Lorem ipsum	123456789 Description Lorem ipsum Description Lorem ipsum Description Lorem ipsum Description Lorem ipsum Description Lorem ipsum Description Lorem ipsum Description Lorem ipsum Description Lorem ipsum Description Lorem ipsum Description Lorem ipsum Description Lorem ipsum Description Lorem ipsum	updated	1	217.30.163.211	\N	6	1	\N	9	t
37	2023-08-21 20:04:34.061942+05	2023-08-21 20:04:34.061957+05	123456789 Description Lorem ipsum Description Lorem ipsum Description Lorem ipsum Description Lorem ipsum Description Lorem ipsum Description Lorem ipsum Description Lorem ipsum Description Lorem ipsum Description Lorem ipsum Description Lorem ipsum Description Lorem ipsum Description Lorem ipsum	1111 Description Lorem ipsum Description Lorem ipsum Description Lorem ipsum Description Lorem ipsum Description Lorem ipsum Description Lorem ipsum Description Lorem ipsum Description Lorem ipsum Description Lorem ipsum Description Lorem ipsum Description Lorem ipsum Description Lorem ipsum	updated	1	217.30.163.211	\N	6	1	\N	9	t
38	2023-08-21 20:04:34.086661+05	2023-08-21 20:04:34.086673+05	TIlte 12	TIlte 123	updated	1	217.30.163.211	\N	6	1	\N	10	t
39	2023-08-21 20:04:34.10241+05	2023-08-21 20:04:34.102421+05	A'zam Kirgizboev Abdusamat o'gli	\N	updated	1	217.30.163.211	\N	6	1	\N	18	t
40	2023-08-21 20:04:34.105703+05	2023-08-21 20:04:34.105715+05	Toshmat Eshmatov	\N	updated	1	217.30.163.211	\N	6	1	\N	18	t
81	2023-09-14 20:17:11.855642+05	2023-09-14 20:17:11.855675+05	\N	Abdullayev Bekzod Testovich	created	17	94.158.59.79	\N	12	1	1	20	t
82	2023-09-14 20:18:37.591159+05	2023-09-14 20:18:37.591193+05	\N	Abdullayev Bekzod Testovich	created	18	94.158.59.79	\N	12	1	1	20	t
83	2023-09-14 20:19:08.438263+05	2023-09-14 20:19:08.438297+05	\N	Abdullayev Bekzod Testovich	created	19	94.158.59.79	\N	12	1	1	20	t
41	2023-08-21 20:04:56.341974+05	2023-08-21 20:04:56.341988+05	1111 Description Lorem ipsum Description Lorem ipsum Description Lorem ipsum Description Lorem ipsum Description Lorem ipsum Description Lorem ipsum Description Lorem ipsum Description Lorem ipsum Description Lorem ipsum Description Lorem ipsum Description Lorem ipsum Description Lorem ipsum	222 Description Lorem ipsum Description Lorem ipsum Description Lorem ipsum Description Lorem ipsum Description Lorem ipsum Description Lorem ipsum Description Lorem ipsum Description Lorem ipsum Description Lorem ipsum Description Lorem ipsum Description Lorem ipsum Description Lorem ipsum	updated	1	217.30.163.211	\N	6	1	\N	9	t
42	2023-08-21 20:04:56.376658+05	2023-08-21 20:04:56.37667+05	Azizbek G'aybullayev Olimjon o'gli	\N	updated	1	217.30.163.211	\N	6	1	\N	18	t
43	2023-08-21 20:05:15.432867+05	2023-08-21 20:05:15.432879+05	222 Description Lorem ipsum Description Lorem ipsum Description Lorem ipsum Description Lorem ipsum Description Lorem ipsum Description Lorem ipsum Description Lorem ipsum Description Lorem ipsum Description Lorem ipsum Description Lorem ipsum Description Lorem ipsum Description Lorem ipsum	333 Description Lorem ipsum Description Lorem ipsum Description Lorem ipsum Description Lorem ipsum Description Lorem ipsum Description Lorem ipsum Description Lorem ipsum Description Lorem ipsum Description Lorem ipsum Description Lorem ipsum Description Lorem ipsum Description Lorem ipsum	updated	1	217.30.163.211	\N	6	1	\N	9	t
44	2023-08-21 20:06:11.485564+05	2023-08-21 20:06:11.485576+05	333 Description Lorem ipsum Description Lorem ipsum Description Lorem ipsum Description Lorem ipsum Description Lorem ipsum Description Lorem ipsum Description Lorem ipsum Description Lorem ipsum Description Lorem ipsum Description Lorem ipsum Description Lorem ipsum Description Lorem ipsum	444 Description Lorem ipsum Description Lorem ipsum Description Lorem ipsum Description Lorem ipsum Description Lorem ipsum Description Lorem ipsum Description Lorem ipsum Description Lorem ipsum Description Lorem ipsum Description Lorem ipsum Description Lorem ipsum Description Lorem ipsum	updated	1	217.30.163.211	\N	6	1	\N	9	t
45	2023-08-21 20:06:30.098059+05	2023-08-21 20:06:30.098086+05	\N	A'zam Kirgizboev Abdusamat o'gli	created	1	217.30.163.211	\N	6	1	\N	16	t
46	2023-08-21 20:06:30.107731+05	2023-08-21 20:06:30.107746+05	\N	Azizbek G'aybullayev Olimjon o'gli	created	1	217.30.163.211	\N	6	1	\N	16	t
47	2023-08-21 20:07:02.74097+05	2023-08-21 20:07:02.740985+05	444 Description Lorem ipsum Description Lorem ipsum Description Lorem ipsum Description Lorem ipsum Description Lorem ipsum Description Lorem ipsum Description Lorem ipsum Description Lorem ipsum Description Lorem ipsum Description Lorem ipsum Description Lorem ipsum Description Lorem ipsum	555 Description Lorem ipsum Description Lorem ipsum Description Lorem ipsum Description Lorem ipsum Description Lorem ipsum Description Lorem ipsum Description Lorem ipsum Description Lorem ipsum Description Lorem ipsum Description Lorem ipsum Description Lorem ipsum Description Lorem ipsum	updated	1	217.30.163.211	\N	6	1	\N	9	t
48	2023-08-21 20:07:02.778361+05	2023-08-21 20:07:02.778382+05	Azizbek G'aybullayev Olimjon o'gli	\N	updated	1	217.30.163.211	\N	6	1	\N	18	t
49	2023-08-21 20:16:35.591935+05	2023-08-21 20:16:35.591951+05	A'zam Kirgizboev Abdusamat o'gli	\N	updated	1	217.30.163.211	\N	6	1	\N	18	t
50	2023-08-22 09:02:00.313757+05	2023-08-22 09:02:00.313769+05	TIlte 123	Title 123	updated	1	217.30.163.211	\N	6	1	\N	10	t
51	2023-08-22 09:10:49.025985+05	2023-08-22 09:10:49.025996+05	Title 123	Title 123456	updated	1	217.30.163.211	\N	6	1	\N	10	t
52	2023-08-22 09:10:49.041981+05	2023-08-22 09:10:49.041992+05	\N	A'zam Kirgizboev Abdusamat o'gli	created	1	217.30.163.211	\N	6	1	\N	16	t
53	2023-08-26 14:08:20.66977+05	2023-08-26 14:08:20.66979+05	Title 123456	Title 123456789	updated	1	217.30.163.211	\N	6	1	\N	10	t
54	2023-08-26 14:10:16.054076+05	2023-08-26 14:10:16.054098+05	\N	Azizbek G'aybullayev Olimjon o'gli	created	1	217.30.163.211	\N	6	1	\N	16	t
55	2023-08-26 16:17:10.909133+05	2023-08-26 16:17:10.909155+05	Title 123456789	Title 12345678910	updated	1	217.30.163.211	\N	6	1	\N	10	t
56	2023-08-30 15:58:46.357945+05	2023-08-30 15:58:46.357975+05	\N	2222	created	10	217.30.163.211	\N	6	1	\N	1	t
57	2023-09-05 17:59:08.31221+05	2023-09-05 17:59:08.312241+05		 123	updated	7	217.30.163.211	\N	6	1	\N	10	t
58	2023-09-05 17:59:08.357547+05	2023-09-05 17:59:08.357575+05	Azizbek G'aybullayev Olimjon o'gli	\N	updated	7	217.30.163.211	\N	6	1	\N	18	t
59	2023-09-05 17:59:38.221644+05	2023-09-05 17:59:38.22166+05	 123	 1234	updated	7	217.30.163.211	\N	6	1	\N	10	t
60	2023-09-05 17:59:38.335742+05	2023-09-05 17:59:38.335767+05	\N	Toshmat Eshmatov	created	7	217.30.163.211	\N	6	1	\N	16	t
61	2023-09-05 17:59:38.3405+05	2023-09-05 17:59:38.340521+05	A'zam Kirgizboev Abdusamat o'gli	\N	updated	7	217.30.163.211	\N	6	1	\N	18	t
62	2023-09-07 15:45:36.903663+05	2023-09-07 15:45:36.903683+05	\N	\N	created	6	217.30.163.211	\N	32	1	\N	29	t
63	2023-09-07 16:01:58.589084+05	2023-09-07 16:01:58.589114+05	\N	Test otkaz	created	2	217.30.163.211	\N	32	1	\N	29	t
64	2023-09-07 16:50:46.262624+05	2023-09-07 16:50:46.262645+05	\N	Test	created	4	217.30.163.211	\N	32	1	\N	29	t
65	2023-09-07 16:58:47.315433+05	2023-09-07 16:58:47.315454+05	\N	Test comment	created	5	217.30.163.211	\N	32	1	\N	28	t
66	2023-09-08 12:01:44.338035+05	2023-09-08 12:01:44.338058+05	\N	222222	created	8	217.30.163.211	\N	32	1	\N	1	t
67	2023-09-08 12:01:44.34304+05	2023-09-08 12:01:44.343064+05	\N	Toshmat Eshmatov	created	8	217.30.163.211	\N	32	1	\N	25	t
68	2023-09-08 12:01:44.346937+05	2023-09-08 12:01:44.346954+05	\N	Azizbek G'aybullayev Olimjon o'gli	created	8	217.30.163.211	\N	32	1	\N	24	t
69	2023-09-08 12:01:44.350148+05	2023-09-08 12:01:44.350162+05	\N	A'zam Kirgizboev Abdusamat o'gli	created	8	217.30.163.211	\N	32	1	\N	24	t
70	2023-09-08 12:02:10.118667+05	2023-09-08 12:02:10.118693+05	\N	Test otkaz	created	8	217.30.163.211	\N	32	1	\N	28	t
71	2023-09-08 17:36:31.894891+05	2023-09-08 17:36:31.89492+05	\N	Muhammad Odinayev Komil o'gli	created	7	217.30.163.211	\N	32	1	\N	25	t
72	2023-09-08 17:36:31.900478+05	2023-09-08 17:36:31.900496+05	\N	Toshmat Eshmatov	created	7	217.30.163.211	\N	32	1	\N	25	t
73	2023-09-08 17:36:31.907621+05	2023-09-08 17:36:31.907649+05	A'zam Kirgizboev Abdusamat o'gli	\N	deleted	7	217.30.163.211	\N	32	1	\N	26	t
74	2023-09-08 17:36:31.912623+05	2023-09-08 17:36:31.912645+05	Azizbek G'aybullayev Olimjon o'gli	\N	deleted	7	217.30.163.211	\N	32	1	\N	26	t
75	2023-09-08 17:36:31.917244+05	2023-09-08 17:36:31.917265+05	Toshmat Eshmatov	\N	deleted	7	217.30.163.211	\N	32	1	\N	26	t
76	2023-09-08 17:36:57.800457+05	2023-09-08 17:36:57.800488+05	\N	Oxirgi test	created	7	217.30.163.211	\N	32	1	\N	28	t
77	2023-09-09 15:14:09.82767+05	2023-09-09 15:14:09.82769+05	Title 12345678910	Title 1234567891011	updated	1	217.30.163.211	\N	6	1	\N	10	t
78	2023-09-09 15:14:34.348223+05	2023-09-09 15:14:34.348242+05			updated	1	217.30.163.211	\N	6	1	\N	12	t
79	2023-09-09 15:14:34.372697+05	2023-09-09 15:14:34.372714+05	Title 1234567891011	Title 1	updated	1	217.30.163.211	\N	6	1	\N	10	t
80	2023-09-10 14:56:31.579807+05	2023-09-10 14:56:31.579833+05	\N	666666	created	11	94.158.59.14	\N	6	1	\N	1	t
84	2023-09-14 20:20:19.91396+05	2023-09-14 20:20:19.913993+05	\N	Abdullayev Bekzod Testovich	created	20	94.158.59.79	\N	12	1	1	20	t
85	2023-09-14 22:44:10.59326+05	2023-09-14 22:44:10.593296+05	\N	Abdullayev Bekzod Testovich	created	21	94.158.59.79	\N	12	1	1	20	t
86	2023-09-14 22:44:47.873223+05	2023-09-14 22:44:47.873246+05	\N	Abdullayev Bekzod Testovich	created	22	94.158.59.79	\N	12	1	1	20	t
87	2023-09-15 18:23:17.077474+05	2023-09-15 18:23:17.077503+05	\N	Abdullayev Bekzod Testovich	created	23	94.158.62.2	\N	12	1	1	20	t
88	2023-09-16 11:45:54.280498+05	2023-09-16 11:45:54.280537+05	\N	A'zam Kirgizboev Abdusamat o'gli	created	8	217.30.163.211	\N	6	1	1	30	t
89	2023-09-16 11:45:54.288534+05	2023-09-16 11:45:54.288571+05	\N	Azizbek G'aybullayev Olimjon o'gli	created	8	217.30.163.211	\N	6	1	1	30	t
90	2023-09-16 11:45:54.295288+05	2023-09-16 11:45:54.295318+05	\N	Muhammad Odinayev Komil o'gli	created	8	217.30.163.211	\N	6	1	1	30	t
91	2023-09-16 11:45:54.301198+05	2023-09-16 11:45:54.301229+05	\N	Toshmat Eshmatov	created	8	217.30.163.211	\N	6	1	1	30	t
92	2023-09-16 14:09:38.570466+05	2023-09-16 14:09:38.570507+05	\N	A'zam Kirgizboev Abdusamat o'gli	created	8	217.30.163.211	\N	6	1	1	30	t
93	2023-09-16 14:09:38.577716+05	2023-09-16 14:09:38.577741+05	\N	Azizbek G'aybullayev Olimjon o'gli	created	8	217.30.163.211	\N	6	1	1	30	t
94	2023-09-16 14:09:38.582815+05	2023-09-16 14:09:38.582841+05	\N	Toshmat Eshmatov	created	8	217.30.163.211	\N	6	1	1	30	t
95	2023-09-16 14:09:38.58818+05	2023-09-16 14:09:38.588209+05	\N	Muhammad Odinayev Komil o'gli	created	8	217.30.163.211	\N	6	1	1	30	t
96	2023-09-16 14:11:57.359037+05	2023-09-16 14:11:57.359064+05	\N	A'zam Kirgizboev Abdusamat o'gli	created	9	217.30.163.211	\N	6	1	1	30	t
97	2023-09-16 14:11:57.365663+05	2023-09-16 14:11:57.365694+05	\N	Azizbek G'aybullayev Olimjon o'gli	created	9	217.30.163.211	\N	6	1	1	30	t
98	2023-09-16 14:11:57.372624+05	2023-09-16 14:11:57.37265+05	\N	Muhammad Odinayev Komil o'gli	created	9	217.30.163.211	\N	6	1	1	30	t
99	2023-09-16 14:12:46.760822+05	2023-09-16 14:12:46.76086+05	\N	A'zam Kirgizboev Abdusamat o'gli	created	7	217.30.163.211	\N	6	1	1	30	t
100	2023-09-16 14:12:46.768103+05	2023-09-16 14:12:46.76813+05	\N	Toshmat Eshmatov	created	7	217.30.163.211	\N	6	1	1	30	t
101	2023-09-16 14:20:22.88972+05	2023-09-16 14:20:22.889748+05	\N	A'zam Kirgizboev Abdusamat o'gli	created	11	217.30.163.211	\N	6	1	1	30	t
102	2023-09-16 14:20:22.89751+05	2023-09-16 14:20:22.897548+05	\N	Azizbek G'aybullayev Olimjon o'gli	created	11	217.30.163.211	\N	6	1	1	30	t
103	2023-09-16 21:09:19.526379+05	2023-09-16 21:09:19.526407+05	\N	Abdullayev Bekzod Testovich	created	24	94.158.62.2	\N	12	1	1	20	t
104	2023-09-16 22:32:33.532075+05	2023-09-16 22:32:33.532106+05	\N	Abdullayev Bekzod Testovich	created	25	94.158.62.2	\N	12	1	1	20	t
105	2023-09-16 22:34:51.377331+05	2023-09-16 22:34:51.377356+05	\N	Abdullayev Bekzod Testovich	created	26	94.158.62.2	\N	12	1	1	20	t
106	2023-09-16 23:11:04.054943+05	2023-09-16 23:11:04.054967+05	\N	Abdullayev Bekzod Testovich	created	27	94.158.62.2	\N	12	1	1	20	t
107	2023-09-16 23:28:48.112039+05	2023-09-16 23:28:48.112068+05	\N	Abdullayev Bekzod Testovich	created	28	94.158.62.2	\N	12	1	1	20	t
108	2023-09-16 23:29:01.673754+05	2023-09-16 23:29:01.673785+05	\N	Abdullayev Bekzod Testovich	created	29	94.158.62.2	\N	12	1	1	20	t
109	2023-09-17 00:38:03.194573+05	2023-09-17 00:38:03.194608+05	\N	Abdullayev Bekzod Testovich	created	30	94.158.62.2	\N	12	1	1	20	t
110	2023-09-17 00:39:16.147395+05	2023-09-17 00:39:16.147423+05	\N	Abdullayev Bekzod Testovich	created	31	94.158.62.2	\N	12	1	1	20	t
111	2023-09-17 14:37:36.552561+05	2023-09-17 14:37:36.552587+05	\N	asssss ddddd aaaa	created	32	94.158.62.2	\N	12	1	1	20	t
112	2023-09-18 16:02:43.865678+05	2023-09-18 16:02:43.865703+05	\N	Nimadir MCHJ	created	33	217.30.163.211	\N	12	1	1	20	t
113	2023-09-18 18:36:11.979075+05	2023-09-18 18:36:11.979111+05	\N	123123	created	12	217.30.163.211	\N	6	1	1	1	t
114	2023-09-19 15:41:29.618441+05	2023-09-19 15:41:29.618472+05	\N	222	created	13	217.30.163.211	\N	6	1	1	1	t
115	2023-09-19 17:53:30.439933+05	2023-09-19 17:53:30.440002+05	\N	Test Test  F Test Name	created	34	94.158.62.118	\N	12	1	1	20	t
131	2023-09-25 16:43:48.880201+05	2023-09-25 16:43:48.880231+05	\N	0000	created	14	217.30.163.211	\N	6	1	1	1	t
138	2023-09-25 17:51:43.828113+05	2023-09-25 17:51:43.82813+05	\N	A'zam Kirgizboev Abdusamat o'gli	created	7	217.30.163.211	\N	32	1	1	24	t
139	2023-09-25 17:51:43.834104+05	2023-09-25 17:51:43.834121+05	\N	Azizbek G'aybullayev Olimjon o'gli	created	7	217.30.163.211	\N	32	1	1	24	t
140	2023-09-25 17:51:43.839254+05	2023-09-25 17:51:43.83927+05	\N	Toshmat Eshmatov	created	7	217.30.163.211	\N	32	1	1	24	t
133	2023-09-25 16:55:30.105661+05	2023-09-25 16:55:30.10568+05	\N	A'zam Kirgizboev Abdusamat o'gli	created	14	217.30.163.211	\N	6	\N	\N	30	t
134	2023-09-25 17:03:33.005085+05	2023-09-25 17:03:33.005117+05	\N	xato rezolyutsiya	deleted	14	217.30.163.211	\N	6	\N	\N	34	t
135	2023-09-25 17:04:06.112693+05	2023-09-25 17:04:06.112723+05	\N	A'zam Kirgizboev Abdusamat o'gli	created	14	217.30.163.211	\N	6	\N	\N	30	t
136	2023-09-25 17:04:06.118864+05	2023-09-25 17:04:06.118884+05	\N	A'zam Kirgizboev Abdusamat o'gli	created	14	217.30.163.211	\N	6	\N	\N	30	t
161	2023-09-27 17:29:37.78741+05	2023-09-27 17:29:37.787431+05	\N	7777	created	9	217.30.163.211	\N	32	1	1	1	t
162	2023-09-27 17:29:37.793342+05	2023-09-27 17:29:37.79336+05	\N	A'zam Kirgizboev Abdusamat o'gli	created	9	217.30.163.211	\N	32	1	1	25	t
163	2023-09-27 17:29:37.798657+05	2023-09-27 17:29:37.798676+05	\N	Azizbek G'aybullayev Olimjon o'gli	created	9	217.30.163.211	\N	32	1	1	25	t
164	2023-09-27 17:29:37.802757+05	2023-09-27 17:29:37.802774+05	\N	Muhammad Odinayev Komil o'gli	created	9	217.30.163.211	\N	32	1	1	25	t
165	2023-09-27 17:29:37.80761+05	2023-09-27 17:29:37.807628+05	\N	Toshmat Eshmatov	created	9	217.30.163.211	\N	32	1	1	25	t
166	2023-09-27 17:29:37.812124+05	2023-09-27 17:29:37.81214+05	\N	A'zam Kirgizboev Abdusamat o'gli	created	9	217.30.163.211	\N	32	1	1	24	t
167	2023-09-27 17:53:00.134243+05	2023-09-27 17:53:00.134269+05	\N	Azizbek G'aybullayev Olimjon o'gli	created	9	217.30.163.211	\N	32	1	1	24	t
168	2023-09-27 17:53:00.143437+05	2023-09-27 17:53:00.143458+05	A'zam Kirgizboev Abdusamat o'gli	\N	deleted	9	217.30.163.211	\N	32	1	1	26	t
169	2023-09-27 17:55:12.716047+05	2023-09-27 17:55:12.71608+05	\N	Muhammad Odinayev Komil o'gli	created	9	217.30.163.211	\N	32	1	1	24	t
170	2023-09-27 17:55:12.727294+05	2023-09-27 17:55:12.727323+05	Azizbek G'aybullayev Olimjon o'gli	\N	deleted	9	217.30.163.211	\N	32	1	1	26	t
171	2023-09-28 10:59:12.894347+05	2023-09-28 10:59:12.894368+05	\N	5555	created	10	217.30.163.211	\N	32	1	1	1	t
172	2023-09-28 10:59:12.899648+05	2023-09-28 10:59:12.899671+05	\N	A'zam Kirgizboev Abdusamat o'gli	created	10	217.30.163.211	\N	32	1	1	25	t
173	2023-09-28 10:59:12.904805+05	2023-09-28 10:59:12.904822+05	\N	Azizbek G'aybullayev Olimjon o'gli	created	10	217.30.163.211	\N	32	1	1	25	t
174	2023-09-28 10:59:12.909419+05	2023-09-28 10:59:12.909438+05	\N	Muhammad Odinayev Komil o'gli	created	10	217.30.163.211	\N	32	1	1	25	t
175	2023-09-28 10:59:12.914557+05	2023-09-28 10:59:12.914577+05	\N	Toshmat Eshmatov	created	10	217.30.163.211	\N	32	1	1	25	t
176	2023-09-28 10:59:12.919061+05	2023-09-28 10:59:12.919079+05	\N	A'zam Kirgizboev Abdusamat o'gli	created	10	217.30.163.211	\N	32	1	1	24	t
177	2023-10-05 18:31:21.069874+05	2023-10-05 18:31:21.069894+05	\N	Muhammad Odinayev Komil o'gli	created	13	217.30.163.211	\N	6	1	1	16	t
178	2023-10-05 18:31:21.074491+05	2023-10-05 18:31:21.074517+05	Azizbek G'aybullayev Olimjon o'gli	\N	updated	13	217.30.163.211	\N	6	1	1	18	t
182	2023-10-05 18:36:15.517996+05	2023-10-05 18:36:15.518022+05	\N	\N	created	10	217.30.163.211	\N	32	1	1	29	t
193	2023-10-16 09:59:33.049288+05	2023-10-16 09:59:33.049308+05	\N	BUREAU VERITAS	created	35	89.249.63.68	\N	12	1	1	20	t
194	2023-10-16 10:01:31.658754+05	2023-10-16 10:01:31.658771+05	\N	01/5089	created	15	89.249.63.68	\N	6	1	1	1	t
197	2023-11-01 16:18:31.814768+05	2023-11-01 16:18:31.814797+05	\N	123-44	created	16	217.30.163.211	\N	6	1	1	1	t
198	2023-11-01 16:32:51.81419+05	2023-11-01 16:32:51.814206+05	\N	3333	created	17	217.30.163.211	\N	6	1	1	1	t
199	2023-11-01 16:34:02.596276+05	2023-11-01 16:34:02.596303+05	\N	3333 44444	created	18	217.30.163.211	\N	6	1	1	1	t
200	2023-11-01 17:57:05.047492+05	2023-11-01 17:57:05.047512+05	\N	5555	created	19	217.30.163.211	\N	6	1	1	1	t
201	2023-11-02 12:22:18.637108+05	2023-11-02 12:22:18.637124+05	\N	666	created	20	217.30.163.211	\N	6	1	1	1	t
202	2023-11-02 12:26:48.005345+05	2023-11-02 12:26:48.005381+05	\N	\N	created	21	217.30.163.211	\N	6	1	1	1	t
203	2023-11-02 16:16:14.487114+05	2023-11-02 16:16:14.487133+05	\N	4455	created	22	217.30.163.211	\N	6	1	1	1	t
204	2023-11-05 20:39:01.822889+05	2023-11-05 20:39:01.822915+05	\N	100	created	23	198.16.66.139	\N	6	1	1	1	t
205	2023-11-06 10:55:28.579161+05	2023-11-06 10:55:28.579188+05	\N	23	created	24	217.30.163.211	\N	6	1	1	1	t
196	2023-10-16 16:07:08.43633+05	2023-10-16 16:07:08.436352+05	\N	<p>xujjat yopildi va bajarildi</p>	created	14	217.30.163.211	\N	6	\N	\N	36	t
160	2023-09-27 16:19:51.208749+05	2023-09-27 16:19:51.208769+05	\N	A'zam Kirgizboev Abdusamat o'gli	created	14	217.30.163.211	\N	6	\N	\N	30	t
184	2023-10-05 19:39:23.569329+05	2023-10-05 19:39:23.569357+05	\N	A'zam Kirgizboev Abdusamat o'gli	created	13	217.30.163.211	\N	6	\N	\N	30	t
185	2023-10-05 19:39:23.576626+05	2023-10-05 19:39:23.576654+05	\N	Muhammad Odinayev Komil o'gli	created	13	217.30.163.211	\N	6	\N	\N	30	t
195	2023-10-16 15:20:15.494755+05	2023-10-16 15:20:15.494794+05	\N	<p>A'zam xujjatni yopdi</p>	created	14	217.30.163.211	\N	6	\N	\N	36	t
206	2023-11-06 10:58:15.33185+05	2023-11-06 10:58:15.331886+05	\N	555	created	25	217.30.163.211	\N	6	1	1	1	t
207	2023-11-06 11:00:14.83187+05	2023-11-06 11:00:14.831898+05	\N	222	created	26	217.30.163.211	\N	6	1	1	1	t
208	2023-11-06 11:07:45.395002+05	2023-11-06 11:07:45.395026+05	\N	\N	created	27	217.30.163.211	\N	6	1	1	1	t
209	2023-11-06 11:09:19.892984+05	2023-11-06 11:09:19.893031+05	\N	\N	created	28	217.30.163.211	\N	6	1	1	1	t
210	2023-11-06 11:15:19.318424+05	2023-11-06 11:15:19.318455+05	\N	1515	created	29	217.30.163.211	\N	6	1	1	1	t
211	2023-11-10 15:20:45.592839+05	2023-11-10 15:20:45.592856+05	3333 44444	11 22 33	updated	18	217.30.163.211	\N	6	1	1	2	t
212	2023-11-10 17:22:24.152197+05	2023-11-10 17:22:24.152243+05	11 22 33	11 22 33 44	updated	18	217.30.163.211	\N	6	1	1	2	t
213	2023-11-10 17:31:43.259035+05	2023-11-10 17:31:43.259059+05	11 22 33 44	11 22 33 44 55	updated	18	217.30.163.211	\N	6	1	1	2	t
214	2023-11-10 17:43:24.184486+05	2023-11-10 17:43:24.184504+05	11 22 33 44 55	11	updated	18	217.30.163.211	\N	6	1	1	2	t
215	2023-11-13 10:09:13.227263+05	2023-11-13 10:09:13.227285+05	11	11 22	updated	18	217.30.163.211	\N	6	1	1	2	t
216	2023-11-13 10:11:09.382137+05	2023-11-13 10:11:09.382154+05	123-44	123-44-55	updated	16	217.30.163.211	\N	6	1	1	2	t
217	2023-11-13 11:55:06.697607+05	2023-11-13 11:55:06.697626+05	\N	13	created	30	217.30.163.211	\N	6	1	1	1	t
218	2023-11-13 12:26:40.966786+05	2023-11-13 12:26:40.966815+05	Bugun yangi test	Bugun yangi testttt	updated	30	217.30.163.211	\N	6	1	1	9	t
219	2023-11-13 12:26:40.998404+05	2023-11-13 12:26:40.998441+05	2023-11-12	2023-11-13	updated	30	217.30.163.211	\N	6	1	1	8	t
220	2023-11-13 12:27:20.351071+05	2023-11-13 12:27:20.3511+05	123123 fdddddddddddddddddddddd	123123 fdddddd	updated	18	217.30.163.211	\N	6	1	1	9	t
221	2023-11-13 12:29:23.728703+05	2023-11-13 12:29:23.728737+05	13	100	updated	30	217.30.163.211	\N	6	1	1	2	t
222	2023-11-13 12:32:59.796155+05	2023-11-13 12:32:59.796174+05	100	101	updated	30	217.30.163.211	\N	6	1	1	2	t
223	2023-11-13 12:35:21.496521+05	2023-11-13 12:35:21.496546+05	Bugun yangi testttt	Bugun yangi testttt55	updated	30	217.30.163.211	\N	6	1	1	9	t
224	2023-11-13 12:41:01.182003+05	2023-11-13 12:41:01.182039+05	\N	22	created	31	217.30.163.211	\N	6	1	1	1	t
225	2023-11-13 12:47:06.475708+05	2023-11-13 12:47:06.475748+05	Bugun yangi testttt55	Bugun yangi 444	updated	30	217.30.163.211	\N	6	1	1	9	t
226	2023-11-13 13:16:29.235479+05	2023-11-13 13:16:29.235508+05	\N	777	created	32	217.30.163.211	\N	6	1	1	1	t
227	2023-11-13 13:22:26.525295+05	2023-11-13 13:22:26.525327+05	test	test2	updated	32	217.30.163.211	\N	6	1	1	9	t
228	2023-11-13 13:30:01.145399+05	2023-11-13 13:30:01.145438+05	\N	888	created	33	217.30.163.211	\N	6	1	1	1	t
229	2023-11-13 13:45:30.964218+05	2023-11-13 13:45:30.96425+05	11 22	1122	updated	18	217.30.163.211	\N	6	1	1	2	t
230	2023-11-13 13:50:56.111833+05	2023-11-13 13:50:56.111862+05	Buyruq	Bildirishnoma	updated	32	217.30.163.211	\N	6	1	1	12	t
231	2023-11-13 13:56:08.839013+05	2023-11-13 13:56:08.839039+05	\N	999	created	34	217.30.163.211	\N	6	1	1	1	t
232	2023-11-13 14:04:13.454104+05	2023-11-13 14:04:13.454124+05	Bildirishnoma	Buyruq	updated	32	217.30.163.211	\N	6	1	1	12	t
233	2023-11-13 14:04:13.460464+05	2023-11-13 14:04:13.460483+05	\N	2	updated	32	217.30.163.211	\N	6	1	1	6	t
234	2023-11-13 14:04:37.873459+05	2023-11-13 14:04:37.873478+05	777	7778	updated	32	217.30.163.211	\N	6	1	1	2	t
235	2023-11-13 14:07:53.245234+05	2023-11-13 14:07:53.245274+05	\N	1000	created	35	217.30.163.211	\N	6	1	1	1	t
236	2023-11-13 14:40:57.968845+05	2023-11-13 14:40:57.968872+05	test2	test230	updated	32	217.30.163.211	\N	6	1	1	9	t
237	2023-11-13 14:41:41.890212+05	2023-11-13 14:41:41.890254+05	Buyruq	Bildirishnoma	updated	32	217.30.163.211	\N	6	1	1	12	t
238	2023-11-13 14:42:40.800465+05	2023-11-13 14:42:40.800485+05	Bildirishnoma	Buyruq	updated	32	217.30.163.211	\N	6	1	1	12	t
239	2023-11-13 14:44:10.37829+05	2023-11-13 14:44:10.378324+05	1122	11223	updated	18	217.30.163.211	\N	6	1	1	2	t
240	2023-11-13 14:46:29.275703+05	2023-11-13 14:46:29.275729+05	test230	test2305	updated	32	217.30.163.211	\N	6	1	1	9	t
241	2023-11-13 14:47:02.154043+05	2023-11-13 14:47:02.154091+05	test2305	test23099	updated	32	217.30.163.211	\N	6	1	1	9	t
242	2023-11-13 15:09:23.726105+05	2023-11-13 15:09:23.726152+05	test23099	test23099eee	updated	32	217.30.163.211	\N	6	1	1	9	t
243	2023-11-13 15:11:07.569189+05	2023-11-13 15:11:07.569224+05	test23099eee	test23099	updated	32	217.30.163.211	\N	6	1	1	9	t
244	2023-11-13 15:12:24.243654+05	2023-11-13 15:12:24.243674+05	test23099	test2309	updated	32	217.30.163.211	\N	6	1	1	9	t
245	2023-11-13 15:21:33.477269+05	2023-11-13 15:21:33.477297+05	test2309	test230930	updated	32	217.30.163.211	\N	6	1	1	9	t
246	2023-11-13 15:21:53.574741+05	2023-11-13 15:21:53.574769+05	test230930	test230930555	updated	32	217.30.163.211	\N	6	1	1	9	t
247	2023-11-13 15:24:53.942509+05	2023-11-13 15:24:53.942544+05	test230930555	test23093	updated	32	217.30.163.211	\N	6	1	1	9	t
248	2023-11-13 15:33:09.415463+05	2023-11-13 15:33:09.415492+05	test23093	test2309355	updated	32	217.30.163.211	\N	6	1	1	9	t
249	2023-11-13 15:37:22.311046+05	2023-11-13 15:37:22.311082+05	7778	77781	updated	32	217.30.163.211	\N	6	1	1	2	t
250	2023-11-13 15:39:04.88591+05	2023-11-13 15:39:04.885949+05	77781	77782	updated	32	217.30.163.211	\N	6	1	1	2	t
251	2023-11-13 15:40:24.708845+05	2023-11-13 15:40:24.708876+05	11223	112234	updated	18	217.30.163.211	\N	6	1	1	2	t
252	2023-11-13 15:40:58.643664+05	2023-11-13 15:40:58.643702+05	77782	777823	updated	32	217.30.163.211	\N	6	1	1	2	t
253	2023-11-13 15:45:41.438+05	2023-11-13 15:45:41.438024+05	777823	123	updated	32	217.30.163.211	\N	6	1	1	2	t
254	2023-11-13 15:49:38.132791+05	2023-11-13 15:49:38.132835+05	test2309355	test230	updated	32	217.30.163.211	\N	6	1	1	9	t
255	2023-11-13 15:51:30.880376+05	2023-11-13 15:51:30.880398+05	test230	test230sss	updated	32	217.30.163.211	\N	6	1	1	9	t
256	2023-11-14 09:18:37.108963+05	2023-11-14 09:18:37.108983+05	\N	3 100	created	36	217.30.163.211	\N	6	1	1	1	t
257	2023-11-14 09:21:08.254535+05	2023-11-14 09:21:08.254562+05	test text	test text-	updated	36	217.30.163.211	\N	6	1	1	9	t
258	2023-11-14 09:21:08.272859+05	2023-11-14 09:21:08.272886+05	\N	3	updated	36	217.30.163.211	\N	6	1	1	6	t
259	2023-11-14 09:59:09.640064+05	2023-11-14 09:59:09.640095+05	\N	\N	created	37	217.30.163.211	\N	6	1	1	1	t
260	2023-11-14 11:24:46.614623+05	2023-11-14 11:24:46.614656+05	\N	1616	created	38	217.30.163.211	\N	6	1	1	1	t
261	2023-11-14 11:55:11.61933+05	2023-11-14 11:55:11.619359+05	\N	\N	created	39	217.30.163.211	\N	6	1	1	1	t
262	2023-11-14 11:57:36.621274+05	2023-11-14 11:57:36.621306+05	test off	test off333	updated	39	217.30.163.211	\N	6	1	1	9	t
263	2023-11-17 17:27:58.777552+05	2023-11-17 17:27:58.777571+05	\N	\N	created	40	188.113.205.57	\N	6	1	1	1	t
264	2023-11-17 17:30:38.31783+05	2023-11-17 17:30:38.317849+05	\N	\N	created	41	188.113.205.57	\N	6	1	1	1	t
265	2023-11-20 10:34:30.332823+05	2023-11-20 10:34:30.332842+05	\N	20-11	created	42	188.113.193.11	\N	6	1	1	1	t
266	2023-11-20 10:39:22.769123+05	2023-11-20 10:39:22.769142+05	\N	20-11-2	created	43	188.113.193.11	\N	6	1	1	1	t
267	2023-11-20 10:45:20.578509+05	2023-11-20 10:45:20.578527+05	\N	10-11-1	created	44	188.113.193.11	\N	6	1	1	1	t
268	2023-11-20 10:49:53.752439+05	2023-11-20 10:49:53.752456+05	\N	77777777	created	45	188.113.193.11	\N	6	1	1	1	t
269	2023-11-22 17:31:21.260192+05	2023-11-22 17:31:21.26022+05	\N	test-123aa	created	46	217.30.163.211	\N	6	1	1	1	t
270	2023-11-22 17:38:02.935341+05	2023-11-22 17:38:02.935374+05	\N	test-999a	created	47	217.30.163.211	\N	6	1	1	1	t
271	2023-11-22 17:46:24.756756+05	2023-11-22 17:46:24.756776+05	\N	test-333a	created	48	217.30.163.211	\N	6	1	1	1	t
272	2023-11-23 11:29:11.636782+05	2023-11-23 11:29:11.636804+05	\N	123	updated	47	217.30.163.211	\N	6	1	1	4	t
273	2023-11-23 11:29:11.755174+05	2023-11-23 11:29:11.755197+05	\N	Rais Bankov	created	47	217.30.163.211	\N	6	1	1	16	t
274	2023-11-23 14:23:08.734847+05	2023-11-23 14:23:08.734877+05	\N	test-444a	created	49	217.30.163.211	\N	6	1	1	1	t
275	2023-11-24 14:47:09.538128+05	2023-11-24 14:47:09.538148+05	Rais Bankov	\N	updated	47	217.30.163.211	\N	6	1	1	18	t
276	2023-11-24 14:48:43.567957+05	2023-11-24 14:48:43.568046+05	test-999a	test-999ab	updated	47	217.30.163.211	\N	6	1	1	2	t
277	2023-11-27 16:11:56.505937+05	2023-11-27 16:11:56.505966+05	\N	27-11	created	50	188.113.200.40	\N	6	1	1	1	t
278	2023-11-27 16:20:19.718148+05	2023-11-27 16:20:19.718174+05	\N	27-1111-1111	created	51	188.113.200.40	\N	6	1	1	1	t
279	2023-11-27 16:28:13.661228+05	2023-11-27 16:28:13.661257+05	\N	27-22	created	52	188.113.200.40	\N	6	1	1	1	t
280	2023-11-27 16:33:37.945502+05	2023-11-27 16:33:37.945528+05	\N	27-33	created	53	188.113.200.40	\N	6	1	1	1	t
281	2023-11-27 17:49:19.710434+05	2023-11-27 17:49:19.710453+05	\N	\N	created	54	188.113.200.40	\N	6	1	1	1	t
282	2023-11-28 10:13:19.880874+05	2023-11-28 10:13:19.880896+05	\N	28-11	created	55	188.113.201.115	\N	6	1	1	1	t
283	2023-11-28 10:19:55.577347+05	2023-11-28 10:19:55.577371+05	\N	28-22	created	56	188.113.201.115	\N	6	1	1	1	t
284	2023-11-28 10:55:33.850602+05	2023-11-28 10:55:33.850626+05	\N	\N	created	57	188.113.201.115	\N	6	1	1	1	t
285	2023-11-28 10:56:37.291823+05	2023-11-28 10:56:37.291846+05	Toshmat Eshmatov	\N	updated	39	188.113.201.115	\N	6	1	1	18	t
286	2023-11-28 21:25:37.107557+05	2023-11-28 21:25:37.107587+05	\N	test-888a	created	58	82.215.101.119	\N	6	1	1	1	t
287	2023-11-28 21:28:04.533264+05	2023-11-28 21:28:04.533294+05	\N	test-777a	created	59	82.215.101.119	\N	6	1	1	1	t
288	2023-11-28 21:31:19.160965+05	2023-11-28 21:31:19.160982+05	\N	test-66a	created	60	82.215.101.119	\N	6	1	1	1	t
289	2023-11-28 21:32:26.089893+05	2023-11-28 21:32:26.089912+05	test-999ab	test-999abc	updated	47	82.215.101.119	\N	6	1	1	2	t
290	2023-11-28 21:32:40.671189+05	2023-11-28 21:32:40.671216+05	test-999b	test-999cba	updated	47	82.215.101.119	\N	6	1	1	7	t
291	2023-11-28 21:34:38.472318+05	2023-11-28 21:34:38.472335+05	test-999abc	test-999abc1111	updated	47	82.215.101.119	\N	6	1	1	2	t
292	2023-11-28 21:35:08.785879+05	2023-11-28 21:35:08.785898+05	test-999abc1111	test-999abc	updated	47	82.215.101.119	\N	6	1	1	2	t
293	2023-11-28 21:35:08.804292+05	2023-11-28 21:35:08.804309+05	Azizbek G'aybullayev Olimjon o'gli	\N	updated	47	82.215.101.119	\N	6	1	1	18	t
294	2023-11-29 10:49:51.929775+05	2023-11-29 10:49:51.929794+05	\N	29-11	created	61	188.113.237.252	\N	6	1	1	1	t
295	2023-11-29 10:56:20.295899+05	2023-11-29 10:56:20.295921+05	\N	\N	created	62	188.113.237.252	\N	6	1	1	1	t
296	2023-11-29 11:02:31.353802+05	2023-11-29 11:02:31.353818+05	\N	29-11	created	63	188.113.237.252	\N	6	1	1	1	t
297	2023-11-29 11:03:00.656246+05	2023-11-29 11:03:00.656266+05	\N	\N	created	64	188.113.237.252	\N	6	1	1	1	t
298	2024-07-19 17:58:47.71814+05	2024-07-19 17:58:47.718161+05	\N	\N	created	9	95.214.211.52	\N	32	1	1	29	t
299	2024-07-21 15:57:50.599387+05	2024-07-21 15:57:50.599406+05	\N	Rais Bankov	created	64	84.54.84.156	\N	6	1	1	30	t
300	2024-07-21 15:58:22.523605+05	2024-07-21 15:58:22.523628+05	\N	\N	updated	64	84.54.84.156	\N	6	1	1	39	t
301	2024-07-21 16:54:36.548886+05	2024-07-21 16:54:36.548909+05	\N	z	updated	64	84.54.84.156	\N	6	1	1	35	t
302	2024-07-21 16:55:25.804311+05	2024-07-21 16:55:25.804327+05	\N	Toshmat Eshmatov	created	64	84.54.84.156	\N	6	1	1	30	t
303	2024-07-21 23:33:36.658887+05	2024-07-21 23:33:36.658906+05	\N	Akmal Ikromov Bakhadirovich	created	61	84.54.84.156	\N	6	1	1	30	t
304	2024-07-21 23:50:25.675691+05	2024-07-21 23:50:25.675708+05	\N	Zampred Bankov	created	61	84.54.84.156	\N	6	1	1	30	t
305	2024-07-22 11:05:17.391782+05	2024-07-22 11:05:17.391802+05	\N	Zampred Bankov	created	64	195.158.30.221	\N	6	1	1	30	t
306	2024-07-22 11:05:17.398332+05	2024-07-22 11:05:17.398351+05	\N	Dirjon Davronov	created	64	195.158.30.221	\N	6	1	1	30	t
307	2024-07-22 11:05:17.403622+05	2024-07-22 11:05:17.403647+05	\N	Azizbek G'aybullayev Olimjon o'gli	created	64	195.158.30.221	\N	6	1	1	30	t
308	2024-07-22 11:05:32.843485+05	2024-07-22 11:05:32.843536+05	\N	\N	updated	64	195.158.30.221	\N	6	1	1	39	t
309	2024-07-22 11:05:32.861364+05	2024-07-22 11:05:32.861408+05	\N	\N	updated	64	195.158.30.221	\N	6	1	1	39	t
310	2024-07-22 11:05:32.872523+05	2024-07-22 11:05:32.872542+05	\N	\N	updated	64	195.158.30.221	\N	6	1	1	39	t
311	2024-07-23 18:26:35.921843+05	2024-07-23 18:26:35.921862+05	\N	Zampred Bankov	created	54	84.54.120.148	\N	6	1	1	30	t
312	2024-07-23 18:49:33.351098+05	2024-07-23 18:49:33.351122+05	\N	3333	created	65	84.54.120.148	\N	6	1	1	1	t
316	2024-07-23 18:57:37.199482+05	2024-07-23 18:57:37.1995+05	\N	xizmat xati.pdf	created	65	84.54.120.148	\N	6	1	1	17	t
317	2024-07-23 18:57:37.204393+05	2024-07-23 18:57:37.204412+05	xizmat xati.pdf	\N	updated	65	84.54.120.148	\N	6	1	1	19	t
318	2024-07-23 19:02:11.739198+05	2024-07-23 19:02:11.739222+05	\N	44444	created	66	84.54.120.148	\N	6	1	1	1	t
319	2024-07-23 19:24:46.395455+05	2024-07-23 19:24:46.395474+05	\N	Toshmat Eshmatov	created	66	84.54.120.148	\N	6	1	1	30	t
320	2024-07-23 19:25:00.243232+05	2024-07-23 19:25:00.243257+05	\N	\N	updated	66	84.54.120.148	\N	6	1	1	39	t
321	2024-07-23 19:25:11.119697+05	2024-07-23 19:25:11.11972+05	\N	a	updated	66	84.54.120.148	\N	6	1	1	35	t
322	2024-07-23 19:25:24.567775+05	2024-07-23 19:25:24.567796+05	\N	\N	updated	66	84.54.120.148	\N	6	1	1	39	t
323	2024-07-23 19:30:25.256294+05	2024-07-23 19:30:25.256313+05	\N	bajarildi	created	66	84.54.120.148	\N	6	1	1	36	t
324	2024-07-23 19:42:20.858782+05	2024-07-23 19:42:20.858815+05	\N	j	created	13	84.54.120.148	\N	6	1	1	36	t
325	2024-07-23 22:39:17.662966+05	2024-07-23 22:39:17.662987+05	\N	h	updated	66	95.214.211.146	\N	6	1	1	35	t
326	2024-07-23 22:40:03.708197+05	2024-07-23 22:40:03.708228+05	\N	\N	updated	66	95.214.211.146	\N	6	1	1	39	t
327	2024-07-23 22:40:19.814566+05	2024-07-23 22:40:19.814588+05	\N	h	updated	66	95.214.211.146	\N	6	1	1	35	t
328	2024-07-24 20:34:26.779863+05	2024-07-24 20:34:26.779886+05	\N	OOO "Fido Biznes"	created	36	84.54.76.21	\N	12	1	1	20	t
329	2024-07-25 20:26:39.995442+05	2024-07-25 20:26:39.995461+05	\N	09-75-2/12	created	67	84.54.66.91	\N	6	1	1	1	t
116	2023-09-20 14:13:17.193003+05	2023-09-20 14:13:17.193034+05	\N	A'zam Kirgizboev Abdusamat o'gli	created	13	217.30.163.211	\N	6	\N	\N	30	t
117	2023-09-20 14:13:17.203289+05	2023-09-20 14:13:17.20332+05	\N	Azizbek G'aybullayev Olimjon o'gli	created	13	217.30.163.211	\N	6	\N	\N	30	t
118	2023-09-20 14:13:17.210887+05	2023-09-20 14:13:17.210915+05	\N	Toshmat Eshmatov	created	13	217.30.163.211	\N	6	\N	\N	30	t
119	2023-09-20 19:31:24.206389+05	2023-09-20 19:31:24.206425+05	\N	A'zam Kirgizboev Abdusamat o'gli	created	13	217.30.163.211	\N	6	\N	\N	30	t
120	2023-09-20 19:31:24.215186+05	2023-09-20 19:31:24.215207+05	\N	Azizbek G'aybullayev Olimjon o'gli	created	13	217.30.163.211	\N	6	\N	\N	30	t
121	2023-09-21 17:22:57.287323+05	2023-09-21 17:22:57.28736+05	\N	bbbbbb	deleted	13	217.30.163.211	\N	6	\N	\N	34	t
122	2023-09-21 17:24:19.160984+05	2023-09-21 17:24:19.161012+05	\N	22222222222222222	deleted	13	217.30.163.211	\N	6	\N	\N	34	t
127	2023-09-22 11:13:10.529804+05	2023-09-22 11:13:10.529836+05	3	asdqwe	updated	13	217.30.163.211	\N	6	\N	\N	38	t
128	2023-09-22 11:33:06.559428+05	2023-09-22 11:33:06.559456+05	\N	A'zam Kirgizboev Abdusamat o'gli	created	12	217.30.163.211	\N	6	\N	\N	30	t
129	2023-09-22 11:33:06.567601+05	2023-09-22 11:33:06.567629+05	\N	Azizbek G'aybullayev Olimjon o'gli	created	12	217.30.163.211	\N	6	\N	\N	30	t
130	2023-09-22 11:33:06.574907+05	2023-09-22 11:33:06.574937+05	\N	Toshmat Eshmatov	created	12	217.30.163.211	\N	6	\N	\N	30	t
132	2023-09-25 16:46:43.117091+05	2023-09-25 16:46:43.117118+05	\N	Azizbek G'aybullayev Olimjon o'gli	created	14	217.30.163.211	\N	6	\N	\N	30	t
137	2023-09-25 17:16:35.645265+05	2023-09-25 17:16:35.645286+05	\N	 	updated	14	217.30.163.211	\N	6	\N	\N	35	t
141	2023-09-26 18:37:50.465509+05	2023-09-26 18:37:50.465543+05	\N	\N	updated	14	217.30.163.211	\N	6	\N	\N	39	t
142	2023-09-27 09:31:29.732776+05	2023-09-27 09:31:29.732832+05	\N	chuchvara otmen :)	updated	14	217.30.163.211	\N	6	\N	\N	35	t
143	2023-09-27 09:31:41.450096+05	2023-09-27 09:31:41.450127+05	\N	\N	updated	14	217.30.163.211	\N	6	\N	\N	39	t
144	2023-09-27 09:31:53.521162+05	2023-09-27 09:31:53.521197+05	\N	asd	updated	14	217.30.163.211	\N	6	\N	\N	35	t
145	2023-09-27 09:32:01.444793+05	2023-09-27 09:32:01.444822+05	\N	\N	updated	14	217.30.163.211	\N	6	\N	\N	39	t
146	2023-09-27 09:32:18.010718+05	2023-09-27 09:32:18.01074+05	\N	ddd	updated	14	217.30.163.211	\N	6	\N	\N	35	t
147	2023-09-27 09:48:19.579198+05	2023-09-27 09:48:19.57923+05	\N	\N	updated	14	217.30.163.211	\N	6	\N	\N	39	t
148	2023-09-27 09:48:25.419267+05	2023-09-27 09:48:25.41932+05	\N	bbbb	updated	14	217.30.163.211	\N	6	\N	\N	35	t
149	2023-09-27 09:53:06.296774+05	2023-09-27 09:53:06.296793+05	\N	delete resolution )	deleted	14	217.30.163.211	\N	6	\N	\N	34	t
150	2023-09-27 12:04:29.164842+05	2023-09-27 12:04:29.16487+05	\N	A'zam Kirgizboev Abdusamat o'gli	created	14	217.30.163.211	\N	6	\N	\N	30	t
151	2023-09-27 12:04:37.05786+05	2023-09-27 12:04:37.057879+05	\N	\N	updated	14	217.30.163.211	\N	6	\N	\N	39	t
152	2023-09-27 12:07:19.149826+05	2023-09-27 12:07:19.149855+05	\N	asdqwe	updated	14	217.30.163.211	\N	6	\N	\N	35	t
153	2023-09-27 12:07:36.96861+05	2023-09-27 12:07:36.968641+05	\N	hhhh	deleted	14	217.30.163.211	\N	6	\N	\N	34	t
154	2023-09-27 12:31:01.503869+05	2023-09-27 12:31:01.503889+05	\N	Azizbek G'aybullayev Olimjon o'gli	created	14	217.30.163.211	\N	6	\N	\N	30	t
155	2023-09-27 12:31:05.99136+05	2023-09-27 12:31:05.991383+05	\N	\N	updated	14	217.30.163.211	\N	6	\N	\N	39	t
156	2023-09-27 12:37:06.330281+05	2023-09-27 12:37:06.330302+05	\N	asdqwe	updated	14	217.30.163.211	\N	6	\N	\N	35	t
157	2023-09-27 14:18:05.539286+05	2023-09-27 14:18:05.539311+05	\N	\N	updated	14	217.30.163.211	\N	6	\N	\N	39	t
158	2023-09-27 14:19:10.044668+05	2023-09-27 14:19:10.044693+05	\N	ddd	updated	14	217.30.163.211	\N	6	\N	\N	35	t
159	2023-09-27 14:19:15.798877+05	2023-09-27 14:19:15.798907+05	\N	\N	updated	14	217.30.163.211	\N	6	\N	\N	39	t
179	2023-10-05 18:32:57.406662+05	2023-10-05 18:32:57.406681+05	\N	Toshmat Eshmatov	created	13	217.30.163.211	\N	6	\N	\N	30	t
180	2023-10-05 18:32:57.411491+05	2023-10-05 18:32:57.411509+05	\N	Azizbek G'aybullayev Olimjon o'gli	created	13	217.30.163.211	\N	6	\N	\N	30	t
181	2023-10-05 18:33:42.859369+05	2023-10-05 18:33:42.859388+05	\N	\N	updated	13	217.30.163.211	\N	6	\N	\N	39	t
183	2023-10-05 18:38:15.354529+05	2023-10-05 18:38:15.354549+05	\N	hello world	created	10	217.30.163.211	\N	32	\N	\N	28	t
189	2023-10-10 15:21:24.914127+05	2023-10-10 15:21:24.914152+05	\N	<p>ddasdqweasd</p>	created	13	217.30.163.211	\N	6	\N	\N	36	t
190	2023-10-10 15:31:18.003896+05	2023-10-10 15:31:18.003927+05	<p>ddasdqweasd</p>	<p>bajarildi</p>	updated	13	217.30.163.211	\N	6	\N	\N	37	t
191	2023-10-10 15:33:35.094323+05	2023-10-10 15:33:35.094354+05	\N	<p>ish bajarildi</p>	created	8	217.30.163.211	\N	6	\N	\N	36	t
192	2023-10-10 15:43:57.292706+05	2023-10-10 15:43:57.292737+05	<p>ish bajarildi</p>	<p>ish bajarildi 123</p>	updated	8	217.30.163.211	\N	6	\N	\N	37	t
330	2024-07-25 23:37:51.430827+05	2024-07-25 23:37:51.430847+05	\N	0725/3	created	68	84.54.84.246	\N	6	11	11	1	t
331	2024-07-25 23:41:11.10409+05	2024-07-25 23:41:11.104107+05	\N	Bolim Boshligi	created	68	84.54.84.246	\N	6	10	10	30	t
332	2024-07-25 23:41:11.10866+05	2024-07-25 23:41:11.108681+05	\N	Bosh Mutaxassis	created	68	84.54.84.246	\N	6	10	10	30	t
333	2024-07-25 23:41:26.608386+05	2024-07-25 23:41:26.608403+05	\N	\N	updated	68	84.54.84.246	\N	6	10	10	39	t
334	2024-07-26 00:32:48.194614+05	2024-07-26 00:32:48.194634+05	\N	bajarildi	created	68	84.54.84.246	\N	6	12	12	36	t
335	2024-07-26 00:35:27.990758+05	2024-07-26 00:35:27.990777+05	\N	bajarildii	created	68	84.54.84.246	\N	6	11	11	36	t
336	2024-07-26 00:38:32.903338+05	2024-07-26 00:38:32.903356+05	\N	f	updated	68	84.54.84.246	\N	6	10	10	37	t
337	2024-07-27 00:14:37.025041+05	2024-07-27 00:14:37.025062+05	\N	2342	created	69	84.54.84.246	\N	6	1	1	1	t
338	2024-07-27 14:17:33.064377+05	2024-07-27 14:17:33.064396+05	\N	test-1111	created	70	213.230.78.183	\N	6	1	1	1	t
\.


--
-- Data for Name: reference_commentmodel; Type: TABLE DATA; Schema: public; Owner: postgres
--

COPY public.reference_commentmodel (id, created_date, modified_date, object_id, description, is_deleted, is_edited, content_type_id, created_by_id, file_id, modified_by_id, replied_to_id, is_active) FROM stdin;
19	2023-11-29 17:08:00.967893+05	2023-11-30 17:00:00.984813+05	47	asdqwe	f	t	\N	1	\N	1	\N	t
41	2023-11-30 17:04:09.575581+05	2023-11-30 17:04:09.575604+05	21	444	f	f	\N	1	\N	1	17	t
42	2023-11-30 17:26:25.972687+05	2023-11-30 17:26:25.97271+05	47	1111111	f	f	\N	1	\N	1	\N	t
43	2023-11-30 17:27:04.350017+05	2023-11-30 17:27:04.350042+05	21	sssss	f	f	\N	1	\N	1	15	t
44	2023-11-30 17:29:19.82744+05	2023-11-30 17:29:19.82746+05	47	22222	f	f	\N	1	\N	1	19	t
45	2023-11-30 17:41:41.276694+05	2023-11-30 17:46:49.202726+05	47	33333aaaa	f	t	\N	1	\N	1	44	t
46	2023-11-30 17:47:06.808941+05	2023-11-30 17:47:06.808961+05	47	33333	f	f	\N	1	\N	1	44	t
47	2023-11-30 17:47:32.228364+05	2023-11-30 17:47:32.228387+05	47	123	f	f	6	1	\N	1	28	t
15	2023-11-29 15:45:31.042939+05	2023-11-29 15:45:31.042963+05	21	asdasd	f	f	\N	1	\N	1	\N	t
16	2023-11-29 16:04:17.135523+05	2023-11-29 16:04:17.135551+05	21	12	f	f	\N	1	\N	1	15	t
17	2023-11-29 16:12:57.420415+05	2023-11-29 16:13:13.299335+05	21	asd\n333	f	f	\N	1	\N	1	16	t
18	2023-11-29 17:00:26.051686+05	2023-11-29 17:00:26.051711+05	21	asd	f	f	\N	1	\N	1	\N	t
20	2023-11-30 14:42:23.106017+05	2023-11-30 14:42:23.106039+05	47	asdasdsad	f	f	6	1	\N	1	\N	t
21	2023-11-30 14:42:47.106295+05	2023-11-30 14:42:47.106319+05	47	adsasdasdasd	f	f	6	1	\N	1	\N	t
22	2023-11-30 14:42:53.371472+05	2023-11-30 14:42:53.371496+05	47	asdasdasd	f	f	6	1	\N	1	\N	t
23	2023-11-30 14:42:53.699108+05	2023-11-30 14:42:53.699137+05	47	asdasdasd	f	f	6	1	\N	1	\N	t
24	2023-11-30 14:42:53.97626+05	2023-11-30 14:42:53.976292+05	47	asdasdasd	f	f	6	1	\N	1	\N	t
25	2023-11-30 14:42:54.189001+05	2023-11-30 14:42:54.18903+05	47	asdasdasd	f	f	6	1	\N	1	\N	t
26	2023-11-30 14:42:54.433042+05	2023-11-30 14:42:54.433065+05	47	asdasdasd	f	f	6	1	\N	1	\N	t
27	2023-11-30 14:42:54.699114+05	2023-11-30 14:42:54.699139+05	47	asdasdasd	f	f	6	1	\N	1	\N	t
28	2023-11-30 14:42:55.434736+05	2023-11-30 14:42:55.434767+05	47	asdasdasd	f	f	6	1	\N	1	\N	t
29	2023-11-30 14:48:18.157732+05	2023-11-30 14:48:18.157765+05	47	asdasdasdasdasd	f	f	6	1	\N	1	\N	t
30	2023-11-30 14:48:45.933333+05	2023-11-30 14:48:45.933365+05	47	asdasdasdasd	f	f	6	1	\N	1	\N	t
31	2023-11-30 14:48:53.9858+05	2023-11-30 14:48:53.985829+05	47	asdasdasdasdqwe	f	f	6	1	\N	1	\N	t
32	2023-11-30 15:22:24.272372+05	2023-11-30 15:22:24.2724+05	47	asdasdasd 123	f	f	6	1	\N	1	\N	t
33	2023-11-30 15:22:52.741568+05	2023-11-30 15:22:52.741597+05	47	asdasdasd	f	f	6	1	\N	1	\N	t
34	2023-11-30 15:23:04.446206+05	2023-11-30 15:23:04.446235+05	47	asd	f	f	6	1	\N	1	\N	t
35	2023-11-30 15:29:56.248698+05	2023-11-30 15:29:56.248721+05	47	asdasdasdasd	f	f	6	1	\N	1	\N	t
36	2023-11-30 15:30:17.369965+05	2023-11-30 15:30:17.369988+05	47	asdasdqwe	f	f	6	1	\N	1	\N	t
37	2023-11-30 15:30:24.560048+05	2023-11-30 15:30:24.560071+05	47	asdasdasdasdasd	f	f	6	1	\N	1	\N	t
38	2023-11-30 15:38:02.441156+05	2023-11-30 15:38:02.441188+05	47	asdasdasd<br>asdasdasD<br>ASDASDASD<br>ASDASD<br>	f	f	6	1	\N	1	\N	t
39	2023-11-30 15:38:21.435947+05	2023-11-30 15:38:21.435999+05	47	asdasdasd	f	f	6	1	\N	1	\N	t
40	2023-11-30 15:39:43.828892+05	2023-11-30 15:39:43.828915+05	47	asdasd<br>ASDASD<br>ASD<br>ASD<br>	f	f	6	1	\N	1	\N	t
48	2024-07-23 22:49:37.205481+05	2024-07-23 22:49:37.205502+05	66	vggvhj	f	f	6	1	\N	1	\N	t
49	2024-07-23 22:49:44.261545+05	2024-07-23 22:49:44.261577+05	66	bhjhb	f	f	6	1	\N	1	48	t
2	2023-09-24 11:45:33.634414+05	2023-09-24 11:45:33.634441+05	12	bbbb	f	f	6	\N	\N	\N	\N	t
3	2023-09-24 11:47:21.064157+05	2023-09-24 11:47:21.064195+05	12	dddd	f	f	6	\N	\N	\N	\N	t
4	2023-09-24 11:47:31.457415+05	2023-09-24 11:47:31.45746+05	12	asdbb	f	f	6	\N	\N	\N	\N	t
1	2023-09-24 11:12:07.846323+05	2023-09-24 22:06:40.024932+05	12	muhammad :) ads	f	t	6	\N	\N	\N	\N	t
5	2023-09-25 14:22:30.085325+05	2023-09-25 14:22:30.085358+05	12	123	f	f	6	\N	\N	\N	1	t
6	2023-09-25 14:53:09.789892+05	2023-09-25 14:53:29.883722+05	12	aaabbb	f	t	6	\N	\N	\N	5	t
7	2023-09-25 14:54:12.495565+05	2023-09-25 14:54:12.495595+05	12	ccc	f	f	6	\N	\N	\N	5	t
8	2023-09-25 14:54:33.908985+05	2023-09-25 14:54:33.909012+05	12	ddd	f	f	6	\N	\N	\N	5	t
9	2023-09-25 15:07:46.984793+05	2023-09-25 15:07:46.984815+05	12	1	f	f	6	\N	\N	\N	8	t
10	2023-09-25 15:09:01.772463+05	2023-09-25 15:09:11.601031+05	12	123456	f	t	6	\N	\N	\N	2	t
11	2023-09-25 15:16:11.217059+05	2023-09-25 15:16:11.217088+05	12	xaxaxaxax	f	f	6	\N	\N	\N	\N	t
12	2023-09-25 15:20:20.764642+05	2023-09-25 15:20:20.764672+05	12	cccc	f	f	6	\N	\N	\N	\N	t
13	2023-09-27 16:21:34.687716+05	2023-09-27 16:21:34.687746+05	14	asd	f	f	6	\N	\N	\N	\N	t
14	2023-09-27 16:21:41.120832+05	2023-09-27 16:21:41.120862+05	14	bbb	f	f	6	\N	\N	\N	13	t
\.


--
-- Data for Name: reference_correspondent; Type: TABLE DATA; Schema: public; Owner: postgres
--

COPY public.reference_correspondent (id, created_date, modified_date, address, birth_date, checkpoint, description, email, father_name, first_name, gender, last_name, legal_address, legal_name, name, phone, pinfl, type, created_by_id, modified_by_id, is_active, tin) FROM stdin;
2	2023-08-11 22:22:58.706998+05	2023-08-11 22:22:58.708194+05	123123	\N	\N	\N	123123@gmail.com	123123	123	m	123	\N	\N	123 123 123123	123123123	\N		\N	\N	t	\N
3	2023-08-11 22:25:10.921984+05	2023-08-11 22:25:10.923+05	123	\N	\N	\N	asd@gmail.com	3333	333	f	333	\N	\N	333 333 3333	123123	\N		\N	\N	t	\N
4	2023-08-11 22:32:11.86977+05	2023-08-11 22:32:11.87084+05	123123	\N	\N	\N	1212@gmail.com	asdasd	asdasd	m	asdasd	\N	\N	asdasd asdasd asdasd	121212	\N		\N	\N	t	\N
5	2023-08-11 22:32:56.045052+05	2023-08-11 22:32:56.046198+05	123123	\N	\N	\N	123123@gmail.com	asdasd	asdasd	m	asdasd	\N	\N	asdasd asdasd asdasd	1123123	\N		\N	\N	t	\N
6	2023-08-11 22:39:57.286762+05	2023-08-11 22:39:57.287977+05	123	\N	\N	\N	123123@gmail.com	asd	asd	m	12	\N	\N	12 asd asd	123123	\N		\N	\N	t	\N
7	2023-08-11 22:40:54.246986+05	2023-08-11 22:40:54.247059+05	asdasdasd	\N	123	121212	123@gmail.com	\N	\N	\N	\N	1212	asdasd	asdasdasdasd	1212	13123		\N	\N	t	\N
8	2023-08-11 22:41:30.244244+05	2023-08-11 22:41:30.244265+05	asd	\N	asdasd	asd	1212@gmail.com	\N	\N	\N	\N	asd	asdasd	asdasd	1212	asdasd		\N	\N	t	\N
9	2023-08-12 14:15:10.450284+05	2023-08-12 14:15:10.451201+05	asdasdasd	\N	\N	\N	123123@gmail.com	123123	123123	m	123123	\N	\N	123123 123123 123123	123123	\N		\N	\N	t	\N
10	2023-08-12 14:15:27.451916+05	2023-08-12 14:15:27.453219+05	adasdasd	\N	\N	\N	v123123@gmail.com	123	123	m	123	\N	\N	123 123 123	123123123123	\N		\N	\N	t	\N
11	2023-08-12 14:15:37.986876+05	2023-08-12 14:15:37.987772+05	ddd	\N	\N	\N	333123123@gmail.com	12	1212	f	12	\N	\N	12 1212 12	1212	\N		\N	\N	t	\N
12	2023-08-12 14:15:50.929428+05	2023-08-12 14:15:50.930444+05	asd333	\N	\N	\N	aaa123122223@gmail.com	22	122	f	1	\N	\N	1 122 22	33211	\N		\N	\N	t	\N
13	2023-08-12 14:16:15.682244+05	2023-08-12 14:16:15.683285+05	ddddd	\N	\N	\N	12aaa3123@gmail.com	ddd	dd	f	ddd	\N	\N	ddd dd ddd	ddd	\N		\N	\N	t	\N
14	2023-08-12 14:16:26.381095+05	2023-08-12 14:16:26.382117+05	555	\N	\N	\N	555@gmail.com	55	5555	f	555	\N	\N	555 5555 55	55	\N		\N	\N	t	\N
15	2023-08-12 14:16:38.920999+05	2023-08-12 14:16:38.92192+05	hhh	\N	\N	\N	hhh@gmail.com	hhh	hhh	f	hhhh	\N	\N	hhhh hhh hhh	hhh	\N		\N	\N	t	\N
16	2023-08-12 14:16:50.114376+05	2023-08-12 14:16:50.115551+05	2233	\N	\N	\N	2h123123@gmail.com	34	11111111	f	111	\N	\N	111 11111111 34	22	\N		\N	\N	t	\N
33	2023-09-18 16:02:43.859821+05	2023-09-18 16:02:43.859847+05	\N	\N	\N	Nimadir MCHJ	\N	\N	\N	\N	\N	Nimadir MCHJ	Nimadir MCHJ	Nimadir MCHJ	98999898989999	888888888888	legal	1	1	t	\N
26	2023-09-16 22:34:51.367446+05	2023-09-16 22:41:19.304364+05	Bogishamol Street"	2020-09-09	Test	TEst test	test@mail.com	Testovich	Bekzod	m	Abdullayev	Bogishamol Street	Test name"	Abdullayev Bekzod Testovich	98 999-99-99	111	physical	1	1	t	\N
25	2023-09-16 22:32:33.521925+05	2023-09-16 22:41:45.964471+05	Bogishamol Street"	2020-09-09	Test	TEst test	test@mail.com	Testovich	Bekzod	m	Abdullayev	Bogishamol Street	Test name"	Abdullayev Bekzod Testovich	98 999-99-99	11q	physical	1	1	t	\N
22	2023-09-14 22:44:47.865652+05	2023-09-16 22:41:58.677917+05	Bogishamol Street"	2020-09-09	Test	TEst test	test@mail.com	Testovich	Bekzod	m	Abdullayev	Bogishamol Street	Test name"	Abdullayev Bekzod Testovich	98 999-99-99	11	physical	1	1	t	\N
27	2023-09-16 23:11:04.046619+05	2023-09-16 23:11:04.049459+05	Alisher	2020-09-09	Test	TEst test	test@mail.com	Testovich	Bekzod	f	Abdullayev	Bogishamol Street	Test name"	Abdullayev Bekzod Testovich	98 999-99-99	88	physical	1	1	t	\N
28	2023-09-16 23:28:48.101272+05	2023-09-16 23:28:48.105353+05	Bogishamol Street1	2020-09-09	Test	TEst test	test@mail.com	Testovich	Bekzod	m	Abdullayev	Bogishamol Street	Test name"	Abdullayev Bekzod Testovich	98 999-99-99	a1	physical	1	1	t	\N
29	2023-09-16 23:29:01.661584+05	2023-09-16 23:29:01.666098+05	Bogishamol Street2	2020-09-09	Test	TEst test	test@mail.com	Testovich	Bekzod	m	Abdullayev	Bogishamol Street	Test name"	Abdullayev Bekzod Testovich	98 999-99-99	a2	physical	1	1	t	\N
30	2023-09-17 00:38:03.181814+05	2023-09-17 00:38:03.186665+05	Bogishamol Street"	2020-09-09	Test	TEst test	test@mail.com	Testovich	Bekzod	f	Abdullayev	Bogishamol Street	Test name"	Abdullayev Bekzod Testovich	98 999-99-99	111111	physical	1	1	t	\N
31	2023-09-17 00:39:16.134707+05	2023-09-17 00:39:16.139594+05	Bogishamol Street"	2020-09-09	Test	TEst test	test@mail.com	Testovich	Bekzod	m	Abdullayev	Bogishamol Street	Test name"	Abdullayev Bekzod Testovich	98 999-99-99	12qw	physical	1	1	t	\N
34	2023-09-19 17:53:30.424595+05	2023-09-19 17:53:30.428929+05	Termiz	2023-08-02	qqqqqq	qqqq	test@gmial.coom	Test Name	Test  F	m	Test	Test	Test	Test Test  F Test Name	Test	Test	physical	1	1	t	\N
35	2023-10-16 09:59:33.043357+05	2023-10-16 09:59:33.04338+05	\N	\N	\N	\N	\N	\N	\N	\N	\N		BUREAU VERITAS	BUREAU VERITAS	2342342	23424234	legal	1	1	t	\N
36	2024-07-24 20:34:26.768881+05	2024-07-24 20:34:26.768905+05	\N	\N			info@fido.uz	\N	\N	\N	\N	Amir Temur kochasi 47 uy	OOO "Fido Biznes"	OOO "Fido Biznes"	+998900000000	\N	legal	1	1	t	433332222
\.


--
-- Data for Name: reference_deliverytype; Type: TABLE DATA; Schema: public; Owner: postgres
--

COPY public.reference_deliverytype (id, created_date, modified_date, name, created_by_id, modified_by_id, name_en, name_ru, name_uz, is_active) FROM stdin;
3	2024-07-23 18:32:38.205821+05	2024-07-23 18:32:38.205842+05	Po'chta	1	1	\N		Po'chta	t
2	2024-07-23 18:32:15.714257+05	2024-07-23 18:36:01.488159+05	El.po'chta	1	1	\N	. 	El.po'chta	t
1	2023-08-09 17:36:05.271576+05	2024-07-23 18:36:38.262777+05	Kuryer	1	1	Qo'lda		Kuryer	t
4	2024-07-23 18:37:52.192129+05	2024-07-23 18:37:52.192157+05	EXA servisi	1	1	\N	 . 	EXA servisi	t
\.


--
-- Data for Name: reference_digitalsigninfo; Type: TABLE DATA; Schema: public; Owner: postgres
--

COPY public.reference_digitalsigninfo (id, created_date, modified_date, is_active, uuid, document_id, pkcs7, pkcs7_info, signed, ip_addr, signed_on, type, author_id, created_by_id, modified_by_id) FROM stdin;
\.


--
-- Data for Name: reference_district; Type: TABLE DATA; Schema: public; Owner: postgres
--

COPY public.reference_district (id, created_date, modified_date, name, name_uz, name_ru, name_en, created_by_id, modified_by_id, region_id, is_active, code) FROM stdin;
\.


--
-- Data for Name: reference_documentsubtype; Type: TABLE DATA; Schema: public; Owner: postgres
--

COPY public.reference_documentsubtype (id, created_date, modified_date, name, short_name, created_by_id, document_type_id, modified_by_id, is_active) FROM stdin;
\.


--
-- Data for Name: reference_documenttitle; Type: TABLE DATA; Schema: public; Owner: postgres
--

COPY public.reference_documenttitle (id, created_date, modified_date, is_active, name, name_uz, name_ru, name_en, created_by_id, modified_by_id) FROM stdin;
1	2024-07-23 18:56:23.628629+05	2024-07-23 18:56:23.628649+05	t	Test document	Test document	Test document	\N	1	1
\.


--
-- Data for Name: reference_documenttype; Type: TABLE DATA; Schema: public; Owner: postgres
--

COPY public.reference_documenttype (id, created_date, modified_date, name, short_name, created_by_id, journal_id, modified_by_id, is_for_compose, name_en, name_ru, name_uz, is_active) FROM stdin;
2	2023-08-10 16:41:59.562623+05	2023-09-25 15:40:46.927547+05		order	1	1	1	f	Order		Buyruq	t
1	2023-08-09 17:34:31.224983+05	2023-09-25 15:42:26.12989+05		report	1	2	1	f	Raport		Bildirishnoma	t
3	2024-07-23 18:39:04.26686+05	2024-07-23 18:39:04.266894+05	Xizmat yozishmasi	\N	1	\N	1	f	\N	 	Xizmat yozishmasi	t
4	2024-07-23 18:39:52.089169+05	2024-07-23 18:39:52.089189+05	Farmoyish	\N	1	\N	1	f	\N		Farmoyish	t
\.


--
-- Data for Name: reference_employeegroup; Type: TABLE DATA; Schema: public; Owner: postgres
--

COPY public.reference_employeegroup (id, created_date, modified_date, name, created_by_id, modified_by_id, is_active) FROM stdin;
1	2023-08-15 19:40:49.770304+05	2023-08-15 19:40:49.77606+05	test group 1	\N	\N	t
2	2023-08-15 19:48:25.766123+05	2023-08-15 19:48:25.770653+05	test group 2	\N	\N	t
\.


--
-- Data for Name: reference_employeegroup_employees; Type: TABLE DATA; Schema: public; Owner: postgres
--

COPY public.reference_employeegroup_employees (id, employeegroup_id, user_id) FROM stdin;
4	2	1
\.


--
-- Data for Name: reference_errormessage; Type: TABLE DATA; Schema: public; Owner: postgres
--

COPY public.reference_errormessage (id, created_date, modified_date, message, message_uz, message_ru, status, status_code, code, created_by_id, modified_by_id, message_en, is_active) FROM stdin;
1	2023-07-08 14:55:32.598+05	2023-07-30 22:02:48.357+05	You do not have enough permission to perform this action	Ushbu amalni bajarish uchun sizda yetarli huquqlar mavjud emas	       	fail	403	700	1	1	You do not have enough permission to perform this action	t
3	2023-07-08 16:12:21.952+05	2024-02-14 10:30:57.069+05	Login or password is incorrect	Login yoki parol noto'g'ri	   	fail	400	701	1	1	Login or password is incorrect	t
4	2023-07-08 16:13:29.289+05	2024-02-14 10:31:01.283+05	Account is not active	Akkount aktiv holatda emas	   	fail	400	702	1	1	Account is not active	t
5	2023-07-08 16:14:35.766+05	2024-02-14 10:31:05.144+05	Account did not register	Foydalanuvchi ro'yxatdan o'tmagan	  	fail	400	703	1	1	Account did not register	t
6	2023-07-29 12:19:13.919+05	2023-07-30 22:02:57.68+05	{type} field is required	{type} to'ldirilishi shart	{type}   	fail	400	600	1	1	{type} field is required	t
7	2023-07-29 12:58:58.431+05	2023-07-30 22:03:05.703+05	{req_field} is required when type is {type}	Turi {type} bolsa, {req_field} talab qilinadi	{req_field} ,   {type}	fail	400	601	1	1	{req_field} is required when type is {type}	t
8	2023-07-29 16:35:32.852+05	2023-07-30 22:03:12.733+05	This {object} already exists	Bu {object} allaqachon mavjud	 {object}  	fail	400	602	1	1	This {object} already exists	t
9	2023-07-30 22:04:19.575+05	2023-07-30 22:04:19.575+05	{pk} does not exist in {model}	{pk} {model} da mavjud emas	{pk}    {model}	fail	400	603	1	1	{pk} does not exist in {model}	t
10	2023-08-05 21:50:54.048+05	2023-08-05 21:50:54.048+05	You can't delete this object because it is connected to other objects	Bu obyektni ochira olmaysiz, chunki u boshqa obyektlarga ulangan	     ,       	fail	403	604	1	1	You can't delete this object because it is connected to other objects	t
11	2023-08-26 13:50:29.405+05	2023-08-26 13:50:29.405+05	Please select at least one signer	Kamida bitta imzolovchini tanlang	,      	fail	400	605	1	1	Please select at least one signer	t
12	2023-08-26 14:11:38.13+05	2023-08-26 14:11:38.13+05	{object} is not a valid choice	{object} togri emas	{object}    	fail	400	606	1	1	{object} is not a valid choice	t
13	2023-08-26 16:50:41.386+05	2023-08-26 16:50:41.386+05	Please leave a comment	Iltimos, izoh qoldiring	,  	fail	400	607	1	1	Please leave a comment	t
14	2023-08-26 16:54:32.006+05	2023-08-26 16:54:32.006+05	You have already rejected	Siz allaqachon rad etgansiz	  	fail	400	608	1	1	You have already rejected	t
15	2023-08-26 16:58:47.087+05	2023-08-26 16:58:47.087+05	You can't reject after you approve	Tasdiqlaganingizdan keyin rad eta olmaysiz	     	fail	400	609	1	1	You can't reject after you approve	t
16	2023-08-26 17:40:40.811+05	2023-08-26 17:40:40.811+05	You are already acquainted with this document	Siz ushbu hujjat bilan allaqachon tanishgansiz	     	fail	400	610	1	1	You are already acquainted with this document	t
17	2023-08-26 17:47:58.817+05	2023-08-26 17:47:58.817+05	You can't forward this document to the selected user because He/She already exists	Siz ushbu hujjatni tanlangan foydalanuvchiga yubora olmaysiz, chunki u allaqachon mavjud	       ,  /  .	fail	400	611	1	1	You can't forward this document to the selected user because He/She already exists	t
18	2023-08-26 17:49:56.648+05	2023-08-26 17:49:56.648+05	The document has been forwarded successfully	Hujjat muvaffaqiyatli yuborildi	  	success	200	800	1	1	The document has been forwarded successfully	t
19	2023-08-26 17:52:22.388+05	2023-08-26 17:52:22.388+05	You cannot send this document to anyone because you have appointed executors	Siz bu hujjatni hech kimga yubora olmaysiz, chunki siz ijrochilarni tayinlagansiz	      ,     	fail	400	612	1	1	You cannot send this document to anyone because you have appointed executors	t
20	2023-09-06 18:03:50.779+05	2023-09-06 18:04:24.732+05	You have already agreed	Siz allaqachon kelishgansiz	  	fail	400	613	1	1	You have already agreed	t
21	2023-09-07 17:33:51.773+05	2023-09-07 17:33:51.773+05	Deadline required if type is control point	Agar turi nazorat punkti bo'lsa, ijro muddat talab qilinadi	  ,     	fail	400	614	1	1	Deadline required if type is control point	t
22	2023-09-08 19:51:48.324+05	2023-09-08 19:51:48.324+05	Please select performers	Iltimos, ijrochilarni tanlang	,  	fail	400	615	1	1	Please select performers	t
23	2023-09-10 13:38:46.21+05	2023-09-10 13:38:46.21+05	You cannot delete an approved resolution	Tasdiqlangan rezolutsiyani ochira olmaysiz	     .	fail	400	616	1	1	You cannot delete an approved resolution	t
24	2023-09-10 13:39:54.815+05	2023-09-10 13:39:54.815+05	Please leave a comment	Iltimos izoh qoldiring	,  	fail	400	617	1	1	Please leave a comment	t
25	2023-09-10 13:46:43.32+05	2023-09-10 13:46:43.32+05	{object} has been deleted successfully	{object} muvaffaqiyatli ochirildi	{object}  	success	204	801	1	1	{object} has been deleted successfully	t
26	2023-09-10 14:06:09.786+05	2023-09-10 14:06:09.786+05	The resolution was rejected	Rezolutsiya rad etildi	  	success	200	802	1	1	The resolution was rejected	t
27	2023-09-10 15:44:10.232+05	2023-09-10 15:44:10.232+05	Please mark as acquainted before performing the assignment	Iltimos, topshiriqni bajarishdan oldin tanishdim deb belgilang	      	fail	400	618	1	1	Please mark as acquainted before performing the assignment	t
28	2023-09-19 11:57:05.154+05	2023-09-19 11:57:05.154+05	{curator} does not have a assistant please add an assistant	{curator}ni yordamchisi yo'q, yordamchini qo'shing iltimos	 {curator}  , ,  	fail	400	619	1	1	{curator} does not have a assistant please add an assistant	t
29	2023-09-19 16:30:52.078+05	2023-09-19 16:30:52.079+05	An unknown error occurred. Please get in touch with the admin	Noma'lum xatolik yuz berdi. Iltimos admin bilan bog'laning	  . ,   	fail	500	777	1	1	An unknown error occurred. Please get in touch with the admin	t
30	2023-12-15 16:08:53.964+05	2023-12-15 16:08:53.964+05	You cannot delete this division because it has a child department	Siz bu tarkibiy tuzilmani ochira olmaysiz, chunki unda quyi tarkibiy tuzilmalar mavjud	     ,      	fail	200	620	1	1	You cannot delete this division because it has a child department	t
31	2023-12-15 17:07:16.468+05	2023-12-15 17:07:16.468+05	You cannot delete this division because it has employees	Siz bu tarkibiy tuzilmani ochira olmaysiz, chunki unda xodimlar bor	     ,     	fail	400	621	1	1	You cannot delete this division because it has employees	t
32	2023-12-18 15:21:41.444+05	2023-12-18 15:22:09.088+05	Users have been added to department successfully	Foydalanuvchilar bo'limga qo'shildi	   	success	200	803	1	1	Users have been added to department successfully	t
33	2023-12-18 15:49:23.446+05	2023-12-18 15:49:23.446+05	{object} has already in department. You can move him/her to another department	{object} allaqachon tarkibiy tuzilmada. Siz uni boshqa bo'limga ko'chirishingiz mumkin	{object}    .       	fail	400	622	1	1	{object} has already in department. You can move him/her to another department	t
34	2024-01-06 09:56:04.505+05	2024-01-06 09:56:04.505+05	Token is invalid or expired	Sessiya vaqti tugadi yoki token yaroqsiz	      .	fail	401	704	1	1	Token is invalid or expired	t
35	2024-01-06 10:05:39.042+05	2024-01-06 10:05:39.042+05	Old password is incorrect	Eski parol noto'g'ri	  	fail	400	705	1	1	Old password is incorrect	t
36	2024-01-06 10:07:14.98+05	2024-01-06 10:07:35.699+05	No token generated	Hech qanday token yaratilmadi	  	fail	304	706	1	1	No token generated	t
37	2024-01-06 10:08:28.135+05	2024-01-06 10:08:28.135+05	Invalid data sent	Noto'g'ri malumotlar yuborildi	  	fail	400	707	1	1	Invalid data sent	t
38	2024-01-06 10:36:46.358+05	2024-01-06 10:36:46.358+05	{object} not found	{object} topilmadi	{object}  	fail	404	623	1	1	{object} not found	t
39	2024-01-11 15:46:17.722+05	2024-01-11 15:46:17.722+05	User did not match	Foydalanuvchi mos kelmadi	  	fail	400	624	1	1	User did not match	t
40	2024-01-11 15:48:13.975+05	2024-01-11 15:48:13.975+05	Error in e-signature {e}	E-imzoda xatolik {e}	    {e}	fail	400	625	1	1	Error in e-signature {e}	t
41	2024-02-13 17:03:20.574+05	2024-02-13 17:03:20.574+05	You can not create private chat with yourself	You can not create private chat with yourself	        	fail	400	626	1	1	You can not create private chat with yourself	t
42	2024-02-13 17:26:30.528+05	2024-02-13 17:26:30.528+05	Chat already exists	Chat allaqachon mavjud	  	fail	400	627	1	1	Chat already exists	t
43	2024-02-20 14:22:53.389+05	2024-02-20 14:22:53.389+05	The document was not agreed with the negotiators	Hujjat kelishuvchilar bilan kelishilmadi	     	fail	400	628	1	1	The document was not agreed with the negotiators	t
\.


--
-- Data for Name: reference_fieldactionmapping; Type: TABLE DATA; Schema: public; Owner: postgres
--

COPY public.reference_fieldactionmapping (id, created_date, modified_date, field_name, action_code, created_by_id, modified_by_id, is_active) FROM stdin;
1	2023-08-05 13:13:11.092+05	2023-08-05 13:13:11.092+05	register_number	101	\N	\N	t
2	2023-08-05 13:13:20.828+05	2023-08-05 13:13:20.828+05	register_date	102	\N	\N	t
3	2023-08-05 13:13:32.769+05	2023-08-05 13:13:32.769+05	code	103	\N	\N	t
4	2023-08-05 13:15:35.401+05	2023-08-05 13:45:53.427+05	priority	104	\N	\N	t
5	2023-08-05 13:15:47.204+05	2023-08-05 13:15:47.204+05	grif	105	\N	\N	t
6	2023-08-05 13:15:55.924+05	2023-08-05 13:15:55.924+05	outgoing_number	106	\N	\N	t
7	2023-08-05 13:16:06.317+05	2023-08-05 13:16:06.317+05	outgoing_date	107	\N	\N	t
8	2023-08-05 13:16:16.61+05	2023-08-05 13:16:16.61+05	description	108	\N	\N	t
9	2023-08-05 13:16:28.4+05	2023-08-05 13:16:36.429+05	title	109	\N	\N	t
10	2023-08-05 13:17:06.714+05	2023-08-05 13:17:06.714+05	correspondent	110	\N	\N	t
11	2023-08-05 13:17:17.571+05	2023-08-05 13:17:17.571+05	document_type	111	\N	\N	t
12	2023-08-05 13:17:27.192+05	2023-08-05 13:17:27.192+05	journal	112	\N	\N	t
13	2023-08-05 13:17:36.377+05	2023-08-05 13:17:36.377+05	language	113	\N	\N	t
14	2023-08-05 13:17:45.833+05	2023-08-05 13:17:51.071+05	delivery_type	114	\N	\N	t
\.


--
-- Data for Name: reference_journal; Type: TABLE DATA; Schema: public; Owner: postgres
--

COPY public.reference_journal (id, created_date, modified_date, name, is_auto_numbered, period_of_time, number_of_chars, prefix, index, is_active, created_by_id, modified_by_id, is_for_compose, name_en, name_ru, name_uz, icon_id, sort_order, code) FROM stdin;
1	2023-08-09 17:28:13.345193+05	2024-07-22 12:59:12.84927+05	Incoming	f	\N	\N	\N	0	t	1	1	f	Incoming		Kiruvchi	\N	0	100
2	2023-08-11 16:38:32.151035+05	2024-07-22 12:59:24.819036+05	Ichki	f	\N	\N	\N	1	t	1	1	f	\N		Ichki	\N	0	103
3	2023-08-11 16:45:34.734483+05	2024-07-22 12:59:29.471746+05	Chiquvchi	f	\N	\N	\N	2	t	1	1	f	\N		Chiquvchi	\N	0	101
4	2023-08-11 16:45:55.532337+05	2024-07-22 12:59:36.790173+05	Murojaat	f	\N	\N	\N	3	t	1	1	f	\N		Murojaat	\N	0	105
5	2023-08-11 16:46:08.135903+05	2024-07-22 12:59:43.997537+05	Buyruqlar va farmoyishlar	f	\N	\N	\N	4	t	1	1	f	\N	  	Buyruqlar va farmoyishlar	\N	0	104
7	2023-08-11 18:40:27.050239+05	2024-07-22 12:59:51.774092+05	Arizalar	f	\N	\N	\N	\N	t	1	1	f	\N		Arizalar	\N	0	106
\.


--
-- Data for Name: reference_languagemodel; Type: TABLE DATA; Schema: public; Owner: postgres
--

COPY public.reference_languagemodel (id, created_date, modified_date, name, name_uz, name_ru, name_en, created_by_id, modified_by_id, is_active) FROM stdin;
2	2023-08-09 17:44:33.829449+05	2023-08-11 16:06:23.773568+05	Ru	Ru	Ru	Ru	1	1	t
3	2023-08-11 16:06:46.836394+05	2023-08-11 16:06:46.836414+05	Uz	Uz	Uz	Uz	1	1	t
\.


--
-- Data for Name: reference_priority; Type: TABLE DATA; Schema: public; Owner: postgres
--

COPY public.reference_priority (id, created_date, modified_date, name, created_by_id, modified_by_id, name_en, name_ru, name_uz, is_active) FROM stdin;
4	2023-08-10 17:33:24.106693+05	2023-08-10 17:33:24.106714+05		1	1				t
5	2023-08-10 17:33:35.631093+05	2023-08-10 17:33:35.631108+05		1	1				t
6	2023-08-10 17:33:43.590946+05	2023-08-10 17:33:43.590962+05		1	1				t
\.


--
-- Data for Name: reference_region; Type: TABLE DATA; Schema: public; Owner: postgres
--

COPY public.reference_region (id, created_date, modified_date, name, name_uz, name_ru, name_en, created_by_id, modified_by_id, is_active, code) FROM stdin;
\.


--
-- Data for Name: reference_shortdescription; Type: TABLE DATA; Schema: public; Owner: postgres
--

COPY public.reference_shortdescription (id, created_date, modified_date, description, created_by_id, modified_by_id, description_en, description_ru, description_uz, is_active) FROM stdin;
5	2023-09-23 00:38:41.365845+05	2023-09-23 00:38:41.365869+05	TESTUZ	1	1	\N	TESTRU	TESTUZ	t
6	2023-09-23 00:39:33.416788+05	2023-09-23 00:39:33.416825+05	TESTU	1	1	\N	TESTR	TESTU	t
49	2023-09-26 15:44:20.105405+05	2023-09-26 15:44:20.105426+05	sssssUZ	1	1	\N	sssssRU	sssssUZ	t
\.


--
-- Data for Name: reference_statusmodel; Type: TABLE DATA; Schema: public; Owner: postgres
--

COPY public.reference_statusmodel (id, created_date, modified_date, name, description, "group", is_default, created_by_id, modified_by_id, name_ru, description_ru, description_uz, name_uz, description_en, name_en, is_active, is_done) FROM stdin;
8	2023-08-09 18:12:52.835+05	2023-08-11 15:49:13.787+05	TO DO	TO DO	TODO	t	1	1	TO DO	TO DO	TO DO	TO DO	TO DO	TO DO	t	f
9	2023-08-09 18:13:08.164+05	2023-08-09 18:13:08.164+05	IN PROGRESS	IN PROGRESS	IN_PROGRESS	f	1	1	IN PROGRESS	IN PROGRESS	IN PROGRESS	IN PROGRESS	IN PROGRESS	IN PROGRESS	t	f
10	2023-08-09 18:13:23.642+05	2023-08-09 18:13:23.642+05	ON HOLD	ON HOLD	IN_PROGRESS	f	1	1	ON HOLD	ON HOLD	ON HOLD	ON HOLD	ON HOLD	ON HOLD	t	f
11	2023-08-09 18:13:37.824+05	2023-08-09 18:13:37.824+05	FOR SIGNATURE	FOR SIGNATURE	IN_PROGRESS	f	1	1	FOR SIGNATURE	FOR SIGNATURE	FOR SIGNATURE	FOR SIGNATURE	FOR SIGNATURE	FOR SIGNATURE	t	f
12	2023-08-09 18:13:51.865+05	2023-08-09 18:13:51.865+05	ON REVIEW	ON REVIEW	IN_PROGRESS	f	1	1	ON REVIEW	ON REVIEW	ON REVIEW	ON REVIEW	ON REVIEW	ON REVIEW	t	f
13	2023-08-09 18:14:02.289+05	2024-01-22 17:26:28.225+05	DONE	DONE	DONE	f	1	1	DONE	DONE	DONE	DONE	DONE	DONE	t	t
14	2023-08-09 18:14:10.458+05	2023-08-09 18:14:10.458+05	CANCEL	CANCEL	DONE	f	1	1	CANCEL	CANCEL	CANCEL	CANCEL	CANCEL	CANCEL	t	f
\.


--
-- Data for Name: user_notificationmodel; Type: TABLE DATA; Schema: public; Owner: postgres
--

COPY public.user_notificationmodel (id, created_date, modified_date, name, name_uz, name_ru, name_en, description, description_uz, description_ru, description_en, type, created_by_id, modified_by_id, is_active) FROM stdin;
\.


--
-- Data for Name: user_notificationtype; Type: TABLE DATA; Schema: public; Owner: postgres
--

COPY public.user_notificationtype (id, created_date, modified_date, is_mute, created_by_id, modified_by_id, user_id, notification_id, is_active) FROM stdin;
\.


--
-- Data for Name: user_projectpermission; Type: TABLE DATA; Schema: public; Owner: postgres
--

COPY public.user_projectpermission (id, created_date, modified_date, name, created_by_id, modified_by_id, parent_id, content_type_id, url_path, is_active, description, has_permission, menu, method, sub_menu, type) FROM stdin;
1	2023-09-28 20:55:53.316503+05	2023-09-28 20:55:53.316538+05		1	1	\N	\N	\N	t	\N	f	\N	\N	\N	\N
2	2023-09-28 20:56:54.530621+05	2023-09-28 20:56:54.530657+05		1	1	1	\N	\N	t	\N	f	\N	\N	\N	\N
4	2023-09-28 20:58:48.198364+05	2023-09-28 20:58:48.19839+05		1	1	2	\N	\N	t	\N	f	\N	\N	\N	\N
5	2023-09-28 20:59:25.827704+05	2023-09-28 20:59:25.827735+05	 	1	1	2	\N	\N	t	\N	f	\N	\N	\N	\N
6	2023-09-28 20:59:39.27823+05	2023-09-28 20:59:39.27826+05	 	1	1	2	\N	\N	t	\N	f	\N	\N	\N	\N
7	2023-09-28 22:00:39.496584+05	2023-09-28 22:00:39.496614+05		1	1	1	\N	\N	t	\N	f	\N	\N	\N	\N
8	2023-09-28 22:01:14.843123+05	2023-09-28 22:01:14.843148+05		1	1	1	\N	\N	t	\N	f	\N	\N	\N	\N
9	2023-09-28 22:01:43.618605+05	2023-09-28 22:01:43.618627+05		1	1	8	\N	\N	t	\N	f	\N	\N	\N	\N
10	2023-09-28 23:16:41.108581+05	2023-10-10 16:07:19.443544+05	 	1	1	1	32	\N	t	\N	f	\N	\N	\N	\N
11	2023-10-15 10:55:53.699229+05	2023-10-15 10:55:53.69925+05	  	1	1	9	\N	project-permissions	t	\N	f	\N	\N	\N	\N
3	2023-09-28 20:58:01.288874+05	2023-10-10 15:53:00.75915+05	 	1	\N	2	\N	\N	t	\N	f	\N	\N	\N	\N
\.


--
-- Data for Name: user_rolemodel; Type: TABLE DATA; Schema: public; Owner: postgres
--

COPY public.user_rolemodel (id, created_date, modified_date, name, created_by_id, modified_by_id, is_active) FROM stdin;
\.


--
-- Data for Name: user_rolemodel_permissions; Type: TABLE DATA; Schema: public; Owner: postgres
--

COPY public.user_rolemodel_permissions (id, rolemodel_id, projectpermission_id) FROM stdin;
\.


--
-- Data for Name: user_topsigner; Type: TABLE DATA; Schema: public; Owner: postgres
--

COPY public.user_topsigner (id, created_date, modified_date, is_active, created_by_id, modified_by_id, user_id) FROM stdin;
6	2024-07-25 20:38:14.95955+05	2024-07-25 20:38:14.959572+05	t	1	1	5
\.


--
-- Data for Name: user_topsigner_doc_types; Type: TABLE DATA; Schema: public; Owner: postgres
--

COPY public.user_topsigner_doc_types (id, topsigner_id, documenttype_id) FROM stdin;
15	6	1
16	6	2
17	6	3
18	6	4
\.


--
-- Data for Name: user_user; Type: TABLE DATA; Schema: public; Owner: postgres
--

COPY public.user_user (id, password, last_login, username, is_registered, is_staff, is_superuser, first_name, last_name, father_name, date_joined, created_by_id, created_date, modified_by_id, modified_date, color, is_user_active, company_id, department_id, position_id, status_id, begin_work_date, birth_date, pinfl, table_number, tin, unique_number, role_id, phone, top_level_department_id, is_active, department_ids, otp) FROM stdin;
1	pbkdf2_sha256$600000$EbRNnmPqF1jLsq9eGhTCg3$S7SRJmPAqDSXnK9/C6lbLetvNtrWMszN74dBjrWvOXY=	2024-07-27 14:04:33.703343+05	998900000000	t	t	t	Toshmat	Eshmatov	\N	2023-08-07 14:04:48.284458+05	1	2023-08-07 14:04:48.284374+05	1	2024-07-23 18:54:06.058088+05	#FF9800	t	16	\N	3	1	\N	\N	11111111111111	\N	\N	\N	\N	998900000000	25	t	{}	\N
5	pbkdf2_sha256$600000$8OT7ExF06ZdO7NN1WP0F2p$2mss9BTK2LC7/46b5jhFGbSfAoVllxbDwVSEtWM1biE=	2024-07-27 14:07:24.332975+05	998911111111	t	f	f	Akmal	Ikromov	Bakhadirovich	2023-10-16 10:02:53.97273+05	1	2023-10-16 10:02:53.972659+05	1	2024-07-27 14:07:24.33296+05	#CDDC39	t	16	\N	3	1	\N	\N	23423423423423	\N	\N	\N	\N	998911111111	25	t	{}	\N
9		2024-07-25 09:47:31.111748+05	998237621536	f	f	f	test	test	test	2024-07-25 09:44:24.831131+05	1	2024-07-25 09:44:24.831011+05	1	2024-07-25 09:47:31.111733+05	#FF9800	t	16	\N	3	1	\N	\N	81634871352487	\N	\N	\N	\N	998237621536	25	t	{}	\N
10	pbkdf2_sha256$600000$TaLFM0GBr4UL1HZiTe5eTL$65KHpJ4rfI9wk8pAl1XG5M4A9etgpIR0vy5oLKoJ01Y=	2024-07-25 20:20:23.396222+05	998933333333	t	f	f	Direktor	Banka		2024-07-25 20:16:40.92037+05	1	2024-07-25 20:16:40.920284+05	\N	2024-07-25 20:20:23.396205+05	#f44336	t	16	\N	6	1	\N	\N	23424234234234	\N	\N	\N	\N	998933333333	25	t	{}	\N
8	pbkdf2_sha256$600000$8TXBTddmE5Lf99eDf8Jhfn$sipWk1KtOw0ej/IjKRisIpeX3oh54MNUlxWVYGPdBSM=	2024-07-25 23:34:38.490157+05	zampred2	t	f	f	Zampred	Banka	\N	2024-07-24 20:20:53.330586+05	1	2024-07-24 20:20:53.330512+05	\N	2024-07-25 23:34:38.490141+05	#4CAF50	t	16	\N	5	1	\N	\N	23232323232323	\N	\N	\N	\N	998922222222	25	t	{}	\N
11	pbkdf2_sha256$600000$RXUCTkuNbNF0TVErlNtCH6$BklTRdwV6CC9bJ9hSBWohxEdl3Mel5OxoNlR1vg3EvU=	2024-07-25 20:20:45.172358+05	998944444444	t	f	f	Bolim	Boshligi		2024-07-25 20:17:39.034051+05	1	2024-07-25 20:17:39.033957+05	\N	2024-07-25 20:20:45.172341+05	#2196F3	t	16	\N	10	1	\N	\N	34534534534555	\N	\N	\N	\N	998944444444	13	t	{}	\N
12	pbkdf2_sha256$600000$6V9sM0Tvcvghbba5bPDDW8$iBn3xix2aiWb/PglU+YQnnRc1fEHZ8wNEgytJrxY96M=	2024-07-26 17:27:43.701743+05	998955555555	t	f	f	Bosh	Mutaxassis		2024-07-25 20:18:40.200729+05	1	2024-07-25 20:18:40.200613+05	1	2024-07-26 17:27:43.701721+05	#03A9F4	t	16	\N	11	1	\N	\N	23423423423425	\N	\N	\N	\N	998955555555	13	t	{}	\N
\.


--
-- Data for Name: user_user_groups; Type: TABLE DATA; Schema: public; Owner: postgres
--

COPY public.user_user_groups (id, user_id, group_id) FROM stdin;
\.


--
-- Data for Name: user_user_user_permissions; Type: TABLE DATA; Schema: public; Owner: postgres
--

COPY public.user_user_user_permissions (id, user_id, permission_id) FROM stdin;
\.


--
-- Data for Name: user_userassistant; Type: TABLE DATA; Schema: public; Owner: postgres
--

COPY public.user_userassistant (id, created_date, modified_date, is_active, assistant_id, created_by_id, modified_by_id, user_id) FROM stdin;
12	2024-07-25 20:34:13.026334+05	2024-07-25 20:34:13.026352+05	t	1	1	1	5
13	2024-07-25 23:30:15.440313+05	2024-07-25 23:30:15.440335+05	t	1	1	1	8
\.


--
-- Data for Name: user_userstatus; Type: TABLE DATA; Schema: public; Owner: postgres
--

COPY public.user_userstatus (id, created_date, modified_date, name, name_uz, name_ru, name_en, code, created_by_id, modified_by_id, is_active) FROM stdin;
1	2024-07-21 17:42:48.612552+05	2024-07-21 17:42:48.61258+05	At work	Ishda	V rabote	At work	100	1	1	t
2	2024-07-21 17:43:35.251261+05	2024-07-21 17:43:35.251287+05	On vacation	Mehnat ta'tilida	 	On vacation	101	1	1	t
3	2024-07-21 17:44:08.358301+05	2024-07-21 17:44:08.358323+05	Sick leave	Kasallik varaqasida		Sick leave	102	1	1	t
\.


--
-- Data for Name: wcalendar_calendarmodel; Type: TABLE DATA; Schema: public; Owner: postgres
--

COPY public.wcalendar_calendarmodel (id, created_date, modified_date, is_active, title, start_date, end_date, description, type, created_by_id, modified_by_id, organizer_id, priority_id) FROM stdin;
\.


--
-- Data for Name: wcalendar_calendarmodel_attachments; Type: TABLE DATA; Schema: public; Owner: postgres
--

COPY public.wcalendar_calendarmodel_attachments (id, calendarmodel_id, file_id) FROM stdin;
\.


--
-- Data for Name: wcalendar_calendarparticipant; Type: TABLE DATA; Schema: public; Owner: postgres
--

COPY public.wcalendar_calendarparticipant (id, created_date, modified_date, is_active, is_informed, is_accepted, calendar_id, created_by_id, modified_by_id, user_id) FROM stdin;
\.


--
-- Data for Name: wchat_chat; Type: TABLE DATA; Schema: public; Owner: postgres
--

COPY public.wchat_chat (id, created_date, modified_date, is_active, type, title, created_by_id, modified_by_id) FROM stdin;
1	2024-07-22 00:06:48.1346+05	2024-07-22 00:06:48.13793+05	t	private	\N	1	1
\.


--
-- Data for Name: wchat_chatimage; Type: TABLE DATA; Schema: public; Owner: postgres
--

COPY public.wchat_chatimage (id, created_date, modified_date, is_active, chat_id, created_by_id, image_id, modified_by_id) FROM stdin;
\.


--
-- Data for Name: wchat_chatmember; Type: TABLE DATA; Schema: public; Owner: postgres
--

COPY public.wchat_chatmember (id, created_date, modified_date, is_active, role, chat_id, created_by_id, modified_by_id, user_id) FROM stdin;
1	2024-07-22 00:06:48.139254+05	2024-07-22 00:06:48.139267+05	t	member	1	1	1	5
2	2024-07-22 00:06:48.140302+05	2024-07-22 00:06:48.140315+05	t	owner	1	1	1	1
\.


--
-- Data for Name: wchat_chatmessage; Type: TABLE DATA; Schema: public; Owner: postgres
--

COPY public.wchat_chatmessage (id, created_date, modified_date, is_active, text, edited, deleted, deleted_time, type, chat_id, created_by_id, modified_by_id, receiver_id, replied_to_id, sender_id) FROM stdin;
\.


--
-- Data for Name: wchat_chatmessagefile; Type: TABLE DATA; Schema: public; Owner: postgres
--

COPY public.wchat_chatmessagefile (id, created_date, modified_date, is_active, created_by_id, file_id, message_id, modified_by_id) FROM stdin;
\.


--
-- Data for Name: wchat_messagereceiver; Type: TABLE DATA; Schema: public; Owner: postgres
--

COPY public.wchat_messagereceiver (id, created_date, modified_date, is_active, delivered, read, re_read, created_by_id, message_id, modified_by_id, receiver_id) FROM stdin;
\.


--
-- Name: auth_group_id_seq; Type: SEQUENCE SET; Schema: public; Owner: postgres
--

SELECT pg_catalog.setval('public.auth_group_id_seq', 1, false);


--
-- Name: auth_group_permissions_id_seq; Type: SEQUENCE SET; Schema: public; Owner: postgres
--

SELECT pg_catalog.setval('public.auth_group_permissions_id_seq', 1, false);


--
-- Name: auth_permission_id_seq; Type: SEQUENCE SET; Schema: public; Owner: postgres
--

SELECT pg_catalog.setval('public.auth_permission_id_seq', 224, true);


--
-- Name: company_department_id_seq; Type: SEQUENCE SET; Schema: public; Owner: postgres
--

SELECT pg_catalog.setval('public.company_department_id_seq', 25, true);


--
-- Name: company_id_seq; Type: SEQUENCE SET; Schema: public; Owner: postgres
--

SELECT pg_catalog.setval('public.company_id_seq', 16, true);


--
-- Name: company_position_id_seq; Type: SEQUENCE SET; Schema: public; Owner: postgres
--

SELECT pg_catalog.setval('public.company_position_id_seq', 12, true);


--
-- Name: compose_approver_id_seq; Type: SEQUENCE SET; Schema: public; Owner: postgres
--

SELECT pg_catalog.setval('public.compose_approver_id_seq', 30, true);


--
-- Name: compose_compose_files_id_seq; Type: SEQUENCE SET; Schema: public; Owner: postgres
--

SELECT pg_catalog.setval('public.compose_compose_files_id_seq', 1, false);


--
-- Name: compose_compose_id_seq; Type: SEQUENCE SET; Schema: public; Owner: postgres
--

SELECT pg_catalog.setval('public.compose_compose_id_seq', 10, true);


--
-- Name: compose_composestatus_id_seq; Type: SEQUENCE SET; Schema: public; Owner: postgres
--

SELECT pg_catalog.setval('public.compose_composestatus_id_seq', 5, true);


--
-- Name: compose_composeversionmodel_id_seq; Type: SEQUENCE SET; Schema: public; Owner: postgres
--

SELECT pg_catalog.setval('public.compose_composeversionmodel_id_seq', 1, false);


--
-- Name: compose_receiver_companies_id_seq; Type: SEQUENCE SET; Schema: public; Owner: postgres
--

SELECT pg_catalog.setval('public.compose_receiver_companies_id_seq', 1, false);


--
-- Name: compose_receiver_departments_id_seq; Type: SEQUENCE SET; Schema: public; Owner: postgres
--

SELECT pg_catalog.setval('public.compose_receiver_departments_id_seq', 26, true);


--
-- Name: compose_receiver_id_seq; Type: SEQUENCE SET; Schema: public; Owner: postgres
--

SELECT pg_catalog.setval('public.compose_receiver_id_seq', 6, true);


--
-- Name: compose_receiver_organizations_id_seq; Type: SEQUENCE SET; Schema: public; Owner: postgres
--

SELECT pg_catalog.setval('public.compose_receiver_organizations_id_seq', 1, false);


--
-- Name: compose_signer_id_seq; Type: SEQUENCE SET; Schema: public; Owner: postgres
--

SELECT pg_catalog.setval('public.compose_signer_id_seq', 26, true);


--
-- Name: django_admin_log_id_seq; Type: SEQUENCE SET; Schema: public; Owner: postgres
--

SELECT pg_catalog.setval('public.django_admin_log_id_seq', 103, true);


--
-- Name: django_content_type_id_seq; Type: SEQUENCE SET; Schema: public; Owner: postgres
--

SELECT pg_catalog.setval('public.django_content_type_id_seq', 56, true);


--
-- Name: django_migrations_id_seq; Type: SEQUENCE SET; Schema: public; Owner: postgres
--

SELECT pg_catalog.setval('public.django_migrations_id_seq', 143, true);


--
-- Name: docflow_assignee_files_id_seq; Type: SEQUENCE SET; Schema: public; Owner: postgres
--

SELECT pg_catalog.setval('public.docflow_assignee_files_id_seq', 1, false);


--
-- Name: docflow_assignee_id_seq; Type: SEQUENCE SET; Schema: public; Owner: postgres
--

SELECT pg_catalog.setval('public.docflow_assignee_id_seq', 45, true);


--
-- Name: docflow_assignment_id_seq; Type: SEQUENCE SET; Schema: public; Owner: postgres
--

SELECT pg_catalog.setval('public.docflow_assignment_id_seq', 30, true);


--
-- Name: docflow_basedocument_id_seq; Type: SEQUENCE SET; Schema: public; Owner: postgres
--

SELECT pg_catalog.setval('public.docflow_basedocument_id_seq', 70, true);


--
-- Name: docflow_documentfile_id_seq; Type: SEQUENCE SET; Schema: public; Owner: postgres
--

SELECT pg_catalog.setval('public.docflow_documentfile_id_seq', 5, true);


--
-- Name: docflow_reviewer_files_id_seq; Type: SEQUENCE SET; Schema: public; Owner: postgres
--

SELECT pg_catalog.setval('public.docflow_reviewer_files_id_seq', 1, false);


--
-- Name: docflow_reviewer_id_seq; Type: SEQUENCE SET; Schema: public; Owner: postgres
--

SELECT pg_catalog.setval('public.docflow_reviewer_id_seq', 133, true);


--
-- Name: document_file_id_seq; Type: SEQUENCE SET; Schema: public; Owner: postgres
--

SELECT pg_catalog.setval('public.document_file_id_seq', 5, true);


--
-- Name: reference_actiondescription_id_seq; Type: SEQUENCE SET; Schema: public; Owner: postgres
--

SELECT pg_catalog.setval('public.reference_actiondescription_id_seq', 43, true);


--
-- Name: reference_actionmodel_id_seq; Type: SEQUENCE SET; Schema: public; Owner: postgres
--

SELECT pg_catalog.setval('public.reference_actionmodel_id_seq', 338, true);


--
-- Name: reference_commentmodel_id_seq; Type: SEQUENCE SET; Schema: public; Owner: postgres
--

SELECT pg_catalog.setval('public.reference_commentmodel_id_seq', 49, true);


--
-- Name: reference_correspondent_id_seq; Type: SEQUENCE SET; Schema: public; Owner: postgres
--

SELECT pg_catalog.setval('public.reference_correspondent_id_seq', 36, true);


--
-- Name: reference_deliverytype_id_seq; Type: SEQUENCE SET; Schema: public; Owner: postgres
--

SELECT pg_catalog.setval('public.reference_deliverytype_id_seq', 4, true);


--
-- Name: reference_digitalsigninfo_id_seq; Type: SEQUENCE SET; Schema: public; Owner: postgres
--

SELECT pg_catalog.setval('public.reference_digitalsigninfo_id_seq', 1, false);


--
-- Name: reference_district_id_seq; Type: SEQUENCE SET; Schema: public; Owner: postgres
--

SELECT pg_catalog.setval('public.reference_district_id_seq', 1, false);


--
-- Name: reference_documentsubtype_id_seq; Type: SEQUENCE SET; Schema: public; Owner: postgres
--

SELECT pg_catalog.setval('public.reference_documentsubtype_id_seq', 1, false);


--
-- Name: reference_documenttitle_id_seq; Type: SEQUENCE SET; Schema: public; Owner: postgres
--

SELECT pg_catalog.setval('public.reference_documenttitle_id_seq', 1, true);


--
-- Name: reference_documenttype_id_seq; Type: SEQUENCE SET; Schema: public; Owner: postgres
--

SELECT pg_catalog.setval('public.reference_documenttype_id_seq', 4, true);


--
-- Name: reference_employeegroup_employees_id_seq; Type: SEQUENCE SET; Schema: public; Owner: postgres
--

SELECT pg_catalog.setval('public.reference_employeegroup_employees_id_seq', 4, true);


--
-- Name: reference_employeegroup_id_seq; Type: SEQUENCE SET; Schema: public; Owner: postgres
--

SELECT pg_catalog.setval('public.reference_employeegroup_id_seq', 2, true);


--
-- Name: reference_errormessage_id_seq; Type: SEQUENCE SET; Schema: public; Owner: postgres
--

SELECT pg_catalog.setval('public.reference_errormessage_id_seq', 43, true);


--
-- Name: reference_fieldactionmapping_id_seq; Type: SEQUENCE SET; Schema: public; Owner: postgres
--

SELECT pg_catalog.setval('public.reference_fieldactionmapping_id_seq', 14, true);


--
-- Name: reference_journal_id_seq; Type: SEQUENCE SET; Schema: public; Owner: postgres
--

SELECT pg_catalog.setval('public.reference_journal_id_seq', 16, true);


--
-- Name: reference_languagemodel_id_seq; Type: SEQUENCE SET; Schema: public; Owner: postgres
--

SELECT pg_catalog.setval('public.reference_languagemodel_id_seq', 3, true);


--
-- Name: reference_priority_id_seq; Type: SEQUENCE SET; Schema: public; Owner: postgres
--

SELECT pg_catalog.setval('public.reference_priority_id_seq', 6, true);


--
-- Name: reference_region_id_seq; Type: SEQUENCE SET; Schema: public; Owner: postgres
--

SELECT pg_catalog.setval('public.reference_region_id_seq', 1, false);


--
-- Name: reference_shortdescription_id_seq; Type: SEQUENCE SET; Schema: public; Owner: postgres
--

SELECT pg_catalog.setval('public.reference_shortdescription_id_seq', 49, true);


--
-- Name: reference_statusmodel_id_seq; Type: SEQUENCE SET; Schema: public; Owner: postgres
--

SELECT pg_catalog.setval('public.reference_statusmodel_id_seq', 14, true);


--
-- Name: user_notificationmodel_id_seq; Type: SEQUENCE SET; Schema: public; Owner: postgres
--

SELECT pg_catalog.setval('public.user_notificationmodel_id_seq', 1, false);


--
-- Name: user_notificationtype_id_seq; Type: SEQUENCE SET; Schema: public; Owner: postgres
--

SELECT pg_catalog.setval('public.user_notificationtype_id_seq', 1, false);


--
-- Name: user_projectpermission_id_seq; Type: SEQUENCE SET; Schema: public; Owner: postgres
--

SELECT pg_catalog.setval('public.user_projectpermission_id_seq', 13, true);


--
-- Name: user_rolemodel_id_seq; Type: SEQUENCE SET; Schema: public; Owner: postgres
--

SELECT pg_catalog.setval('public.user_rolemodel_id_seq', 1, false);


--
-- Name: user_rolemodel_permissions_id_seq; Type: SEQUENCE SET; Schema: public; Owner: postgres
--

SELECT pg_catalog.setval('public.user_rolemodel_permissions_id_seq', 1, false);


--
-- Name: user_topsigner_doc_types_id_seq; Type: SEQUENCE SET; Schema: public; Owner: postgres
--

SELECT pg_catalog.setval('public.user_topsigner_doc_types_id_seq', 18, true);


--
-- Name: user_topsigner_id_seq; Type: SEQUENCE SET; Schema: public; Owner: postgres
--

SELECT pg_catalog.setval('public.user_topsigner_id_seq', 6, true);


--
-- Name: user_user_groups_id_seq; Type: SEQUENCE SET; Schema: public; Owner: postgres
--

SELECT pg_catalog.setval('public.user_user_groups_id_seq', 1, false);


--
-- Name: user_user_id_seq; Type: SEQUENCE SET; Schema: public; Owner: postgres
--

SELECT pg_catalog.setval('public.user_user_id_seq', 12, true);


--
-- Name: user_user_user_permissions_id_seq; Type: SEQUENCE SET; Schema: public; Owner: postgres
--

SELECT pg_catalog.setval('public.user_user_user_permissions_id_seq', 1, false);


--
-- Name: user_userassistant_id_seq; Type: SEQUENCE SET; Schema: public; Owner: postgres
--

SELECT pg_catalog.setval('public.user_userassistant_id_seq', 13, true);


--
-- Name: user_userstatus_id_seq; Type: SEQUENCE SET; Schema: public; Owner: postgres
--

SELECT pg_catalog.setval('public.user_userstatus_id_seq', 3, true);


--
-- Name: wcalendar_calendarmodel_attachments_id_seq; Type: SEQUENCE SET; Schema: public; Owner: postgres
--

SELECT pg_catalog.setval('public.wcalendar_calendarmodel_attachments_id_seq', 1, false);


--
-- Name: wcalendar_calendarmodel_id_seq; Type: SEQUENCE SET; Schema: public; Owner: postgres
--

SELECT pg_catalog.setval('public.wcalendar_calendarmodel_id_seq', 1, true);


--
-- Name: wcalendar_calendarparticipant_id_seq; Type: SEQUENCE SET; Schema: public; Owner: postgres
--

SELECT pg_catalog.setval('public.wcalendar_calendarparticipant_id_seq', 1, true);


--
-- Name: wchat_chat_id_seq; Type: SEQUENCE SET; Schema: public; Owner: postgres
--

SELECT pg_catalog.setval('public.wchat_chat_id_seq', 1, true);


--
-- Name: wchat_chatimage_id_seq; Type: SEQUENCE SET; Schema: public; Owner: postgres
--

SELECT pg_catalog.setval('public.wchat_chatimage_id_seq', 1, false);


--
-- Name: wchat_chatmember_id_seq; Type: SEQUENCE SET; Schema: public; Owner: postgres
--

SELECT pg_catalog.setval('public.wchat_chatmember_id_seq', 2, true);


--
-- Name: wchat_chatmessage_id_seq; Type: SEQUENCE SET; Schema: public; Owner: postgres
--

SELECT pg_catalog.setval('public.wchat_chatmessage_id_seq', 1, false);


--
-- Name: wchat_chatmessagefile_id_seq; Type: SEQUENCE SET; Schema: public; Owner: postgres
--

SELECT pg_catalog.setval('public.wchat_chatmessagefile_id_seq', 1, false);


--
-- Name: wchat_messagereceiver_id_seq; Type: SEQUENCE SET; Schema: public; Owner: postgres
--

SELECT pg_catalog.setval('public.wchat_messagereceiver_id_seq', 1, false);


--
-- Name: auth_group auth_group_name_key; Type: CONSTRAINT; Schema: public; Owner: postgres
--

ALTER TABLE ONLY public.auth_group
    ADD CONSTRAINT auth_group_name_key UNIQUE (name);


--
-- Name: auth_group_permissions auth_group_permissions_group_id_permission_id_0cd325b0_uniq; Type: CONSTRAINT; Schema: public; Owner: postgres
--

ALTER TABLE ONLY public.auth_group_permissions
    ADD CONSTRAINT auth_group_permissions_group_id_permission_id_0cd325b0_uniq UNIQUE (group_id, permission_id);


--
-- Name: auth_group_permissions auth_group_permissions_pkey; Type: CONSTRAINT; Schema: public; Owner: postgres
--

ALTER TABLE ONLY public.auth_group_permissions
    ADD CONSTRAINT auth_group_permissions_pkey PRIMARY KEY (id);


--
-- Name: auth_group auth_group_pkey; Type: CONSTRAINT; Schema: public; Owner: postgres
--

ALTER TABLE ONLY public.auth_group
    ADD CONSTRAINT auth_group_pkey PRIMARY KEY (id);


--
-- Name: auth_permission auth_permission_content_type_id_codename_01ab375a_uniq; Type: CONSTRAINT; Schema: public; Owner: postgres
--

ALTER TABLE ONLY public.auth_permission
    ADD CONSTRAINT auth_permission_content_type_id_codename_01ab375a_uniq UNIQUE (content_type_id, codename);


--
-- Name: auth_permission auth_permission_pkey; Type: CONSTRAINT; Schema: public; Owner: postgres
--

ALTER TABLE ONLY public.auth_permission
    ADD CONSTRAINT auth_permission_pkey PRIMARY KEY (id);


--
-- Name: company_department company_department_pkey; Type: CONSTRAINT; Schema: public; Owner: postgres
--

ALTER TABLE ONLY public.company_department
    ADD CONSTRAINT company_department_pkey PRIMARY KEY (id);


--
-- Name: company company_pkey; Type: CONSTRAINT; Schema: public; Owner: postgres
--

ALTER TABLE ONLY public.company
    ADD CONSTRAINT company_pkey PRIMARY KEY (id);


--
-- Name: company_position company_position_pkey; Type: CONSTRAINT; Schema: public; Owner: postgres
--

ALTER TABLE ONLY public.company_position
    ADD CONSTRAINT company_position_pkey PRIMARY KEY (id);


--
-- Name: compose_approver compose_approver_pkey; Type: CONSTRAINT; Schema: public; Owner: postgres
--

ALTER TABLE ONLY public.compose_approver
    ADD CONSTRAINT compose_approver_pkey PRIMARY KEY (id);


--
-- Name: compose_compose compose_compose_check_id_key; Type: CONSTRAINT; Schema: public; Owner: postgres
--

ALTER TABLE ONLY public.compose_compose
    ADD CONSTRAINT compose_compose_check_id_key UNIQUE (check_id);


--
-- Name: compose_compose_files compose_compose_files_compose_id_file_id_9fec5744_uniq; Type: CONSTRAINT; Schema: public; Owner: postgres
--

ALTER TABLE ONLY public.compose_compose_files
    ADD CONSTRAINT compose_compose_files_compose_id_file_id_9fec5744_uniq UNIQUE (compose_id, file_id);


--
-- Name: compose_compose_files compose_compose_files_pkey; Type: CONSTRAINT; Schema: public; Owner: postgres
--

ALTER TABLE ONLY public.compose_compose_files
    ADD CONSTRAINT compose_compose_files_pkey PRIMARY KEY (id);


--
-- Name: compose_compose compose_compose_pkey; Type: CONSTRAINT; Schema: public; Owner: postgres
--

ALTER TABLE ONLY public.compose_compose
    ADD CONSTRAINT compose_compose_pkey PRIMARY KEY (id);


--
-- Name: compose_composestatus compose_composestatus_pkey; Type: CONSTRAINT; Schema: public; Owner: postgres
--

ALTER TABLE ONLY public.compose_composestatus
    ADD CONSTRAINT compose_composestatus_pkey PRIMARY KEY (id);


--
-- Name: compose_composeversionmodel compose_composeversionmodel_pkey; Type: CONSTRAINT; Schema: public; Owner: postgres
--

ALTER TABLE ONLY public.compose_composeversionmodel
    ADD CONSTRAINT compose_composeversionmodel_pkey PRIMARY KEY (id);


--
-- Name: compose_receiver_companies compose_receiver_companies_pkey; Type: CONSTRAINT; Schema: public; Owner: postgres
--

ALTER TABLE ONLY public.compose_receiver_companies
    ADD CONSTRAINT compose_receiver_companies_pkey PRIMARY KEY (id);


--
-- Name: compose_receiver_companies compose_receiver_companies_receiver_id_company_id_0ad19f36_uniq; Type: CONSTRAINT; Schema: public; Owner: postgres
--

ALTER TABLE ONLY public.compose_receiver_companies
    ADD CONSTRAINT compose_receiver_companies_receiver_id_company_id_0ad19f36_uniq UNIQUE (receiver_id, company_id);


--
-- Name: compose_receiver_departments compose_receiver_departm_receiver_id_department_i_53ffc3cc_uniq; Type: CONSTRAINT; Schema: public; Owner: postgres
--

ALTER TABLE ONLY public.compose_receiver_departments
    ADD CONSTRAINT compose_receiver_departm_receiver_id_department_i_53ffc3cc_uniq UNIQUE (receiver_id, department_id);


--
-- Name: compose_receiver_departments compose_receiver_departments_pkey; Type: CONSTRAINT; Schema: public; Owner: postgres
--

ALTER TABLE ONLY public.compose_receiver_departments
    ADD CONSTRAINT compose_receiver_departments_pkey PRIMARY KEY (id);


--
-- Name: compose_receiver_organizations compose_receiver_organiz_receiver_id_corresponden_42d73dc2_uniq; Type: CONSTRAINT; Schema: public; Owner: postgres
--

ALTER TABLE ONLY public.compose_receiver_organizations
    ADD CONSTRAINT compose_receiver_organiz_receiver_id_corresponden_42d73dc2_uniq UNIQUE (receiver_id, correspondent_id);


--
-- Name: compose_receiver_organizations compose_receiver_organizations_pkey; Type: CONSTRAINT; Schema: public; Owner: postgres
--

ALTER TABLE ONLY public.compose_receiver_organizations
    ADD CONSTRAINT compose_receiver_organizations_pkey PRIMARY KEY (id);


--
-- Name: compose_receiver compose_receiver_pkey; Type: CONSTRAINT; Schema: public; Owner: postgres
--

ALTER TABLE ONLY public.compose_receiver
    ADD CONSTRAINT compose_receiver_pkey PRIMARY KEY (id);


--
-- Name: compose_signer compose_signer_pkey; Type: CONSTRAINT; Schema: public; Owner: postgres
--

ALTER TABLE ONLY public.compose_signer
    ADD CONSTRAINT compose_signer_pkey PRIMARY KEY (id);


--
-- Name: django_admin_log django_admin_log_pkey; Type: CONSTRAINT; Schema: public; Owner: postgres
--

ALTER TABLE ONLY public.django_admin_log
    ADD CONSTRAINT django_admin_log_pkey PRIMARY KEY (id);


--
-- Name: django_content_type django_content_type_app_label_model_76bd3d3b_uniq; Type: CONSTRAINT; Schema: public; Owner: postgres
--

ALTER TABLE ONLY public.django_content_type
    ADD CONSTRAINT django_content_type_app_label_model_76bd3d3b_uniq UNIQUE (app_label, model);


--
-- Name: django_content_type django_content_type_pkey; Type: CONSTRAINT; Schema: public; Owner: postgres
--

ALTER TABLE ONLY public.django_content_type
    ADD CONSTRAINT django_content_type_pkey PRIMARY KEY (id);


--
-- Name: django_migrations django_migrations_pkey; Type: CONSTRAINT; Schema: public; Owner: postgres
--

ALTER TABLE ONLY public.django_migrations
    ADD CONSTRAINT django_migrations_pkey PRIMARY KEY (id);


--
-- Name: django_session django_session_pkey; Type: CONSTRAINT; Schema: public; Owner: postgres
--

ALTER TABLE ONLY public.django_session
    ADD CONSTRAINT django_session_pkey PRIMARY KEY (session_key);


--
-- Name: docflow_assignee_files docflow_assignee_files_assignee_id_file_id_ed761983_uniq; Type: CONSTRAINT; Schema: public; Owner: postgres
--

ALTER TABLE ONLY public.docflow_assignee_files
    ADD CONSTRAINT docflow_assignee_files_assignee_id_file_id_ed761983_uniq UNIQUE (assignee_id, file_id);


--
-- Name: docflow_assignee_files docflow_assignee_files_pkey; Type: CONSTRAINT; Schema: public; Owner: postgres
--

ALTER TABLE ONLY public.docflow_assignee_files
    ADD CONSTRAINT docflow_assignee_files_pkey PRIMARY KEY (id);


--
-- Name: docflow_assignee docflow_assignee_pkey; Type: CONSTRAINT; Schema: public; Owner: postgres
--

ALTER TABLE ONLY public.docflow_assignee
    ADD CONSTRAINT docflow_assignee_pkey PRIMARY KEY (id);


--
-- Name: docflow_assignment docflow_assignment_pkey; Type: CONSTRAINT; Schema: public; Owner: postgres
--

ALTER TABLE ONLY public.docflow_assignment
    ADD CONSTRAINT docflow_assignment_pkey PRIMARY KEY (id);


--
-- Name: docflow_basedocument docflow_basedocument_pkey; Type: CONSTRAINT; Schema: public; Owner: postgres
--

ALTER TABLE ONLY public.docflow_basedocument
    ADD CONSTRAINT docflow_basedocument_pkey PRIMARY KEY (id);


--
-- Name: docflow_documentfile docflow_documentfile_pkey; Type: CONSTRAINT; Schema: public; Owner: postgres
--

ALTER TABLE ONLY public.docflow_documentfile
    ADD CONSTRAINT docflow_documentfile_pkey PRIMARY KEY (id);


--
-- Name: docflow_reviewer_files docflow_reviewer_files_pkey; Type: CONSTRAINT; Schema: public; Owner: postgres
--

ALTER TABLE ONLY public.docflow_reviewer_files
    ADD CONSTRAINT docflow_reviewer_files_pkey PRIMARY KEY (id);


--
-- Name: docflow_reviewer_files docflow_reviewer_files_reviewer_id_file_id_120bcb39_uniq; Type: CONSTRAINT; Schema: public; Owner: postgres
--

ALTER TABLE ONLY public.docflow_reviewer_files
    ADD CONSTRAINT docflow_reviewer_files_reviewer_id_file_id_120bcb39_uniq UNIQUE (reviewer_id, file_id);


--
-- Name: docflow_reviewer docflow_reviewer_pkey; Type: CONSTRAINT; Schema: public; Owner: postgres
--

ALTER TABLE ONLY public.docflow_reviewer
    ADD CONSTRAINT docflow_reviewer_pkey PRIMARY KEY (id);


--
-- Name: document_file document_file_key_e14ed1d9_uniq; Type: CONSTRAINT; Schema: public; Owner: postgres
--

ALTER TABLE ONLY public.document_file
    ADD CONSTRAINT document_file_key_e14ed1d9_uniq UNIQUE (key);


--
-- Name: document_file document_file_pkey; Type: CONSTRAINT; Schema: public; Owner: postgres
--

ALTER TABLE ONLY public.document_file
    ADD CONSTRAINT document_file_pkey PRIMARY KEY (id);


--
-- Name: reference_actiondescription reference_actiondescription_code_d4ee0e9f_uniq; Type: CONSTRAINT; Schema: public; Owner: postgres
--

ALTER TABLE ONLY public.reference_actiondescription
    ADD CONSTRAINT reference_actiondescription_code_d4ee0e9f_uniq UNIQUE (code);


--
-- Name: reference_actiondescription reference_actiondescription_pkey; Type: CONSTRAINT; Schema: public; Owner: postgres
--

ALTER TABLE ONLY public.reference_actiondescription
    ADD CONSTRAINT reference_actiondescription_pkey PRIMARY KEY (id);


--
-- Name: reference_actionmodel reference_actionmodel_pkey; Type: CONSTRAINT; Schema: public; Owner: postgres
--

ALTER TABLE ONLY public.reference_actionmodel
    ADD CONSTRAINT reference_actionmodel_pkey PRIMARY KEY (id);


--
-- Name: reference_commentmodel reference_commentmodel_pkey; Type: CONSTRAINT; Schema: public; Owner: postgres
--

ALTER TABLE ONLY public.reference_commentmodel
    ADD CONSTRAINT reference_commentmodel_pkey PRIMARY KEY (id);


--
-- Name: reference_correspondent reference_correspondent_pkey; Type: CONSTRAINT; Schema: public; Owner: postgres
--

ALTER TABLE ONLY public.reference_correspondent
    ADD CONSTRAINT reference_correspondent_pkey PRIMARY KEY (id);


--
-- Name: reference_correspondent reference_correspondent_tin_52aaa2de_uniq; Type: CONSTRAINT; Schema: public; Owner: postgres
--

ALTER TABLE ONLY public.reference_correspondent
    ADD CONSTRAINT reference_correspondent_tin_52aaa2de_uniq UNIQUE (pinfl);


--
-- Name: reference_deliverytype reference_deliverytype_pkey; Type: CONSTRAINT; Schema: public; Owner: postgres
--

ALTER TABLE ONLY public.reference_deliverytype
    ADD CONSTRAINT reference_deliverytype_pkey PRIMARY KEY (id);


--
-- Name: reference_digitalsigninfo reference_digitalsigninfo_pkey; Type: CONSTRAINT; Schema: public; Owner: postgres
--

ALTER TABLE ONLY public.reference_digitalsigninfo
    ADD CONSTRAINT reference_digitalsigninfo_pkey PRIMARY KEY (id);


--
-- Name: reference_digitalsigninfo reference_digitalsigninfo_uuid_key; Type: CONSTRAINT; Schema: public; Owner: postgres
--

ALTER TABLE ONLY public.reference_digitalsigninfo
    ADD CONSTRAINT reference_digitalsigninfo_uuid_key UNIQUE (uuid);


--
-- Name: reference_district reference_district_pkey; Type: CONSTRAINT; Schema: public; Owner: postgres
--

ALTER TABLE ONLY public.reference_district
    ADD CONSTRAINT reference_district_pkey PRIMARY KEY (id);


--
-- Name: reference_documentsubtype reference_documentsubtype_pkey; Type: CONSTRAINT; Schema: public; Owner: postgres
--

ALTER TABLE ONLY public.reference_documentsubtype
    ADD CONSTRAINT reference_documentsubtype_pkey PRIMARY KEY (id);


--
-- Name: reference_documenttitle reference_documenttitle_pkey; Type: CONSTRAINT; Schema: public; Owner: postgres
--

ALTER TABLE ONLY public.reference_documenttitle
    ADD CONSTRAINT reference_documenttitle_pkey PRIMARY KEY (id);


--
-- Name: reference_documenttype reference_documenttype_pkey; Type: CONSTRAINT; Schema: public; Owner: postgres
--

ALTER TABLE ONLY public.reference_documenttype
    ADD CONSTRAINT reference_documenttype_pkey PRIMARY KEY (id);


--
-- Name: reference_employeegroup_employees reference_employeegroup__employeegroup_id_user_id_4371232e_uniq; Type: CONSTRAINT; Schema: public; Owner: postgres
--

ALTER TABLE ONLY public.reference_employeegroup_employees
    ADD CONSTRAINT reference_employeegroup__employeegroup_id_user_id_4371232e_uniq UNIQUE (employeegroup_id, user_id);


--
-- Name: reference_employeegroup_employees reference_employeegroup_employees_pkey; Type: CONSTRAINT; Schema: public; Owner: postgres
--

ALTER TABLE ONLY public.reference_employeegroup_employees
    ADD CONSTRAINT reference_employeegroup_employees_pkey PRIMARY KEY (id);


--
-- Name: reference_employeegroup reference_employeegroup_pkey; Type: CONSTRAINT; Schema: public; Owner: postgres
--

ALTER TABLE ONLY public.reference_employeegroup
    ADD CONSTRAINT reference_employeegroup_pkey PRIMARY KEY (id);


--
-- Name: reference_errormessage reference_errormessage_code_key; Type: CONSTRAINT; Schema: public; Owner: postgres
--

ALTER TABLE ONLY public.reference_errormessage
    ADD CONSTRAINT reference_errormessage_code_key UNIQUE (code);


--
-- Name: reference_errormessage reference_errormessage_pkey; Type: CONSTRAINT; Schema: public; Owner: postgres
--

ALTER TABLE ONLY public.reference_errormessage
    ADD CONSTRAINT reference_errormessage_pkey PRIMARY KEY (id);


--
-- Name: reference_fieldactionmapping reference_fieldactionmapping_field_name_key; Type: CONSTRAINT; Schema: public; Owner: postgres
--

ALTER TABLE ONLY public.reference_fieldactionmapping
    ADD CONSTRAINT reference_fieldactionmapping_field_name_key UNIQUE (field_name);


--
-- Name: reference_fieldactionmapping reference_fieldactionmapping_pkey; Type: CONSTRAINT; Schema: public; Owner: postgres
--

ALTER TABLE ONLY public.reference_fieldactionmapping
    ADD CONSTRAINT reference_fieldactionmapping_pkey PRIMARY KEY (id);


--
-- Name: reference_journal reference_journal_pkey; Type: CONSTRAINT; Schema: public; Owner: postgres
--

ALTER TABLE ONLY public.reference_journal
    ADD CONSTRAINT reference_journal_pkey PRIMARY KEY (id);


--
-- Name: reference_languagemodel reference_languagemodel_pkey; Type: CONSTRAINT; Schema: public; Owner: postgres
--

ALTER TABLE ONLY public.reference_languagemodel
    ADD CONSTRAINT reference_languagemodel_pkey PRIMARY KEY (id);


--
-- Name: reference_priority reference_priority_pkey; Type: CONSTRAINT; Schema: public; Owner: postgres
--

ALTER TABLE ONLY public.reference_priority
    ADD CONSTRAINT reference_priority_pkey PRIMARY KEY (id);


--
-- Name: reference_region reference_region_pkey; Type: CONSTRAINT; Schema: public; Owner: postgres
--

ALTER TABLE ONLY public.reference_region
    ADD CONSTRAINT reference_region_pkey PRIMARY KEY (id);


--
-- Name: reference_shortdescription reference_shortdescription_pkey; Type: CONSTRAINT; Schema: public; Owner: postgres
--

ALTER TABLE ONLY public.reference_shortdescription
    ADD CONSTRAINT reference_shortdescription_pkey PRIMARY KEY (id);


--
-- Name: reference_statusmodel reference_statusmodel_pkey; Type: CONSTRAINT; Schema: public; Owner: postgres
--

ALTER TABLE ONLY public.reference_statusmodel
    ADD CONSTRAINT reference_statusmodel_pkey PRIMARY KEY (id);


--
-- Name: user_notificationmodel user_notificationmodel_pkey; Type: CONSTRAINT; Schema: public; Owner: postgres
--

ALTER TABLE ONLY public.user_notificationmodel
    ADD CONSTRAINT user_notificationmodel_pkey PRIMARY KEY (id);


--
-- Name: user_notificationtype user_notificationtype_pkey; Type: CONSTRAINT; Schema: public; Owner: postgres
--

ALTER TABLE ONLY public.user_notificationtype
    ADD CONSTRAINT user_notificationtype_pkey PRIMARY KEY (id);


--
-- Name: user_projectpermission user_projectpermission_pkey; Type: CONSTRAINT; Schema: public; Owner: postgres
--

ALTER TABLE ONLY public.user_projectpermission
    ADD CONSTRAINT user_projectpermission_pkey PRIMARY KEY (id);


--
-- Name: user_rolemodel_permissions user_rolemodel_permissio_rolemodel_id_projectperm_8487e9a5_uniq; Type: CONSTRAINT; Schema: public; Owner: postgres
--

ALTER TABLE ONLY public.user_rolemodel_permissions
    ADD CONSTRAINT user_rolemodel_permissio_rolemodel_id_projectperm_8487e9a5_uniq UNIQUE (rolemodel_id, projectpermission_id);


--
-- Name: user_rolemodel_permissions user_rolemodel_permissions_pkey; Type: CONSTRAINT; Schema: public; Owner: postgres
--

ALTER TABLE ONLY public.user_rolemodel_permissions
    ADD CONSTRAINT user_rolemodel_permissions_pkey PRIMARY KEY (id);


--
-- Name: user_rolemodel user_rolemodel_pkey; Type: CONSTRAINT; Schema: public; Owner: postgres
--

ALTER TABLE ONLY public.user_rolemodel
    ADD CONSTRAINT user_rolemodel_pkey PRIMARY KEY (id);


--
-- Name: user_topsigner_doc_types user_topsigner_doc_types_pkey; Type: CONSTRAINT; Schema: public; Owner: postgres
--

ALTER TABLE ONLY public.user_topsigner_doc_types
    ADD CONSTRAINT user_topsigner_doc_types_pkey PRIMARY KEY (id);


--
-- Name: user_topsigner_doc_types user_topsigner_doc_types_topsigner_id_documenttyp_6be6fac0_uniq; Type: CONSTRAINT; Schema: public; Owner: postgres
--

ALTER TABLE ONLY public.user_topsigner_doc_types
    ADD CONSTRAINT user_topsigner_doc_types_topsigner_id_documenttyp_6be6fac0_uniq UNIQUE (topsigner_id, documenttype_id);


--
-- Name: user_topsigner user_topsigner_pkey; Type: CONSTRAINT; Schema: public; Owner: postgres
--

ALTER TABLE ONLY public.user_topsigner
    ADD CONSTRAINT user_topsigner_pkey PRIMARY KEY (id);


--
-- Name: user_user_groups user_user_groups_pkey; Type: CONSTRAINT; Schema: public; Owner: postgres
--

ALTER TABLE ONLY public.user_user_groups
    ADD CONSTRAINT user_user_groups_pkey PRIMARY KEY (id);


--
-- Name: user_user_groups user_user_groups_user_id_group_id_bb60391f_uniq; Type: CONSTRAINT; Schema: public; Owner: postgres
--

ALTER TABLE ONLY public.user_user_groups
    ADD CONSTRAINT user_user_groups_user_id_group_id_bb60391f_uniq UNIQUE (user_id, group_id);


--
-- Name: user_user user_user_pkey; Type: CONSTRAINT; Schema: public; Owner: postgres
--

ALTER TABLE ONLY public.user_user
    ADD CONSTRAINT user_user_pkey PRIMARY KEY (id);


--
-- Name: user_user_user_permissions user_user_user_permissions_pkey; Type: CONSTRAINT; Schema: public; Owner: postgres
--

ALTER TABLE ONLY public.user_user_user_permissions
    ADD CONSTRAINT user_user_user_permissions_pkey PRIMARY KEY (id);


--
-- Name: user_user_user_permissions user_user_user_permissions_user_id_permission_id_64f4d5b8_uniq; Type: CONSTRAINT; Schema: public; Owner: postgres
--

ALTER TABLE ONLY public.user_user_user_permissions
    ADD CONSTRAINT user_user_user_permissions_user_id_permission_id_64f4d5b8_uniq UNIQUE (user_id, permission_id);


--
-- Name: user_user user_user_username_key; Type: CONSTRAINT; Schema: public; Owner: postgres
--

ALTER TABLE ONLY public.user_user
    ADD CONSTRAINT user_user_username_key UNIQUE (username);


--
-- Name: user_userassistant user_userassistant_pkey; Type: CONSTRAINT; Schema: public; Owner: postgres
--

ALTER TABLE ONLY public.user_userassistant
    ADD CONSTRAINT user_userassistant_pkey PRIMARY KEY (id);


--
-- Name: user_userstatus user_userstatus_pkey; Type: CONSTRAINT; Schema: public; Owner: postgres
--

ALTER TABLE ONLY public.user_userstatus
    ADD CONSTRAINT user_userstatus_pkey PRIMARY KEY (id);


--
-- Name: wcalendar_calendarmodel_attachments wcalendar_calendarmodel__calendarmodel_id_file_id_9b52355d_uniq; Type: CONSTRAINT; Schema: public; Owner: postgres
--

ALTER TABLE ONLY public.wcalendar_calendarmodel_attachments
    ADD CONSTRAINT wcalendar_calendarmodel__calendarmodel_id_file_id_9b52355d_uniq UNIQUE (calendarmodel_id, file_id);


--
-- Name: wcalendar_calendarmodel_attachments wcalendar_calendarmodel_attachments_pkey; Type: CONSTRAINT; Schema: public; Owner: postgres
--

ALTER TABLE ONLY public.wcalendar_calendarmodel_attachments
    ADD CONSTRAINT wcalendar_calendarmodel_attachments_pkey PRIMARY KEY (id);


--
-- Name: wcalendar_calendarmodel wcalendar_calendarmodel_pkey; Type: CONSTRAINT; Schema: public; Owner: postgres
--

ALTER TABLE ONLY public.wcalendar_calendarmodel
    ADD CONSTRAINT wcalendar_calendarmodel_pkey PRIMARY KEY (id);


--
-- Name: wcalendar_calendarparticipant wcalendar_calendarparticipant_pkey; Type: CONSTRAINT; Schema: public; Owner: postgres
--

ALTER TABLE ONLY public.wcalendar_calendarparticipant
    ADD CONSTRAINT wcalendar_calendarparticipant_pkey PRIMARY KEY (id);


--
-- Name: wchat_chat wchat_chat_pkey; Type: CONSTRAINT; Schema: public; Owner: postgres
--

ALTER TABLE ONLY public.wchat_chat
    ADD CONSTRAINT wchat_chat_pkey PRIMARY KEY (id);


--
-- Name: wchat_chatimage wchat_chatimage_pkey; Type: CONSTRAINT; Schema: public; Owner: postgres
--

ALTER TABLE ONLY public.wchat_chatimage
    ADD CONSTRAINT wchat_chatimage_pkey PRIMARY KEY (id);


--
-- Name: wchat_chatmember wchat_chatmember_chat_id_user_id_4bba157f_uniq; Type: CONSTRAINT; Schema: public; Owner: postgres
--

ALTER TABLE ONLY public.wchat_chatmember
    ADD CONSTRAINT wchat_chatmember_chat_id_user_id_4bba157f_uniq UNIQUE (chat_id, user_id);


--
-- Name: wchat_chatmember wchat_chatmember_pkey; Type: CONSTRAINT; Schema: public; Owner: postgres
--

ALTER TABLE ONLY public.wchat_chatmember
    ADD CONSTRAINT wchat_chatmember_pkey PRIMARY KEY (id);


--
-- Name: wchat_chatmessage wchat_chatmessage_pkey; Type: CONSTRAINT; Schema: public; Owner: postgres
--

ALTER TABLE ONLY public.wchat_chatmessage
    ADD CONSTRAINT wchat_chatmessage_pkey PRIMARY KEY (id);


--
-- Name: wchat_chatmessagefile wchat_chatmessagefile_pkey; Type: CONSTRAINT; Schema: public; Owner: postgres
--

ALTER TABLE ONLY public.wchat_chatmessagefile
    ADD CONSTRAINT wchat_chatmessagefile_pkey PRIMARY KEY (id);


--
-- Name: wchat_messagereceiver wchat_messagereceiver_pkey; Type: CONSTRAINT; Schema: public; Owner: postgres
--

ALTER TABLE ONLY public.wchat_messagereceiver
    ADD CONSTRAINT wchat_messagereceiver_pkey PRIMARY KEY (id);


--
-- Name: wchat_messagereceiver wchat_messagereceiver_receiver_id_message_id_14b82b46_uniq; Type: CONSTRAINT; Schema: public; Owner: postgres
--

ALTER TABLE ONLY public.wchat_messagereceiver
    ADD CONSTRAINT wchat_messagereceiver_receiver_id_message_id_14b82b46_uniq UNIQUE (receiver_id, message_id);


--
-- Name: auth_group_name_a6ea08ec_like; Type: INDEX; Schema: public; Owner: postgres
--

CREATE INDEX auth_group_name_a6ea08ec_like ON public.auth_group USING btree (name varchar_pattern_ops);


--
-- Name: auth_group_permissions_group_id_b120cbf9; Type: INDEX; Schema: public; Owner: postgres
--

CREATE INDEX auth_group_permissions_group_id_b120cbf9 ON public.auth_group_permissions USING btree (group_id);


--
-- Name: auth_group_permissions_permission_id_84c5c92e; Type: INDEX; Schema: public; Owner: postgres
--

CREATE INDEX auth_group_permissions_permission_id_84c5c92e ON public.auth_group_permissions USING btree (permission_id);


--
-- Name: auth_permission_content_type_id_2f476e4b; Type: INDEX; Schema: public; Owner: postgres
--

CREATE INDEX auth_permission_content_type_id_2f476e4b ON public.auth_permission USING btree (content_type_id);


--
-- Name: company_created_by_id_6d8b6b91; Type: INDEX; Schema: public; Owner: postgres
--

CREATE INDEX company_created_by_id_6d8b6b91 ON public.company USING btree (created_by_id);


--
-- Name: company_department_company_id_bb05fdec; Type: INDEX; Schema: public; Owner: postgres
--

CREATE INDEX company_department_company_id_bb05fdec ON public.company_department USING btree (company_id);


--
-- Name: company_department_created_by_id_fe0ec24d; Type: INDEX; Schema: public; Owner: postgres
--

CREATE INDEX company_department_created_by_id_fe0ec24d ON public.company_department USING btree (created_by_id);


--
-- Name: company_department_modified_by_id_952e8533; Type: INDEX; Schema: public; Owner: postgres
--

CREATE INDEX company_department_modified_by_id_952e8533 ON public.company_department USING btree (modified_by_id);


--
-- Name: company_department_parent_id_1be51d44; Type: INDEX; Schema: public; Owner: postgres
--

CREATE INDEX company_department_parent_id_1be51d44 ON public.company_department USING btree (parent_id);


--
-- Name: company_modified_by_id_6a97d692; Type: INDEX; Schema: public; Owner: postgres
--

CREATE INDEX company_modified_by_id_6a97d692 ON public.company USING btree (modified_by_id);


--
-- Name: company_position_created_by_id_3641f4f1; Type: INDEX; Schema: public; Owner: postgres
--

CREATE INDEX company_position_created_by_id_3641f4f1 ON public.company_position USING btree (created_by_id);


--
-- Name: company_position_modified_by_id_9060738f; Type: INDEX; Schema: public; Owner: postgres
--

CREATE INDEX company_position_modified_by_id_9060738f ON public.company_position USING btree (modified_by_id);


--
-- Name: compose_approver_compose_id_5f108583; Type: INDEX; Schema: public; Owner: postgres
--

CREATE INDEX compose_approver_compose_id_5f108583 ON public.compose_approver USING btree (compose_id);


--
-- Name: compose_approver_created_by_id_3ece9396; Type: INDEX; Schema: public; Owner: postgres
--

CREATE INDEX compose_approver_created_by_id_3ece9396 ON public.compose_approver USING btree (created_by_id);


--
-- Name: compose_approver_modified_by_id_b7ef8e08; Type: INDEX; Schema: public; Owner: postgres
--

CREATE INDEX compose_approver_modified_by_id_b7ef8e08 ON public.compose_approver USING btree (modified_by_id);


--
-- Name: compose_approver_user_id_2a030681; Type: INDEX; Schema: public; Owner: postgres
--

CREATE INDEX compose_approver_user_id_2a030681 ON public.compose_approver USING btree (user_id);


--
-- Name: compose_compose_author_id_a43768c7; Type: INDEX; Schema: public; Owner: postgres
--

CREATE INDEX compose_compose_author_id_a43768c7 ON public.compose_compose USING btree (author_id);


--
-- Name: compose_compose_check_id_7a01a1b8_like; Type: INDEX; Schema: public; Owner: postgres
--

CREATE INDEX compose_compose_check_id_7a01a1b8_like ON public.compose_compose USING btree (check_id varchar_pattern_ops);


--
-- Name: compose_compose_company_id_add21f94; Type: INDEX; Schema: public; Owner: postgres
--

CREATE INDEX compose_compose_company_id_add21f94 ON public.compose_compose USING btree (company_id);


--
-- Name: compose_compose_created_by_id_e95a8723; Type: INDEX; Schema: public; Owner: postgres
--

CREATE INDEX compose_compose_created_by_id_e95a8723 ON public.compose_compose USING btree (created_by_id);


--
-- Name: compose_compose_curator_id_1af520b9; Type: INDEX; Schema: public; Owner: postgres
--

CREATE INDEX compose_compose_curator_id_1af520b9 ON public.compose_compose USING btree (curator_id);


--
-- Name: compose_compose_document_type_id_6e72a84d; Type: INDEX; Schema: public; Owner: postgres
--

CREATE INDEX compose_compose_document_type_id_6e72a84d ON public.compose_compose USING btree (document_type_id);


--
-- Name: compose_compose_files_compose_id_31410656; Type: INDEX; Schema: public; Owner: postgres
--

CREATE INDEX compose_compose_files_compose_id_31410656 ON public.compose_compose_files USING btree (compose_id);


--
-- Name: compose_compose_files_file_id_fbdb6e6e; Type: INDEX; Schema: public; Owner: postgres
--

CREATE INDEX compose_compose_files_file_id_fbdb6e6e ON public.compose_compose_files USING btree (file_id);


--
-- Name: compose_compose_journal_id_c0f0c6a0; Type: INDEX; Schema: public; Owner: postgres
--

CREATE INDEX compose_compose_journal_id_c0f0c6a0 ON public.compose_compose USING btree (journal_id);


--
-- Name: compose_compose_modified_by_id_ae3180f2; Type: INDEX; Schema: public; Owner: postgres
--

CREATE INDEX compose_compose_modified_by_id_ae3180f2 ON public.compose_compose USING btree (modified_by_id);


--
-- Name: compose_compose_receiver_id_91875bea; Type: INDEX; Schema: public; Owner: postgres
--

CREATE INDEX compose_compose_receiver_id_91875bea ON public.compose_compose USING btree (receiver_id);


--
-- Name: compose_compose_registered_document_id_71ed48cb; Type: INDEX; Schema: public; Owner: postgres
--

CREATE INDEX compose_compose_registered_document_id_71ed48cb ON public.compose_compose USING btree (registered_document_id);


--
-- Name: compose_compose_replied_document_id_65929fd8; Type: INDEX; Schema: public; Owner: postgres
--

CREATE INDEX compose_compose_replied_document_id_65929fd8 ON public.compose_compose USING btree (replied_document_id);


--
-- Name: compose_compose_sender_id_3898cd15; Type: INDEX; Schema: public; Owner: postgres
--

CREATE INDEX compose_compose_sender_id_3898cd15 ON public.compose_compose USING btree (sender_id);


--
-- Name: compose_compose_status_id_3c03166f; Type: INDEX; Schema: public; Owner: postgres
--

CREATE INDEX compose_compose_status_id_3c03166f ON public.compose_compose USING btree (status_id);


--
-- Name: compose_compose_title_id_d75c771c; Type: INDEX; Schema: public; Owner: postgres
--

CREATE INDEX compose_compose_title_id_d75c771c ON public.compose_compose USING btree (title_id);


--
-- Name: compose_composestatus_created_by_id_dd57fbfd; Type: INDEX; Schema: public; Owner: postgres
--

CREATE INDEX compose_composestatus_created_by_id_dd57fbfd ON public.compose_composestatus USING btree (created_by_id);


--
-- Name: compose_composestatus_modified_by_id_8dd2b7b7; Type: INDEX; Schema: public; Owner: postgres
--

CREATE INDEX compose_composestatus_modified_by_id_8dd2b7b7 ON public.compose_composestatus USING btree (modified_by_id);


--
-- Name: compose_composeversionmodel_content_type_id_b77cbfc1; Type: INDEX; Schema: public; Owner: postgres
--

CREATE INDEX compose_composeversionmodel_content_type_id_b77cbfc1 ON public.compose_composeversionmodel USING btree (content_type_id);


--
-- Name: compose_composeversionmodel_created_by_id_114d4384; Type: INDEX; Schema: public; Owner: postgres
--

CREATE INDEX compose_composeversionmodel_created_by_id_114d4384 ON public.compose_composeversionmodel USING btree (created_by_id);


--
-- Name: compose_composeversionmodel_modified_by_id_0f67ec70; Type: INDEX; Schema: public; Owner: postgres
--

CREATE INDEX compose_composeversionmodel_modified_by_id_0f67ec70 ON public.compose_composeversionmodel USING btree (modified_by_id);


--
-- Name: compose_receiver_companies_company_id_db678cc4; Type: INDEX; Schema: public; Owner: postgres
--

CREATE INDEX compose_receiver_companies_company_id_db678cc4 ON public.compose_receiver_companies USING btree (company_id);


--
-- Name: compose_receiver_companies_receiver_id_a15a0c24; Type: INDEX; Schema: public; Owner: postgres
--

CREATE INDEX compose_receiver_companies_receiver_id_a15a0c24 ON public.compose_receiver_companies USING btree (receiver_id);


--
-- Name: compose_receiver_created_by_id_f8ce58cb; Type: INDEX; Schema: public; Owner: postgres
--

CREATE INDEX compose_receiver_created_by_id_f8ce58cb ON public.compose_receiver USING btree (created_by_id);


--
-- Name: compose_receiver_departments_department_id_1cacd48d; Type: INDEX; Schema: public; Owner: postgres
--

CREATE INDEX compose_receiver_departments_department_id_1cacd48d ON public.compose_receiver_departments USING btree (department_id);


--
-- Name: compose_receiver_departments_receiver_id_4da18618; Type: INDEX; Schema: public; Owner: postgres
--

CREATE INDEX compose_receiver_departments_receiver_id_4da18618 ON public.compose_receiver_departments USING btree (receiver_id);


--
-- Name: compose_receiver_modified_by_id_06d364a8; Type: INDEX; Schema: public; Owner: postgres
--

CREATE INDEX compose_receiver_modified_by_id_06d364a8 ON public.compose_receiver USING btree (modified_by_id);


--
-- Name: compose_receiver_organizations_correspondent_id_6f627eb2; Type: INDEX; Schema: public; Owner: postgres
--

CREATE INDEX compose_receiver_organizations_correspondent_id_6f627eb2 ON public.compose_receiver_organizations USING btree (correspondent_id);


--
-- Name: compose_receiver_organizations_receiver_id_08070b02; Type: INDEX; Schema: public; Owner: postgres
--

CREATE INDEX compose_receiver_organizations_receiver_id_08070b02 ON public.compose_receiver_organizations USING btree (receiver_id);


--
-- Name: compose_signer_compose_id_265bff9f; Type: INDEX; Schema: public; Owner: postgres
--

CREATE INDEX compose_signer_compose_id_265bff9f ON public.compose_signer USING btree (compose_id);


--
-- Name: compose_signer_created_by_id_5edb099e; Type: INDEX; Schema: public; Owner: postgres
--

CREATE INDEX compose_signer_created_by_id_5edb099e ON public.compose_signer USING btree (created_by_id);


--
-- Name: compose_signer_modified_by_id_4eeb51af; Type: INDEX; Schema: public; Owner: postgres
--

CREATE INDEX compose_signer_modified_by_id_4eeb51af ON public.compose_signer USING btree (modified_by_id);


--
-- Name: compose_signer_user_id_6c1d6ebf; Type: INDEX; Schema: public; Owner: postgres
--

CREATE INDEX compose_signer_user_id_6c1d6ebf ON public.compose_signer USING btree (user_id);


--
-- Name: django_admin_log_content_type_id_c4bce8eb; Type: INDEX; Schema: public; Owner: postgres
--

CREATE INDEX django_admin_log_content_type_id_c4bce8eb ON public.django_admin_log USING btree (content_type_id);


--
-- Name: django_admin_log_user_id_c564eba6; Type: INDEX; Schema: public; Owner: postgres
--

CREATE INDEX django_admin_log_user_id_c564eba6 ON public.django_admin_log USING btree (user_id);


--
-- Name: django_session_expire_date_a5c62663; Type: INDEX; Schema: public; Owner: postgres
--

CREATE INDEX django_session_expire_date_a5c62663 ON public.django_session USING btree (expire_date);


--
-- Name: django_session_session_key_c0390e0f_like; Type: INDEX; Schema: public; Owner: postgres
--

CREATE INDEX django_session_session_key_c0390e0f_like ON public.django_session USING btree (session_key varchar_pattern_ops);


--
-- Name: docflow_assignee_assignment_id_bbb3b20f; Type: INDEX; Schema: public; Owner: postgres
--

CREATE INDEX docflow_assignee_assignment_id_bbb3b20f ON public.docflow_assignee USING btree (assignment_id);


--
-- Name: docflow_assignee_created_by_id_e979fa71; Type: INDEX; Schema: public; Owner: postgres
--

CREATE INDEX docflow_assignee_created_by_id_e979fa71 ON public.docflow_assignee USING btree (created_by_id);


--
-- Name: docflow_assignee_files_assignee_id_488e5b60; Type: INDEX; Schema: public; Owner: postgres
--

CREATE INDEX docflow_assignee_files_assignee_id_488e5b60 ON public.docflow_assignee_files USING btree (assignee_id);


--
-- Name: docflow_assignee_files_file_id_ecd1fe34; Type: INDEX; Schema: public; Owner: postgres
--

CREATE INDEX docflow_assignee_files_file_id_ecd1fe34 ON public.docflow_assignee_files USING btree (file_id);


--
-- Name: docflow_assignee_modified_by_id_c8dd11f1; Type: INDEX; Schema: public; Owner: postgres
--

CREATE INDEX docflow_assignee_modified_by_id_c8dd11f1 ON public.docflow_assignee USING btree (modified_by_id);


--
-- Name: docflow_assignee_parent_id_a184ca48; Type: INDEX; Schema: public; Owner: postgres
--

CREATE INDEX docflow_assignee_parent_id_a184ca48 ON public.docflow_assignee USING btree (parent_id);


--
-- Name: docflow_assignee_status_id_c4203b48; Type: INDEX; Schema: public; Owner: postgres
--

CREATE INDEX docflow_assignee_status_id_c4203b48 ON public.docflow_assignee USING btree (status_id);


--
-- Name: docflow_assignee_user_id_7c874b72; Type: INDEX; Schema: public; Owner: postgres
--

CREATE INDEX docflow_assignee_user_id_7c874b72 ON public.docflow_assignee USING btree (user_id);


--
-- Name: docflow_assignment_created_by_id_9d6b0ed2; Type: INDEX; Schema: public; Owner: postgres
--

CREATE INDEX docflow_assignment_created_by_id_9d6b0ed2 ON public.docflow_assignment USING btree (created_by_id);


--
-- Name: docflow_assignment_modified_by_id_179de43b; Type: INDEX; Schema: public; Owner: postgres
--

CREATE INDEX docflow_assignment_modified_by_id_179de43b ON public.docflow_assignment USING btree (modified_by_id);


--
-- Name: docflow_assignment_parent_id_04d1e7c5; Type: INDEX; Schema: public; Owner: postgres
--

CREATE INDEX docflow_assignment_parent_id_04d1e7c5 ON public.docflow_assignment USING btree (parent_id);


--
-- Name: docflow_assignment_reviewer_id_929f7ee7; Type: INDEX; Schema: public; Owner: postgres
--

CREATE INDEX docflow_assignment_reviewer_id_929f7ee7 ON public.docflow_assignment USING btree (reviewer_id);


--
-- Name: docflow_basedocument_company_id_8cb8b558; Type: INDEX; Schema: public; Owner: postgres
--

CREATE INDEX docflow_basedocument_company_id_8cb8b558 ON public.docflow_basedocument USING btree (company_id);


--
-- Name: docflow_basedocument_correspondent_id_b074bbae; Type: INDEX; Schema: public; Owner: postgres
--

CREATE INDEX docflow_basedocument_correspondent_id_b074bbae ON public.docflow_basedocument USING btree (correspondent_id);


--
-- Name: docflow_basedocument_created_by_id_4909baa9; Type: INDEX; Schema: public; Owner: postgres
--

CREATE INDEX docflow_basedocument_created_by_id_4909baa9 ON public.docflow_basedocument USING btree (created_by_id);


--
-- Name: docflow_basedocument_delivery_type_id_621d043b; Type: INDEX; Schema: public; Owner: postgres
--

CREATE INDEX docflow_basedocument_delivery_type_id_621d043b ON public.docflow_basedocument USING btree (delivery_type_id);


--
-- Name: docflow_basedocument_document_type_id_459483e3; Type: INDEX; Schema: public; Owner: postgres
--

CREATE INDEX docflow_basedocument_document_type_id_459483e3 ON public.docflow_basedocument USING btree (document_type_id);


--
-- Name: docflow_basedocument_journal_id_a5d09ba1; Type: INDEX; Schema: public; Owner: postgres
--

CREATE INDEX docflow_basedocument_journal_id_a5d09ba1 ON public.docflow_basedocument USING btree (journal_id);


--
-- Name: docflow_basedocument_language_id_3913ada1; Type: INDEX; Schema: public; Owner: postgres
--

CREATE INDEX docflow_basedocument_language_id_3913ada1 ON public.docflow_basedocument USING btree (language_id);


--
-- Name: docflow_basedocument_modified_by_id_2102b227; Type: INDEX; Schema: public; Owner: postgres
--

CREATE INDEX docflow_basedocument_modified_by_id_2102b227 ON public.docflow_basedocument USING btree (modified_by_id);


--
-- Name: docflow_basedocument_priority_id_f70625c6; Type: INDEX; Schema: public; Owner: postgres
--

CREATE INDEX docflow_basedocument_priority_id_f70625c6 ON public.docflow_basedocument USING btree (priority_id);


--
-- Name: docflow_basedocument_status_id_f86e0cee; Type: INDEX; Schema: public; Owner: postgres
--

CREATE INDEX docflow_basedocument_status_id_f86e0cee ON public.docflow_basedocument USING btree (status_id);


--
-- Name: docflow_documentfile_created_by_id_129bafa2; Type: INDEX; Schema: public; Owner: postgres
--

CREATE INDEX docflow_documentfile_created_by_id_129bafa2 ON public.docflow_documentfile USING btree (created_by_id);


--
-- Name: docflow_documentfile_document_id_e23b1053; Type: INDEX; Schema: public; Owner: postgres
--

CREATE INDEX docflow_documentfile_document_id_e23b1053 ON public.docflow_documentfile USING btree (document_id);


--
-- Name: docflow_documentfile_file_id_a6087d8b; Type: INDEX; Schema: public; Owner: postgres
--

CREATE INDEX docflow_documentfile_file_id_a6087d8b ON public.docflow_documentfile USING btree (file_id);


--
-- Name: docflow_documentfile_modified_by_id_ddaf8f24; Type: INDEX; Schema: public; Owner: postgres
--

CREATE INDEX docflow_documentfile_modified_by_id_ddaf8f24 ON public.docflow_documentfile USING btree (modified_by_id);


--
-- Name: docflow_reviewer_created_by_id_c756a2f6; Type: INDEX; Schema: public; Owner: postgres
--

CREATE INDEX docflow_reviewer_created_by_id_c756a2f6 ON public.docflow_reviewer USING btree (created_by_id);


--
-- Name: docflow_reviewer_document_id_ace1f37f; Type: INDEX; Schema: public; Owner: postgres
--

CREATE INDEX docflow_reviewer_document_id_ace1f37f ON public.docflow_reviewer USING btree (document_id);


--
-- Name: docflow_reviewer_files_file_id_9b3e1723; Type: INDEX; Schema: public; Owner: postgres
--

CREATE INDEX docflow_reviewer_files_file_id_9b3e1723 ON public.docflow_reviewer_files USING btree (file_id);


--
-- Name: docflow_reviewer_files_reviewer_id_702375e1; Type: INDEX; Schema: public; Owner: postgres
--

CREATE INDEX docflow_reviewer_files_reviewer_id_702375e1 ON public.docflow_reviewer_files USING btree (reviewer_id);


--
-- Name: docflow_reviewer_modified_by_id_410e8bad; Type: INDEX; Schema: public; Owner: postgres
--

CREATE INDEX docflow_reviewer_modified_by_id_410e8bad ON public.docflow_reviewer USING btree (modified_by_id);


--
-- Name: docflow_reviewer_status_id_0c610112; Type: INDEX; Schema: public; Owner: postgres
--

CREATE INDEX docflow_reviewer_status_id_0c610112 ON public.docflow_reviewer USING btree (status_id);


--
-- Name: docflow_reviewer_user_id_f7d8a3b1; Type: INDEX; Schema: public; Owner: postgres
--

CREATE INDEX docflow_reviewer_user_id_f7d8a3b1 ON public.docflow_reviewer USING btree (user_id);


--
-- Name: document_file_created_by_id_c715a828; Type: INDEX; Schema: public; Owner: postgres
--

CREATE INDEX document_file_created_by_id_c715a828 ON public.document_file USING btree (created_by_id);


--
-- Name: document_file_department_id_5ea602a8; Type: INDEX; Schema: public; Owner: postgres
--

CREATE INDEX document_file_department_id_5ea602a8 ON public.document_file USING btree (department_id);


--
-- Name: document_file_key_e14ed1d9_like; Type: INDEX; Schema: public; Owner: postgres
--

CREATE INDEX document_file_key_e14ed1d9_like ON public.document_file USING btree (key varchar_pattern_ops);


--
-- Name: document_file_modified_by_id_3e4b7b42; Type: INDEX; Schema: public; Owner: postgres
--

CREATE INDEX document_file_modified_by_id_3e4b7b42 ON public.document_file USING btree (modified_by_id);


--
-- Name: reference_actiondescription_code_d4ee0e9f_like; Type: INDEX; Schema: public; Owner: postgres
--

CREATE INDEX reference_actiondescription_code_d4ee0e9f_like ON public.reference_actiondescription USING btree (code varchar_pattern_ops);


--
-- Name: reference_actiondescription_created_by_id_41234833; Type: INDEX; Schema: public; Owner: postgres
--

CREATE INDEX reference_actiondescription_created_by_id_41234833 ON public.reference_actiondescription USING btree (created_by_id);


--
-- Name: reference_actiondescription_modified_by_id_f27da836; Type: INDEX; Schema: public; Owner: postgres
--

CREATE INDEX reference_actiondescription_modified_by_id_f27da836 ON public.reference_actiondescription USING btree (modified_by_id);


--
-- Name: reference_actionmodel_content_type_id_f77a84a2; Type: INDEX; Schema: public; Owner: postgres
--

CREATE INDEX reference_actionmodel_content_type_id_f77a84a2 ON public.reference_actionmodel USING btree (content_type_id);


--
-- Name: reference_actionmodel_created_by_id_14d54bcd; Type: INDEX; Schema: public; Owner: postgres
--

CREATE INDEX reference_actionmodel_created_by_id_14d54bcd ON public.reference_actionmodel USING btree (created_by_id);


--
-- Name: reference_actionmodel_description_id_2b27e03b; Type: INDEX; Schema: public; Owner: postgres
--

CREATE INDEX reference_actionmodel_description_id_2b27e03b ON public.reference_actionmodel USING btree (description_id);


--
-- Name: reference_actionmodel_modified_by_id_ea28977a; Type: INDEX; Schema: public; Owner: postgres
--

CREATE INDEX reference_actionmodel_modified_by_id_ea28977a ON public.reference_actionmodel USING btree (modified_by_id);


--
-- Name: reference_commentmodel_content_type_id_5d4e40ed; Type: INDEX; Schema: public; Owner: postgres
--

CREATE INDEX reference_commentmodel_content_type_id_5d4e40ed ON public.reference_commentmodel USING btree (content_type_id);


--
-- Name: reference_commentmodel_created_by_id_1822fb22; Type: INDEX; Schema: public; Owner: postgres
--

CREATE INDEX reference_commentmodel_created_by_id_1822fb22 ON public.reference_commentmodel USING btree (created_by_id);


--
-- Name: reference_commentmodel_file_id_a55a57db; Type: INDEX; Schema: public; Owner: postgres
--

CREATE INDEX reference_commentmodel_file_id_a55a57db ON public.reference_commentmodel USING btree (file_id);


--
-- Name: reference_commentmodel_modified_by_id_f74aa983; Type: INDEX; Schema: public; Owner: postgres
--

CREATE INDEX reference_commentmodel_modified_by_id_f74aa983 ON public.reference_commentmodel USING btree (modified_by_id);


--
-- Name: reference_commentmodel_replied_to_id_bc959db1; Type: INDEX; Schema: public; Owner: postgres
--

CREATE INDEX reference_commentmodel_replied_to_id_bc959db1 ON public.reference_commentmodel USING btree (replied_to_id);


--
-- Name: reference_correspondent_created_by_id_cf30b4a4; Type: INDEX; Schema: public; Owner: postgres
--

CREATE INDEX reference_correspondent_created_by_id_cf30b4a4 ON public.reference_correspondent USING btree (created_by_id);


--
-- Name: reference_correspondent_modified_by_id_41885535; Type: INDEX; Schema: public; Owner: postgres
--

CREATE INDEX reference_correspondent_modified_by_id_41885535 ON public.reference_correspondent USING btree (modified_by_id);


--
-- Name: reference_correspondent_tin_52aaa2de_like; Type: INDEX; Schema: public; Owner: postgres
--

CREATE INDEX reference_correspondent_tin_52aaa2de_like ON public.reference_correspondent USING btree (pinfl varchar_pattern_ops);


--
-- Name: reference_deliverytype_created_by_id_d607c510; Type: INDEX; Schema: public; Owner: postgres
--

CREATE INDEX reference_deliverytype_created_by_id_d607c510 ON public.reference_deliverytype USING btree (created_by_id);


--
-- Name: reference_deliverytype_modified_by_id_bdf79a35; Type: INDEX; Schema: public; Owner: postgres
--

CREATE INDEX reference_deliverytype_modified_by_id_bdf79a35 ON public.reference_deliverytype USING btree (modified_by_id);


--
-- Name: reference_digitalsigninfo_author_id_20ce1255; Type: INDEX; Schema: public; Owner: postgres
--

CREATE INDEX reference_digitalsigninfo_author_id_20ce1255 ON public.reference_digitalsigninfo USING btree (author_id);


--
-- Name: reference_digitalsigninfo_created_by_id_719d5a1c; Type: INDEX; Schema: public; Owner: postgres
--

CREATE INDEX reference_digitalsigninfo_created_by_id_719d5a1c ON public.reference_digitalsigninfo USING btree (created_by_id);


--
-- Name: reference_digitalsigninfo_modified_by_id_6c5f5565; Type: INDEX; Schema: public; Owner: postgres
--

CREATE INDEX reference_digitalsigninfo_modified_by_id_6c5f5565 ON public.reference_digitalsigninfo USING btree (modified_by_id);


--
-- Name: reference_district_created_by_id_ffa7061e; Type: INDEX; Schema: public; Owner: postgres
--

CREATE INDEX reference_district_created_by_id_ffa7061e ON public.reference_district USING btree (created_by_id);


--
-- Name: reference_district_modified_by_id_0bfc2407; Type: INDEX; Schema: public; Owner: postgres
--

CREATE INDEX reference_district_modified_by_id_0bfc2407 ON public.reference_district USING btree (modified_by_id);


--
-- Name: reference_district_region_id_ed57f01d; Type: INDEX; Schema: public; Owner: postgres
--

CREATE INDEX reference_district_region_id_ed57f01d ON public.reference_district USING btree (region_id);


--
-- Name: reference_documentsubtype_created_by_id_d665adb3; Type: INDEX; Schema: public; Owner: postgres
--

CREATE INDEX reference_documentsubtype_created_by_id_d665adb3 ON public.reference_documentsubtype USING btree (created_by_id);


--
-- Name: reference_documentsubtype_document_type_id_2453578c; Type: INDEX; Schema: public; Owner: postgres
--

CREATE INDEX reference_documentsubtype_document_type_id_2453578c ON public.reference_documentsubtype USING btree (document_type_id);


--
-- Name: reference_documentsubtype_modified_by_id_dea60f46; Type: INDEX; Schema: public; Owner: postgres
--

CREATE INDEX reference_documentsubtype_modified_by_id_dea60f46 ON public.reference_documentsubtype USING btree (modified_by_id);


--
-- Name: reference_documenttitle_created_by_id_46adf8db; Type: INDEX; Schema: public; Owner: postgres
--

CREATE INDEX reference_documenttitle_created_by_id_46adf8db ON public.reference_documenttitle USING btree (created_by_id);


--
-- Name: reference_documenttitle_modified_by_id_c6bb68fc; Type: INDEX; Schema: public; Owner: postgres
--

CREATE INDEX reference_documenttitle_modified_by_id_c6bb68fc ON public.reference_documenttitle USING btree (modified_by_id);


--
-- Name: reference_documenttype_created_by_id_d3d0076e; Type: INDEX; Schema: public; Owner: postgres
--

CREATE INDEX reference_documenttype_created_by_id_d3d0076e ON public.reference_documenttype USING btree (created_by_id);


--
-- Name: reference_documenttype_journal_id_ea6d5689; Type: INDEX; Schema: public; Owner: postgres
--

CREATE INDEX reference_documenttype_journal_id_ea6d5689 ON public.reference_documenttype USING btree (journal_id);


--
-- Name: reference_documenttype_modified_by_id_f7866816; Type: INDEX; Schema: public; Owner: postgres
--

CREATE INDEX reference_documenttype_modified_by_id_f7866816 ON public.reference_documenttype USING btree (modified_by_id);


--
-- Name: reference_employeegroup_created_by_id_13961b60; Type: INDEX; Schema: public; Owner: postgres
--

CREATE INDEX reference_employeegroup_created_by_id_13961b60 ON public.reference_employeegroup USING btree (created_by_id);


--
-- Name: reference_employeegroup_employees_employeegroup_id_0eaf1af8; Type: INDEX; Schema: public; Owner: postgres
--

CREATE INDEX reference_employeegroup_employees_employeegroup_id_0eaf1af8 ON public.reference_employeegroup_employees USING btree (employeegroup_id);


--
-- Name: reference_employeegroup_employees_user_id_c908cab8; Type: INDEX; Schema: public; Owner: postgres
--

CREATE INDEX reference_employeegroup_employees_user_id_c908cab8 ON public.reference_employeegroup_employees USING btree (user_id);


--
-- Name: reference_employeegroup_modified_by_id_cf910cd3; Type: INDEX; Schema: public; Owner: postgres
--

CREATE INDEX reference_employeegroup_modified_by_id_cf910cd3 ON public.reference_employeegroup USING btree (modified_by_id);


--
-- Name: reference_errormessage_created_by_id_2777f88a; Type: INDEX; Schema: public; Owner: postgres
--

CREATE INDEX reference_errormessage_created_by_id_2777f88a ON public.reference_errormessage USING btree (created_by_id);


--
-- Name: reference_errormessage_modified_by_id_a4ba22d7; Type: INDEX; Schema: public; Owner: postgres
--

CREATE INDEX reference_errormessage_modified_by_id_a4ba22d7 ON public.reference_errormessage USING btree (modified_by_id);


--
-- Name: reference_fieldactionmapping_created_by_id_91a685a6; Type: INDEX; Schema: public; Owner: postgres
--

CREATE INDEX reference_fieldactionmapping_created_by_id_91a685a6 ON public.reference_fieldactionmapping USING btree (created_by_id);


--
-- Name: reference_fieldactionmapping_field_name_f0670015_like; Type: INDEX; Schema: public; Owner: postgres
--

CREATE INDEX reference_fieldactionmapping_field_name_f0670015_like ON public.reference_fieldactionmapping USING btree (field_name varchar_pattern_ops);


--
-- Name: reference_fieldactionmapping_modified_by_id_9535fb0a; Type: INDEX; Schema: public; Owner: postgres
--

CREATE INDEX reference_fieldactionmapping_modified_by_id_9535fb0a ON public.reference_fieldactionmapping USING btree (modified_by_id);


--
-- Name: reference_journal_created_by_id_856e128d; Type: INDEX; Schema: public; Owner: postgres
--

CREATE INDEX reference_journal_created_by_id_856e128d ON public.reference_journal USING btree (created_by_id);


--
-- Name: reference_journal_icon_id_03321602; Type: INDEX; Schema: public; Owner: postgres
--

CREATE INDEX reference_journal_icon_id_03321602 ON public.reference_journal USING btree (icon_id);


--
-- Name: reference_journal_modified_by_id_27c507d1; Type: INDEX; Schema: public; Owner: postgres
--

CREATE INDEX reference_journal_modified_by_id_27c507d1 ON public.reference_journal USING btree (modified_by_id);


--
-- Name: reference_languagemodel_created_by_id_e7246615; Type: INDEX; Schema: public; Owner: postgres
--

CREATE INDEX reference_languagemodel_created_by_id_e7246615 ON public.reference_languagemodel USING btree (created_by_id);


--
-- Name: reference_languagemodel_modified_by_id_9bbf04f8; Type: INDEX; Schema: public; Owner: postgres
--

CREATE INDEX reference_languagemodel_modified_by_id_9bbf04f8 ON public.reference_languagemodel USING btree (modified_by_id);


--
-- Name: reference_priority_created_by_id_991c2d9f; Type: INDEX; Schema: public; Owner: postgres
--

CREATE INDEX reference_priority_created_by_id_991c2d9f ON public.reference_priority USING btree (created_by_id);


--
-- Name: reference_priority_modified_by_id_68282e08; Type: INDEX; Schema: public; Owner: postgres
--

CREATE INDEX reference_priority_modified_by_id_68282e08 ON public.reference_priority USING btree (modified_by_id);


--
-- Name: reference_region_created_by_id_27352110; Type: INDEX; Schema: public; Owner: postgres
--

CREATE INDEX reference_region_created_by_id_27352110 ON public.reference_region USING btree (created_by_id);


--
-- Name: reference_region_modified_by_id_61a3d7e9; Type: INDEX; Schema: public; Owner: postgres
--

CREATE INDEX reference_region_modified_by_id_61a3d7e9 ON public.reference_region USING btree (modified_by_id);


--
-- Name: reference_shortdescription_created_by_id_2bcbfe67; Type: INDEX; Schema: public; Owner: postgres
--

CREATE INDEX reference_shortdescription_created_by_id_2bcbfe67 ON public.reference_shortdescription USING btree (created_by_id);


--
-- Name: reference_shortdescription_modified_by_id_757bfe53; Type: INDEX; Schema: public; Owner: postgres
--

CREATE INDEX reference_shortdescription_modified_by_id_757bfe53 ON public.reference_shortdescription USING btree (modified_by_id);


--
-- Name: reference_statusmodel_created_by_id_fdec7e85; Type: INDEX; Schema: public; Owner: postgres
--

CREATE INDEX reference_statusmodel_created_by_id_fdec7e85 ON public.reference_statusmodel USING btree (created_by_id);


--
-- Name: reference_statusmodel_modified_by_id_963e946c; Type: INDEX; Schema: public; Owner: postgres
--

CREATE INDEX reference_statusmodel_modified_by_id_963e946c ON public.reference_statusmodel USING btree (modified_by_id);


--
-- Name: user_notificationmodel_created_by_id_9bc087aa; Type: INDEX; Schema: public; Owner: postgres
--

CREATE INDEX user_notificationmodel_created_by_id_9bc087aa ON public.user_notificationmodel USING btree (created_by_id);


--
-- Name: user_notificationmodel_modified_by_id_7270d0a4; Type: INDEX; Schema: public; Owner: postgres
--

CREATE INDEX user_notificationmodel_modified_by_id_7270d0a4 ON public.user_notificationmodel USING btree (modified_by_id);


--
-- Name: user_notificationtype_created_by_id_43005707; Type: INDEX; Schema: public; Owner: postgres
--

CREATE INDEX user_notificationtype_created_by_id_43005707 ON public.user_notificationtype USING btree (created_by_id);


--
-- Name: user_notificationtype_modified_by_id_8d0a69bf; Type: INDEX; Schema: public; Owner: postgres
--

CREATE INDEX user_notificationtype_modified_by_id_8d0a69bf ON public.user_notificationtype USING btree (modified_by_id);


--
-- Name: user_notificationtype_notification_id_c759a4dc; Type: INDEX; Schema: public; Owner: postgres
--

CREATE INDEX user_notificationtype_notification_id_c759a4dc ON public.user_notificationtype USING btree (notification_id);


--
-- Name: user_notificationtype_user_id_87c42582; Type: INDEX; Schema: public; Owner: postgres
--

CREATE INDEX user_notificationtype_user_id_87c42582 ON public.user_notificationtype USING btree (user_id);


--
-- Name: user_projectpermission_content_type_id_9161b971; Type: INDEX; Schema: public; Owner: postgres
--

CREATE INDEX user_projectpermission_content_type_id_9161b971 ON public.user_projectpermission USING btree (content_type_id);


--
-- Name: user_projectpermission_created_by_id_049b26e3; Type: INDEX; Schema: public; Owner: postgres
--

CREATE INDEX user_projectpermission_created_by_id_049b26e3 ON public.user_projectpermission USING btree (created_by_id);


--
-- Name: user_projectpermission_modified_by_id_e53f5b7e; Type: INDEX; Schema: public; Owner: postgres
--

CREATE INDEX user_projectpermission_modified_by_id_e53f5b7e ON public.user_projectpermission USING btree (modified_by_id);


--
-- Name: user_projectpermission_parent_id_3c7d34a4; Type: INDEX; Schema: public; Owner: postgres
--

CREATE INDEX user_projectpermission_parent_id_3c7d34a4 ON public.user_projectpermission USING btree (parent_id);


--
-- Name: user_rolemodel_created_by_id_36f9e563; Type: INDEX; Schema: public; Owner: postgres
--

CREATE INDEX user_rolemodel_created_by_id_36f9e563 ON public.user_rolemodel USING btree (created_by_id);


--
-- Name: user_rolemodel_modified_by_id_f311c074; Type: INDEX; Schema: public; Owner: postgres
--

CREATE INDEX user_rolemodel_modified_by_id_f311c074 ON public.user_rolemodel USING btree (modified_by_id);


--
-- Name: user_rolemodel_permissions_projectpermission_id_7a8e0c3a; Type: INDEX; Schema: public; Owner: postgres
--

CREATE INDEX user_rolemodel_permissions_projectpermission_id_7a8e0c3a ON public.user_rolemodel_permissions USING btree (projectpermission_id);


--
-- Name: user_rolemodel_permissions_rolemodel_id_7e417a22; Type: INDEX; Schema: public; Owner: postgres
--

CREATE INDEX user_rolemodel_permissions_rolemodel_id_7e417a22 ON public.user_rolemodel_permissions USING btree (rolemodel_id);


--
-- Name: user_topsigner_created_by_id_ebdef298; Type: INDEX; Schema: public; Owner: postgres
--

CREATE INDEX user_topsigner_created_by_id_ebdef298 ON public.user_topsigner USING btree (created_by_id);


--
-- Name: user_topsigner_doc_types_documenttype_id_3a308307; Type: INDEX; Schema: public; Owner: postgres
--

CREATE INDEX user_topsigner_doc_types_documenttype_id_3a308307 ON public.user_topsigner_doc_types USING btree (documenttype_id);


--
-- Name: user_topsigner_doc_types_topsigner_id_42a1f171; Type: INDEX; Schema: public; Owner: postgres
--

CREATE INDEX user_topsigner_doc_types_topsigner_id_42a1f171 ON public.user_topsigner_doc_types USING btree (topsigner_id);


--
-- Name: user_topsigner_modified_by_id_d1241011; Type: INDEX; Schema: public; Owner: postgres
--

CREATE INDEX user_topsigner_modified_by_id_d1241011 ON public.user_topsigner USING btree (modified_by_id);


--
-- Name: user_topsigner_user_id_0881efa0; Type: INDEX; Schema: public; Owner: postgres
--

CREATE INDEX user_topsigner_user_id_0881efa0 ON public.user_topsigner USING btree (user_id);


--
-- Name: user_user_company_id_dcac3c3f; Type: INDEX; Schema: public; Owner: postgres
--

CREATE INDEX user_user_company_id_dcac3c3f ON public.user_user USING btree (company_id);


--
-- Name: user_user_created_by_id_9e15681d; Type: INDEX; Schema: public; Owner: postgres
--

CREATE INDEX user_user_created_by_id_9e15681d ON public.user_user USING btree (created_by_id);


--
-- Name: user_user_department_id_17d2191b; Type: INDEX; Schema: public; Owner: postgres
--

CREATE INDEX user_user_department_id_17d2191b ON public.user_user USING btree (department_id);


--
-- Name: user_user_groups_group_id_c57f13c0; Type: INDEX; Schema: public; Owner: postgres
--

CREATE INDEX user_user_groups_group_id_c57f13c0 ON public.user_user_groups USING btree (group_id);


--
-- Name: user_user_groups_user_id_13f9a20d; Type: INDEX; Schema: public; Owner: postgres
--

CREATE INDEX user_user_groups_user_id_13f9a20d ON public.user_user_groups USING btree (user_id);


--
-- Name: user_user_modified_by_id_07b6b94c; Type: INDEX; Schema: public; Owner: postgres
--

CREATE INDEX user_user_modified_by_id_07b6b94c ON public.user_user USING btree (modified_by_id);


--
-- Name: user_user_position_id_030439da; Type: INDEX; Schema: public; Owner: postgres
--

CREATE INDEX user_user_position_id_030439da ON public.user_user USING btree (position_id);


--
-- Name: user_user_role_id_aee6bf52; Type: INDEX; Schema: public; Owner: postgres
--

CREATE INDEX user_user_role_id_aee6bf52 ON public.user_user USING btree (role_id);


--
-- Name: user_user_status_id_ea86485a; Type: INDEX; Schema: public; Owner: postgres
--

CREATE INDEX user_user_status_id_ea86485a ON public.user_user USING btree (status_id);


--
-- Name: user_user_top_level_department_id_f010ebd3; Type: INDEX; Schema: public; Owner: postgres
--

CREATE INDEX user_user_top_level_department_id_f010ebd3 ON public.user_user USING btree (top_level_department_id);


--
-- Name: user_user_user_permissions_permission_id_ce49d4de; Type: INDEX; Schema: public; Owner: postgres
--

CREATE INDEX user_user_user_permissions_permission_id_ce49d4de ON public.user_user_user_permissions USING btree (permission_id);


--
-- Name: user_user_user_permissions_user_id_31782f58; Type: INDEX; Schema: public; Owner: postgres
--

CREATE INDEX user_user_user_permissions_user_id_31782f58 ON public.user_user_user_permissions USING btree (user_id);


--
-- Name: user_user_username_e2bdfe0c_like; Type: INDEX; Schema: public; Owner: postgres
--

CREATE INDEX user_user_username_e2bdfe0c_like ON public.user_user USING btree (username varchar_pattern_ops);


--
-- Name: user_userassistant_assistant_id_51255c98; Type: INDEX; Schema: public; Owner: postgres
--

CREATE INDEX user_userassistant_assistant_id_51255c98 ON public.user_userassistant USING btree (assistant_id);


--
-- Name: user_userassistant_created_by_id_c2afcaf5; Type: INDEX; Schema: public; Owner: postgres
--

CREATE INDEX user_userassistant_created_by_id_c2afcaf5 ON public.user_userassistant USING btree (created_by_id);


--
-- Name: user_userassistant_modified_by_id_2245e3e3; Type: INDEX; Schema: public; Owner: postgres
--

CREATE INDEX user_userassistant_modified_by_id_2245e3e3 ON public.user_userassistant USING btree (modified_by_id);


--
-- Name: user_userassistant_user_id_1d098a97; Type: INDEX; Schema: public; Owner: postgres
--

CREATE INDEX user_userassistant_user_id_1d098a97 ON public.user_userassistant USING btree (user_id);


--
-- Name: user_userstatus_created_by_id_f21be183; Type: INDEX; Schema: public; Owner: postgres
--

CREATE INDEX user_userstatus_created_by_id_f21be183 ON public.user_userstatus USING btree (created_by_id);


--
-- Name: user_userstatus_modified_by_id_abaf267a; Type: INDEX; Schema: public; Owner: postgres
--

CREATE INDEX user_userstatus_modified_by_id_abaf267a ON public.user_userstatus USING btree (modified_by_id);


--
-- Name: wcalendar_calendarmodel_attachments_calendarmodel_id_da4fb2d4; Type: INDEX; Schema: public; Owner: postgres
--

CREATE INDEX wcalendar_calendarmodel_attachments_calendarmodel_id_da4fb2d4 ON public.wcalendar_calendarmodel_attachments USING btree (calendarmodel_id);


--
-- Name: wcalendar_calendarmodel_attachments_file_id_95c6f7f8; Type: INDEX; Schema: public; Owner: postgres
--

CREATE INDEX wcalendar_calendarmodel_attachments_file_id_95c6f7f8 ON public.wcalendar_calendarmodel_attachments USING btree (file_id);


--
-- Name: wcalendar_calendarmodel_created_by_id_419f788d; Type: INDEX; Schema: public; Owner: postgres
--

CREATE INDEX wcalendar_calendarmodel_created_by_id_419f788d ON public.wcalendar_calendarmodel USING btree (created_by_id);


--
-- Name: wcalendar_calendarmodel_modified_by_id_5931d01b; Type: INDEX; Schema: public; Owner: postgres
--

CREATE INDEX wcalendar_calendarmodel_modified_by_id_5931d01b ON public.wcalendar_calendarmodel USING btree (modified_by_id);


--
-- Name: wcalendar_calendarmodel_organizer_id_2b9600bc; Type: INDEX; Schema: public; Owner: postgres
--

CREATE INDEX wcalendar_calendarmodel_organizer_id_2b9600bc ON public.wcalendar_calendarmodel USING btree (organizer_id);


--
-- Name: wcalendar_calendarmodel_priority_id_65580ab8; Type: INDEX; Schema: public; Owner: postgres
--

CREATE INDEX wcalendar_calendarmodel_priority_id_65580ab8 ON public.wcalendar_calendarmodel USING btree (priority_id);


--
-- Name: wcalendar_calendarparticipant_calendar_id_f0a92e08; Type: INDEX; Schema: public; Owner: postgres
--

CREATE INDEX wcalendar_calendarparticipant_calendar_id_f0a92e08 ON public.wcalendar_calendarparticipant USING btree (calendar_id);


--
-- Name: wcalendar_calendarparticipant_created_by_id_0af0ebc1; Type: INDEX; Schema: public; Owner: postgres
--

CREATE INDEX wcalendar_calendarparticipant_created_by_id_0af0ebc1 ON public.wcalendar_calendarparticipant USING btree (created_by_id);


--
-- Name: wcalendar_calendarparticipant_modified_by_id_f2d0059e; Type: INDEX; Schema: public; Owner: postgres
--

CREATE INDEX wcalendar_calendarparticipant_modified_by_id_f2d0059e ON public.wcalendar_calendarparticipant USING btree (modified_by_id);


--
-- Name: wcalendar_calendarparticipant_user_id_0edc3f2e; Type: INDEX; Schema: public; Owner: postgres
--

CREATE INDEX wcalendar_calendarparticipant_user_id_0edc3f2e ON public.wcalendar_calendarparticipant USING btree (user_id);


--
-- Name: wchat_chat_created_by_id_716582e8; Type: INDEX; Schema: public; Owner: postgres
--

CREATE INDEX wchat_chat_created_by_id_716582e8 ON public.wchat_chat USING btree (created_by_id);


--
-- Name: wchat_chat_modified_by_id_9994c4c1; Type: INDEX; Schema: public; Owner: postgres
--

CREATE INDEX wchat_chat_modified_by_id_9994c4c1 ON public.wchat_chat USING btree (modified_by_id);


--
-- Name: wchat_chatimage_chat_id_b60e8f2e; Type: INDEX; Schema: public; Owner: postgres
--

CREATE INDEX wchat_chatimage_chat_id_b60e8f2e ON public.wchat_chatimage USING btree (chat_id);


--
-- Name: wchat_chatimage_created_by_id_f01b186f; Type: INDEX; Schema: public; Owner: postgres
--

CREATE INDEX wchat_chatimage_created_by_id_f01b186f ON public.wchat_chatimage USING btree (created_by_id);


--
-- Name: wchat_chatimage_image_id_f26d1f0b; Type: INDEX; Schema: public; Owner: postgres
--

CREATE INDEX wchat_chatimage_image_id_f26d1f0b ON public.wchat_chatimage USING btree (image_id);


--
-- Name: wchat_chatimage_modified_by_id_b8bc2eea; Type: INDEX; Schema: public; Owner: postgres
--

CREATE INDEX wchat_chatimage_modified_by_id_b8bc2eea ON public.wchat_chatimage USING btree (modified_by_id);


--
-- Name: wchat_chatmember_chat_id_4a8d620e; Type: INDEX; Schema: public; Owner: postgres
--

CREATE INDEX wchat_chatmember_chat_id_4a8d620e ON public.wchat_chatmember USING btree (chat_id);


--
-- Name: wchat_chatmember_created_by_id_ace05ff2; Type: INDEX; Schema: public; Owner: postgres
--

CREATE INDEX wchat_chatmember_created_by_id_ace05ff2 ON public.wchat_chatmember USING btree (created_by_id);


--
-- Name: wchat_chatmember_modified_by_id_29d716e3; Type: INDEX; Schema: public; Owner: postgres
--

CREATE INDEX wchat_chatmember_modified_by_id_29d716e3 ON public.wchat_chatmember USING btree (modified_by_id);


--
-- Name: wchat_chatmember_user_id_dc1a4aa9; Type: INDEX; Schema: public; Owner: postgres
--

CREATE INDEX wchat_chatmember_user_id_dc1a4aa9 ON public.wchat_chatmember USING btree (user_id);


--
-- Name: wchat_chatmessage_chat_id_12d0571d; Type: INDEX; Schema: public; Owner: postgres
--

CREATE INDEX wchat_chatmessage_chat_id_12d0571d ON public.wchat_chatmessage USING btree (chat_id);


--
-- Name: wchat_chatmessage_created_by_id_ac9bb175; Type: INDEX; Schema: public; Owner: postgres
--

CREATE INDEX wchat_chatmessage_created_by_id_ac9bb175 ON public.wchat_chatmessage USING btree (created_by_id);


--
-- Name: wchat_chatmessage_modified_by_id_fa549de9; Type: INDEX; Schema: public; Owner: postgres
--

CREATE INDEX wchat_chatmessage_modified_by_id_fa549de9 ON public.wchat_chatmessage USING btree (modified_by_id);


--
-- Name: wchat_chatmessage_receiver_id_2007fd21; Type: INDEX; Schema: public; Owner: postgres
--

CREATE INDEX wchat_chatmessage_receiver_id_2007fd21 ON public.wchat_chatmessage USING btree (receiver_id);


--
-- Name: wchat_chatmessage_replied_to_id_0a4d4c6c; Type: INDEX; Schema: public; Owner: postgres
--

CREATE INDEX wchat_chatmessage_replied_to_id_0a4d4c6c ON public.wchat_chatmessage USING btree (replied_to_id);


--
-- Name: wchat_chatmessage_sender_id_d677687e; Type: INDEX; Schema: public; Owner: postgres
--

CREATE INDEX wchat_chatmessage_sender_id_d677687e ON public.wchat_chatmessage USING btree (sender_id);


--
-- Name: wchat_chatmessagefile_created_by_id_942b3b4d; Type: INDEX; Schema: public; Owner: postgres
--

CREATE INDEX wchat_chatmessagefile_created_by_id_942b3b4d ON public.wchat_chatmessagefile USING btree (created_by_id);


--
-- Name: wchat_chatmessagefile_file_id_7b7f6d6e; Type: INDEX; Schema: public; Owner: postgres
--

CREATE INDEX wchat_chatmessagefile_file_id_7b7f6d6e ON public.wchat_chatmessagefile USING btree (file_id);


--
-- Name: wchat_chatmessagefile_message_id_04f6439c; Type: INDEX; Schema: public; Owner: postgres
--

CREATE INDEX wchat_chatmessagefile_message_id_04f6439c ON public.wchat_chatmessagefile USING btree (message_id);


--
-- Name: wchat_chatmessagefile_modified_by_id_edd6d3cd; Type: INDEX; Schema: public; Owner: postgres
--

CREATE INDEX wchat_chatmessagefile_modified_by_id_edd6d3cd ON public.wchat_chatmessagefile USING btree (modified_by_id);


--
-- Name: wchat_messagereceiver_created_by_id_00779e3a; Type: INDEX; Schema: public; Owner: postgres
--

CREATE INDEX wchat_messagereceiver_created_by_id_00779e3a ON public.wchat_messagereceiver USING btree (created_by_id);


--
-- Name: wchat_messagereceiver_message_id_1e07bb26; Type: INDEX; Schema: public; Owner: postgres
--

CREATE INDEX wchat_messagereceiver_message_id_1e07bb26 ON public.wchat_messagereceiver USING btree (message_id);


--
-- Name: wchat_messagereceiver_modified_by_id_dc16ce2b; Type: INDEX; Schema: public; Owner: postgres
--

CREATE INDEX wchat_messagereceiver_modified_by_id_dc16ce2b ON public.wchat_messagereceiver USING btree (modified_by_id);


--
-- Name: wchat_messagereceiver_receiver_id_b48c4b97; Type: INDEX; Schema: public; Owner: postgres
--

CREATE INDEX wchat_messagereceiver_receiver_id_b48c4b97 ON public.wchat_messagereceiver USING btree (receiver_id);


--
-- Name: auth_group_permissions auth_group_permissio_permission_id_84c5c92e_fk_auth_perm; Type: FK CONSTRAINT; Schema: public; Owner: postgres
--

ALTER TABLE ONLY public.auth_group_permissions
    ADD CONSTRAINT auth_group_permissio_permission_id_84c5c92e_fk_auth_perm FOREIGN KEY (permission_id) REFERENCES public.auth_permission(id) DEFERRABLE INITIALLY DEFERRED;


--
-- Name: auth_group_permissions auth_group_permissions_group_id_b120cbf9_fk_auth_group_id; Type: FK CONSTRAINT; Schema: public; Owner: postgres
--

ALTER TABLE ONLY public.auth_group_permissions
    ADD CONSTRAINT auth_group_permissions_group_id_b120cbf9_fk_auth_group_id FOREIGN KEY (group_id) REFERENCES public.auth_group(id) DEFERRABLE INITIALLY DEFERRED;


--
-- Name: auth_permission auth_permission_content_type_id_2f476e4b_fk_django_co; Type: FK CONSTRAINT; Schema: public; Owner: postgres
--

ALTER TABLE ONLY public.auth_permission
    ADD CONSTRAINT auth_permission_content_type_id_2f476e4b_fk_django_co FOREIGN KEY (content_type_id) REFERENCES public.django_content_type(id) DEFERRABLE INITIALLY DEFERRED;


--
-- Name: company company_created_by_id_6d8b6b91_fk_user_user_id; Type: FK CONSTRAINT; Schema: public; Owner: postgres
--

ALTER TABLE ONLY public.company
    ADD CONSTRAINT company_created_by_id_6d8b6b91_fk_user_user_id FOREIGN KEY (created_by_id) REFERENCES public.user_user(id) DEFERRABLE INITIALLY DEFERRED;


--
-- Name: company_department company_department_company_id_bb05fdec_fk_company_id; Type: FK CONSTRAINT; Schema: public; Owner: postgres
--

ALTER TABLE ONLY public.company_department
    ADD CONSTRAINT company_department_company_id_bb05fdec_fk_company_id FOREIGN KEY (company_id) REFERENCES public.company(id) DEFERRABLE INITIALLY DEFERRED;


--
-- Name: company_department company_department_created_by_id_fe0ec24d_fk_user_user_id; Type: FK CONSTRAINT; Schema: public; Owner: postgres
--

ALTER TABLE ONLY public.company_department
    ADD CONSTRAINT company_department_created_by_id_fe0ec24d_fk_user_user_id FOREIGN KEY (created_by_id) REFERENCES public.user_user(id) DEFERRABLE INITIALLY DEFERRED;


--
-- Name: company_department company_department_modified_by_id_952e8533_fk_user_user_id; Type: FK CONSTRAINT; Schema: public; Owner: postgres
--

ALTER TABLE ONLY public.company_department
    ADD CONSTRAINT company_department_modified_by_id_952e8533_fk_user_user_id FOREIGN KEY (modified_by_id) REFERENCES public.user_user(id) DEFERRABLE INITIALLY DEFERRED;


--
-- Name: company_department company_department_parent_id_1be51d44_fk_company_department_id; Type: FK CONSTRAINT; Schema: public; Owner: postgres
--

ALTER TABLE ONLY public.company_department
    ADD CONSTRAINT company_department_parent_id_1be51d44_fk_company_department_id FOREIGN KEY (parent_id) REFERENCES public.company_department(id) DEFERRABLE INITIALLY DEFERRED;


--
-- Name: company company_modified_by_id_6a97d692_fk_user_user_id; Type: FK CONSTRAINT; Schema: public; Owner: postgres
--

ALTER TABLE ONLY public.company
    ADD CONSTRAINT company_modified_by_id_6a97d692_fk_user_user_id FOREIGN KEY (modified_by_id) REFERENCES public.user_user(id) DEFERRABLE INITIALLY DEFERRED;


--
-- Name: company_position company_position_created_by_id_3641f4f1_fk_user_user_id; Type: FK CONSTRAINT; Schema: public; Owner: postgres
--

ALTER TABLE ONLY public.company_position
    ADD CONSTRAINT company_position_created_by_id_3641f4f1_fk_user_user_id FOREIGN KEY (created_by_id) REFERENCES public.user_user(id) DEFERRABLE INITIALLY DEFERRED;


--
-- Name: company_position company_position_modified_by_id_9060738f_fk_user_user_id; Type: FK CONSTRAINT; Schema: public; Owner: postgres
--

ALTER TABLE ONLY public.company_position
    ADD CONSTRAINT company_position_modified_by_id_9060738f_fk_user_user_id FOREIGN KEY (modified_by_id) REFERENCES public.user_user(id) DEFERRABLE INITIALLY DEFERRED;


--
-- Name: compose_approver compose_approver_compose_id_5f108583_fk_compose_compose_id; Type: FK CONSTRAINT; Schema: public; Owner: postgres
--

ALTER TABLE ONLY public.compose_approver
    ADD CONSTRAINT compose_approver_compose_id_5f108583_fk_compose_compose_id FOREIGN KEY (compose_id) REFERENCES public.compose_compose(id) DEFERRABLE INITIALLY DEFERRED;


--
-- Name: compose_approver compose_approver_created_by_id_3ece9396_fk_user_user_id; Type: FK CONSTRAINT; Schema: public; Owner: postgres
--

ALTER TABLE ONLY public.compose_approver
    ADD CONSTRAINT compose_approver_created_by_id_3ece9396_fk_user_user_id FOREIGN KEY (created_by_id) REFERENCES public.user_user(id) DEFERRABLE INITIALLY DEFERRED;


--
-- Name: compose_approver compose_approver_modified_by_id_b7ef8e08_fk_user_user_id; Type: FK CONSTRAINT; Schema: public; Owner: postgres
--

ALTER TABLE ONLY public.compose_approver
    ADD CONSTRAINT compose_approver_modified_by_id_b7ef8e08_fk_user_user_id FOREIGN KEY (modified_by_id) REFERENCES public.user_user(id) DEFERRABLE INITIALLY DEFERRED;


--
-- Name: compose_approver compose_approver_user_id_2a030681_fk_user_user_id; Type: FK CONSTRAINT; Schema: public; Owner: postgres
--

ALTER TABLE ONLY public.compose_approver
    ADD CONSTRAINT compose_approver_user_id_2a030681_fk_user_user_id FOREIGN KEY (user_id) REFERENCES public.user_user(id) DEFERRABLE INITIALLY DEFERRED;


--
-- Name: compose_compose compose_compose_author_id_a43768c7_fk_user_user_id; Type: FK CONSTRAINT; Schema: public; Owner: postgres
--

ALTER TABLE ONLY public.compose_compose
    ADD CONSTRAINT compose_compose_author_id_a43768c7_fk_user_user_id FOREIGN KEY (author_id) REFERENCES public.user_user(id) DEFERRABLE INITIALLY DEFERRED;


--
-- Name: compose_compose compose_compose_company_id_add21f94_fk_company_id; Type: FK CONSTRAINT; Schema: public; Owner: postgres
--

ALTER TABLE ONLY public.compose_compose
    ADD CONSTRAINT compose_compose_company_id_add21f94_fk_company_id FOREIGN KEY (company_id) REFERENCES public.company(id) DEFERRABLE INITIALLY DEFERRED;


--
-- Name: compose_compose compose_compose_created_by_id_e95a8723_fk_user_user_id; Type: FK CONSTRAINT; Schema: public; Owner: postgres
--

ALTER TABLE ONLY public.compose_compose
    ADD CONSTRAINT compose_compose_created_by_id_e95a8723_fk_user_user_id FOREIGN KEY (created_by_id) REFERENCES public.user_user(id) DEFERRABLE INITIALLY DEFERRED;


--
-- Name: compose_compose compose_compose_curator_id_1af520b9_fk_user_user_id; Type: FK CONSTRAINT; Schema: public; Owner: postgres
--

ALTER TABLE ONLY public.compose_compose
    ADD CONSTRAINT compose_compose_curator_id_1af520b9_fk_user_user_id FOREIGN KEY (curator_id) REFERENCES public.user_user(id) DEFERRABLE INITIALLY DEFERRED;


--
-- Name: compose_compose compose_compose_document_type_id_6e72a84d_fk_reference; Type: FK CONSTRAINT; Schema: public; Owner: postgres
--

ALTER TABLE ONLY public.compose_compose
    ADD CONSTRAINT compose_compose_document_type_id_6e72a84d_fk_reference FOREIGN KEY (document_type_id) REFERENCES public.reference_documenttype(id) DEFERRABLE INITIALLY DEFERRED;


--
-- Name: compose_compose_files compose_compose_files_compose_id_31410656_fk_compose_compose_id; Type: FK CONSTRAINT; Schema: public; Owner: postgres
--

ALTER TABLE ONLY public.compose_compose_files
    ADD CONSTRAINT compose_compose_files_compose_id_31410656_fk_compose_compose_id FOREIGN KEY (compose_id) REFERENCES public.compose_compose(id) DEFERRABLE INITIALLY DEFERRED;


--
-- Name: compose_compose_files compose_compose_files_file_id_fbdb6e6e_fk_document_file_id; Type: FK CONSTRAINT; Schema: public; Owner: postgres
--

ALTER TABLE ONLY public.compose_compose_files
    ADD CONSTRAINT compose_compose_files_file_id_fbdb6e6e_fk_document_file_id FOREIGN KEY (file_id) REFERENCES public.document_file(id) DEFERRABLE INITIALLY DEFERRED;


--
-- Name: compose_compose compose_compose_journal_id_c0f0c6a0_fk_reference_journal_id; Type: FK CONSTRAINT; Schema: public; Owner: postgres
--

ALTER TABLE ONLY public.compose_compose
    ADD CONSTRAINT compose_compose_journal_id_c0f0c6a0_fk_reference_journal_id FOREIGN KEY (journal_id) REFERENCES public.reference_journal(id) DEFERRABLE INITIALLY DEFERRED;


--
-- Name: compose_compose compose_compose_modified_by_id_ae3180f2_fk_user_user_id; Type: FK CONSTRAINT; Schema: public; Owner: postgres
--

ALTER TABLE ONLY public.compose_compose
    ADD CONSTRAINT compose_compose_modified_by_id_ae3180f2_fk_user_user_id FOREIGN KEY (modified_by_id) REFERENCES public.user_user(id) DEFERRABLE INITIALLY DEFERRED;


--
-- Name: compose_compose compose_compose_receiver_id_91875bea_fk_compose_receiver_id; Type: FK CONSTRAINT; Schema: public; Owner: postgres
--

ALTER TABLE ONLY public.compose_compose
    ADD CONSTRAINT compose_compose_receiver_id_91875bea_fk_compose_receiver_id FOREIGN KEY (receiver_id) REFERENCES public.compose_receiver(id) DEFERRABLE INITIALLY DEFERRED;


--
-- Name: compose_compose compose_compose_registered_document__71ed48cb_fk_docflow_b; Type: FK CONSTRAINT; Schema: public; Owner: postgres
--

ALTER TABLE ONLY public.compose_compose
    ADD CONSTRAINT compose_compose_registered_document__71ed48cb_fk_docflow_b FOREIGN KEY (registered_document_id) REFERENCES public.docflow_basedocument(id) DEFERRABLE INITIALLY DEFERRED;


--
-- Name: compose_compose compose_compose_replied_document_id_65929fd8_fk_docflow_b; Type: FK CONSTRAINT; Schema: public; Owner: postgres
--

ALTER TABLE ONLY public.compose_compose
    ADD CONSTRAINT compose_compose_replied_document_id_65929fd8_fk_docflow_b FOREIGN KEY (replied_document_id) REFERENCES public.docflow_basedocument(id) DEFERRABLE INITIALLY DEFERRED;


--
-- Name: compose_compose compose_compose_sender_id_3898cd15_fk_company_department_id; Type: FK CONSTRAINT; Schema: public; Owner: postgres
--

ALTER TABLE ONLY public.compose_compose
    ADD CONSTRAINT compose_compose_sender_id_3898cd15_fk_company_department_id FOREIGN KEY (sender_id) REFERENCES public.company_department(id) DEFERRABLE INITIALLY DEFERRED;


--
-- Name: compose_compose compose_compose_status_id_3c03166f_fk_compose_composestatus_id; Type: FK CONSTRAINT; Schema: public; Owner: postgres
--

ALTER TABLE ONLY public.compose_compose
    ADD CONSTRAINT compose_compose_status_id_3c03166f_fk_compose_composestatus_id FOREIGN KEY (status_id) REFERENCES public.compose_composestatus(id) DEFERRABLE INITIALLY DEFERRED;


--
-- Name: compose_compose compose_compose_title_id_d75c771c_fk_reference_documenttitle_id; Type: FK CONSTRAINT; Schema: public; Owner: postgres
--

ALTER TABLE ONLY public.compose_compose
    ADD CONSTRAINT compose_compose_title_id_d75c771c_fk_reference_documenttitle_id FOREIGN KEY (title_id) REFERENCES public.reference_documenttitle(id) DEFERRABLE INITIALLY DEFERRED;


--
-- Name: compose_composestatus compose_composestatus_created_by_id_dd57fbfd_fk_user_user_id; Type: FK CONSTRAINT; Schema: public; Owner: postgres
--

ALTER TABLE ONLY public.compose_composestatus
    ADD CONSTRAINT compose_composestatus_created_by_id_dd57fbfd_fk_user_user_id FOREIGN KEY (created_by_id) REFERENCES public.user_user(id) DEFERRABLE INITIALLY DEFERRED;


--
-- Name: compose_composestatus compose_composestatus_modified_by_id_8dd2b7b7_fk_user_user_id; Type: FK CONSTRAINT; Schema: public; Owner: postgres
--

ALTER TABLE ONLY public.compose_composestatus
    ADD CONSTRAINT compose_composestatus_modified_by_id_8dd2b7b7_fk_user_user_id FOREIGN KEY (modified_by_id) REFERENCES public.user_user(id) DEFERRABLE INITIALLY DEFERRED;


--
-- Name: compose_composeversionmodel compose_composeversi_content_type_id_b77cbfc1_fk_django_co; Type: FK CONSTRAINT; Schema: public; Owner: postgres
--

ALTER TABLE ONLY public.compose_composeversionmodel
    ADD CONSTRAINT compose_composeversi_content_type_id_b77cbfc1_fk_django_co FOREIGN KEY (content_type_id) REFERENCES public.django_content_type(id) DEFERRABLE INITIALLY DEFERRED;


--
-- Name: compose_composeversionmodel compose_composeversi_created_by_id_114d4384_fk_user_user; Type: FK CONSTRAINT; Schema: public; Owner: postgres
--

ALTER TABLE ONLY public.compose_composeversionmodel
    ADD CONSTRAINT compose_composeversi_created_by_id_114d4384_fk_user_user FOREIGN KEY (created_by_id) REFERENCES public.user_user(id) DEFERRABLE INITIALLY DEFERRED;


--
-- Name: compose_composeversionmodel compose_composeversi_modified_by_id_0f67ec70_fk_user_user; Type: FK CONSTRAINT; Schema: public; Owner: postgres
--

ALTER TABLE ONLY public.compose_composeversionmodel
    ADD CONSTRAINT compose_composeversi_modified_by_id_0f67ec70_fk_user_user FOREIGN KEY (modified_by_id) REFERENCES public.user_user(id) DEFERRABLE INITIALLY DEFERRED;


--
-- Name: compose_receiver_companies compose_receiver_com_receiver_id_a15a0c24_fk_compose_r; Type: FK CONSTRAINT; Schema: public; Owner: postgres
--

ALTER TABLE ONLY public.compose_receiver_companies
    ADD CONSTRAINT compose_receiver_com_receiver_id_a15a0c24_fk_compose_r FOREIGN KEY (receiver_id) REFERENCES public.compose_receiver(id) DEFERRABLE INITIALLY DEFERRED;


--
-- Name: compose_receiver_companies compose_receiver_companies_company_id_db678cc4_fk_company_id; Type: FK CONSTRAINT; Schema: public; Owner: postgres
--

ALTER TABLE ONLY public.compose_receiver_companies
    ADD CONSTRAINT compose_receiver_companies_company_id_db678cc4_fk_company_id FOREIGN KEY (company_id) REFERENCES public.company(id) DEFERRABLE INITIALLY DEFERRED;


--
-- Name: compose_receiver compose_receiver_created_by_id_f8ce58cb_fk_user_user_id; Type: FK CONSTRAINT; Schema: public; Owner: postgres
--

ALTER TABLE ONLY public.compose_receiver
    ADD CONSTRAINT compose_receiver_created_by_id_f8ce58cb_fk_user_user_id FOREIGN KEY (created_by_id) REFERENCES public.user_user(id) DEFERRABLE INITIALLY DEFERRED;


--
-- Name: compose_receiver_departments compose_receiver_dep_department_id_1cacd48d_fk_company_d; Type: FK CONSTRAINT; Schema: public; Owner: postgres
--

ALTER TABLE ONLY public.compose_receiver_departments
    ADD CONSTRAINT compose_receiver_dep_department_id_1cacd48d_fk_company_d FOREIGN KEY (department_id) REFERENCES public.company_department(id) DEFERRABLE INITIALLY DEFERRED;


--
-- Name: compose_receiver_departments compose_receiver_dep_receiver_id_4da18618_fk_compose_r; Type: FK CONSTRAINT; Schema: public; Owner: postgres
--

ALTER TABLE ONLY public.compose_receiver_departments
    ADD CONSTRAINT compose_receiver_dep_receiver_id_4da18618_fk_compose_r FOREIGN KEY (receiver_id) REFERENCES public.compose_receiver(id) DEFERRABLE INITIALLY DEFERRED;


--
-- Name: compose_receiver compose_receiver_modified_by_id_06d364a8_fk_user_user_id; Type: FK CONSTRAINT; Schema: public; Owner: postgres
--

ALTER TABLE ONLY public.compose_receiver
    ADD CONSTRAINT compose_receiver_modified_by_id_06d364a8_fk_user_user_id FOREIGN KEY (modified_by_id) REFERENCES public.user_user(id) DEFERRABLE INITIALLY DEFERRED;


--
-- Name: compose_receiver_organizations compose_receiver_org_correspondent_id_6f627eb2_fk_reference; Type: FK CONSTRAINT; Schema: public; Owner: postgres
--

ALTER TABLE ONLY public.compose_receiver_organizations
    ADD CONSTRAINT compose_receiver_org_correspondent_id_6f627eb2_fk_reference FOREIGN KEY (correspondent_id) REFERENCES public.reference_correspondent(id) DEFERRABLE INITIALLY DEFERRED;


--
-- Name: compose_receiver_organizations compose_receiver_org_receiver_id_08070b02_fk_compose_r; Type: FK CONSTRAINT; Schema: public; Owner: postgres
--

ALTER TABLE ONLY public.compose_receiver_organizations
    ADD CONSTRAINT compose_receiver_org_receiver_id_08070b02_fk_compose_r FOREIGN KEY (receiver_id) REFERENCES public.compose_receiver(id) DEFERRABLE INITIALLY DEFERRED;


--
-- Name: compose_signer compose_signer_compose_id_265bff9f_fk_compose_compose_id; Type: FK CONSTRAINT; Schema: public; Owner: postgres
--

ALTER TABLE ONLY public.compose_signer
    ADD CONSTRAINT compose_signer_compose_id_265bff9f_fk_compose_compose_id FOREIGN KEY (compose_id) REFERENCES public.compose_compose(id) DEFERRABLE INITIALLY DEFERRED;


--
-- Name: compose_signer compose_signer_created_by_id_5edb099e_fk_user_user_id; Type: FK CONSTRAINT; Schema: public; Owner: postgres
--

ALTER TABLE ONLY public.compose_signer
    ADD CONSTRAINT compose_signer_created_by_id_5edb099e_fk_user_user_id FOREIGN KEY (created_by_id) REFERENCES public.user_user(id) DEFERRABLE INITIALLY DEFERRED;


--
-- Name: compose_signer compose_signer_modified_by_id_4eeb51af_fk_user_user_id; Type: FK CONSTRAINT; Schema: public; Owner: postgres
--

ALTER TABLE ONLY public.compose_signer
    ADD CONSTRAINT compose_signer_modified_by_id_4eeb51af_fk_user_user_id FOREIGN KEY (modified_by_id) REFERENCES public.user_user(id) DEFERRABLE INITIALLY DEFERRED;


--
-- Name: compose_signer compose_signer_user_id_6c1d6ebf_fk_user_user_id; Type: FK CONSTRAINT; Schema: public; Owner: postgres
--

ALTER TABLE ONLY public.compose_signer
    ADD CONSTRAINT compose_signer_user_id_6c1d6ebf_fk_user_user_id FOREIGN KEY (user_id) REFERENCES public.user_user(id) DEFERRABLE INITIALLY DEFERRED;


--
-- Name: django_admin_log django_admin_log_content_type_id_c4bce8eb_fk_django_co; Type: FK CONSTRAINT; Schema: public; Owner: postgres
--

ALTER TABLE ONLY public.django_admin_log
    ADD CONSTRAINT django_admin_log_content_type_id_c4bce8eb_fk_django_co FOREIGN KEY (content_type_id) REFERENCES public.django_content_type(id) DEFERRABLE INITIALLY DEFERRED;


--
-- Name: django_admin_log django_admin_log_user_id_c564eba6_fk_user_user_id; Type: FK CONSTRAINT; Schema: public; Owner: postgres
--

ALTER TABLE ONLY public.django_admin_log
    ADD CONSTRAINT django_admin_log_user_id_c564eba6_fk_user_user_id FOREIGN KEY (user_id) REFERENCES public.user_user(id) DEFERRABLE INITIALLY DEFERRED;


--
-- Name: docflow_assignee docflow_assignee_assignment_id_bbb3b20f_fk_docflow_a; Type: FK CONSTRAINT; Schema: public; Owner: postgres
--

ALTER TABLE ONLY public.docflow_assignee
    ADD CONSTRAINT docflow_assignee_assignment_id_bbb3b20f_fk_docflow_a FOREIGN KEY (assignment_id) REFERENCES public.docflow_assignment(id) DEFERRABLE INITIALLY DEFERRED;


--
-- Name: docflow_assignee docflow_assignee_created_by_id_e979fa71_fk_user_user_id; Type: FK CONSTRAINT; Schema: public; Owner: postgres
--

ALTER TABLE ONLY public.docflow_assignee
    ADD CONSTRAINT docflow_assignee_created_by_id_e979fa71_fk_user_user_id FOREIGN KEY (created_by_id) REFERENCES public.user_user(id) DEFERRABLE INITIALLY DEFERRED;


--
-- Name: docflow_assignee_files docflow_assignee_fil_assignee_id_488e5b60_fk_docflow_a; Type: FK CONSTRAINT; Schema: public; Owner: postgres
--

ALTER TABLE ONLY public.docflow_assignee_files
    ADD CONSTRAINT docflow_assignee_fil_assignee_id_488e5b60_fk_docflow_a FOREIGN KEY (assignee_id) REFERENCES public.docflow_assignee(id) DEFERRABLE INITIALLY DEFERRED;


--
-- Name: docflow_assignee_files docflow_assignee_files_file_id_ecd1fe34_fk_document_file_id; Type: FK CONSTRAINT; Schema: public; Owner: postgres
--

ALTER TABLE ONLY public.docflow_assignee_files
    ADD CONSTRAINT docflow_assignee_files_file_id_ecd1fe34_fk_document_file_id FOREIGN KEY (file_id) REFERENCES public.document_file(id) DEFERRABLE INITIALLY DEFERRED;


--
-- Name: docflow_assignee docflow_assignee_modified_by_id_c8dd11f1_fk_user_user_id; Type: FK CONSTRAINT; Schema: public; Owner: postgres
--

ALTER TABLE ONLY public.docflow_assignee
    ADD CONSTRAINT docflow_assignee_modified_by_id_c8dd11f1_fk_user_user_id FOREIGN KEY (modified_by_id) REFERENCES public.user_user(id) DEFERRABLE INITIALLY DEFERRED;


--
-- Name: docflow_assignee docflow_assignee_parent_id_a184ca48_fk_docflow_assignee_id; Type: FK CONSTRAINT; Schema: public; Owner: postgres
--

ALTER TABLE ONLY public.docflow_assignee
    ADD CONSTRAINT docflow_assignee_parent_id_a184ca48_fk_docflow_assignee_id FOREIGN KEY (parent_id) REFERENCES public.docflow_assignee(id) DEFERRABLE INITIALLY DEFERRED;


--
-- Name: docflow_assignee docflow_assignee_status_id_c4203b48_fk_reference_statusmodel_id; Type: FK CONSTRAINT; Schema: public; Owner: postgres
--

ALTER TABLE ONLY public.docflow_assignee
    ADD CONSTRAINT docflow_assignee_status_id_c4203b48_fk_reference_statusmodel_id FOREIGN KEY (status_id) REFERENCES public.reference_statusmodel(id) DEFERRABLE INITIALLY DEFERRED;


--
-- Name: docflow_assignee docflow_assignee_user_id_7c874b72_fk_user_user_id; Type: FK CONSTRAINT; Schema: public; Owner: postgres
--

ALTER TABLE ONLY public.docflow_assignee
    ADD CONSTRAINT docflow_assignee_user_id_7c874b72_fk_user_user_id FOREIGN KEY (user_id) REFERENCES public.user_user(id) DEFERRABLE INITIALLY DEFERRED;


--
-- Name: docflow_assignment docflow_assignment_created_by_id_9d6b0ed2_fk_user_user_id; Type: FK CONSTRAINT; Schema: public; Owner: postgres
--

ALTER TABLE ONLY public.docflow_assignment
    ADD CONSTRAINT docflow_assignment_created_by_id_9d6b0ed2_fk_user_user_id FOREIGN KEY (created_by_id) REFERENCES public.user_user(id) DEFERRABLE INITIALLY DEFERRED;


--
-- Name: docflow_assignment docflow_assignment_modified_by_id_179de43b_fk_user_user_id; Type: FK CONSTRAINT; Schema: public; Owner: postgres
--

ALTER TABLE ONLY public.docflow_assignment
    ADD CONSTRAINT docflow_assignment_modified_by_id_179de43b_fk_user_user_id FOREIGN KEY (modified_by_id) REFERENCES public.user_user(id) DEFERRABLE INITIALLY DEFERRED;


--
-- Name: docflow_assignment docflow_assignment_parent_id_04d1e7c5_fk_docflow_assignment_id; Type: FK CONSTRAINT; Schema: public; Owner: postgres
--

ALTER TABLE ONLY public.docflow_assignment
    ADD CONSTRAINT docflow_assignment_parent_id_04d1e7c5_fk_docflow_assignment_id FOREIGN KEY (parent_id) REFERENCES public.docflow_assignment(id) DEFERRABLE INITIALLY DEFERRED;


--
-- Name: docflow_assignment docflow_assignment_reviewer_id_929f7ee7_fk_docflow_reviewer_id; Type: FK CONSTRAINT; Schema: public; Owner: postgres
--

ALTER TABLE ONLY public.docflow_assignment
    ADD CONSTRAINT docflow_assignment_reviewer_id_929f7ee7_fk_docflow_reviewer_id FOREIGN KEY (reviewer_id) REFERENCES public.docflow_reviewer(id) DEFERRABLE INITIALLY DEFERRED;


--
-- Name: docflow_basedocument docflow_basedocument_company_id_8cb8b558_fk_company_id; Type: FK CONSTRAINT; Schema: public; Owner: postgres
--

ALTER TABLE ONLY public.docflow_basedocument
    ADD CONSTRAINT docflow_basedocument_company_id_8cb8b558_fk_company_id FOREIGN KEY (company_id) REFERENCES public.company(id) DEFERRABLE INITIALLY DEFERRED;


--
-- Name: docflow_basedocument docflow_basedocument_correspondent_id_b074bbae_fk_reference; Type: FK CONSTRAINT; Schema: public; Owner: postgres
--

ALTER TABLE ONLY public.docflow_basedocument
    ADD CONSTRAINT docflow_basedocument_correspondent_id_b074bbae_fk_reference FOREIGN KEY (correspondent_id) REFERENCES public.reference_correspondent(id) DEFERRABLE INITIALLY DEFERRED;


--
-- Name: docflow_basedocument docflow_basedocument_created_by_id_4909baa9_fk_user_user_id; Type: FK CONSTRAINT; Schema: public; Owner: postgres
--

ALTER TABLE ONLY public.docflow_basedocument
    ADD CONSTRAINT docflow_basedocument_created_by_id_4909baa9_fk_user_user_id FOREIGN KEY (created_by_id) REFERENCES public.user_user(id) DEFERRABLE INITIALLY DEFERRED;


--
-- Name: docflow_basedocument docflow_basedocument_delivery_type_id_621d043b_fk_reference; Type: FK CONSTRAINT; Schema: public; Owner: postgres
--

ALTER TABLE ONLY public.docflow_basedocument
    ADD CONSTRAINT docflow_basedocument_delivery_type_id_621d043b_fk_reference FOREIGN KEY (delivery_type_id) REFERENCES public.reference_deliverytype(id) DEFERRABLE INITIALLY DEFERRED;


--
-- Name: docflow_basedocument docflow_basedocument_document_type_id_459483e3_fk_reference; Type: FK CONSTRAINT; Schema: public; Owner: postgres
--

ALTER TABLE ONLY public.docflow_basedocument
    ADD CONSTRAINT docflow_basedocument_document_type_id_459483e3_fk_reference FOREIGN KEY (document_type_id) REFERENCES public.reference_documenttype(id) DEFERRABLE INITIALLY DEFERRED;


--
-- Name: docflow_basedocument docflow_basedocument_journal_id_a5d09ba1_fk_reference; Type: FK CONSTRAINT; Schema: public; Owner: postgres
--

ALTER TABLE ONLY public.docflow_basedocument
    ADD CONSTRAINT docflow_basedocument_journal_id_a5d09ba1_fk_reference FOREIGN KEY (journal_id) REFERENCES public.reference_journal(id) DEFERRABLE INITIALLY DEFERRED;


--
-- Name: docflow_basedocument docflow_basedocument_language_id_3913ada1_fk_reference; Type: FK CONSTRAINT; Schema: public; Owner: postgres
--

ALTER TABLE ONLY public.docflow_basedocument
    ADD CONSTRAINT docflow_basedocument_language_id_3913ada1_fk_reference FOREIGN KEY (language_id) REFERENCES public.reference_languagemodel(id) DEFERRABLE INITIALLY DEFERRED;


--
-- Name: docflow_basedocument docflow_basedocument_modified_by_id_2102b227_fk_user_user_id; Type: FK CONSTRAINT; Schema: public; Owner: postgres
--

ALTER TABLE ONLY public.docflow_basedocument
    ADD CONSTRAINT docflow_basedocument_modified_by_id_2102b227_fk_user_user_id FOREIGN KEY (modified_by_id) REFERENCES public.user_user(id) DEFERRABLE INITIALLY DEFERRED;


--
-- Name: docflow_basedocument docflow_basedocument_priority_id_f70625c6_fk_reference; Type: FK CONSTRAINT; Schema: public; Owner: postgres
--

ALTER TABLE ONLY public.docflow_basedocument
    ADD CONSTRAINT docflow_basedocument_priority_id_f70625c6_fk_reference FOREIGN KEY (priority_id) REFERENCES public.reference_priority(id) DEFERRABLE INITIALLY DEFERRED;


--
-- Name: docflow_basedocument docflow_basedocument_status_id_f86e0cee_fk_reference; Type: FK CONSTRAINT; Schema: public; Owner: postgres
--

ALTER TABLE ONLY public.docflow_basedocument
    ADD CONSTRAINT docflow_basedocument_status_id_f86e0cee_fk_reference FOREIGN KEY (status_id) REFERENCES public.reference_statusmodel(id) DEFERRABLE INITIALLY DEFERRED;


--
-- Name: docflow_documentfile docflow_documentfile_created_by_id_129bafa2_fk_user_user_id; Type: FK CONSTRAINT; Schema: public; Owner: postgres
--

ALTER TABLE ONLY public.docflow_documentfile
    ADD CONSTRAINT docflow_documentfile_created_by_id_129bafa2_fk_user_user_id FOREIGN KEY (created_by_id) REFERENCES public.user_user(id) DEFERRABLE INITIALLY DEFERRED;


--
-- Name: docflow_documentfile docflow_documentfile_document_id_e23b1053_fk_docflow_b; Type: FK CONSTRAINT; Schema: public; Owner: postgres
--

ALTER TABLE ONLY public.docflow_documentfile
    ADD CONSTRAINT docflow_documentfile_document_id_e23b1053_fk_docflow_b FOREIGN KEY (document_id) REFERENCES public.docflow_basedocument(id) DEFERRABLE INITIALLY DEFERRED;


--
-- Name: docflow_documentfile docflow_documentfile_file_id_a6087d8b_fk_document_file_id; Type: FK CONSTRAINT; Schema: public; Owner: postgres
--

ALTER TABLE ONLY public.docflow_documentfile
    ADD CONSTRAINT docflow_documentfile_file_id_a6087d8b_fk_document_file_id FOREIGN KEY (file_id) REFERENCES public.document_file(id) DEFERRABLE INITIALLY DEFERRED;


--
-- Name: docflow_documentfile docflow_documentfile_modified_by_id_ddaf8f24_fk_user_user_id; Type: FK CONSTRAINT; Schema: public; Owner: postgres
--

ALTER TABLE ONLY public.docflow_documentfile
    ADD CONSTRAINT docflow_documentfile_modified_by_id_ddaf8f24_fk_user_user_id FOREIGN KEY (modified_by_id) REFERENCES public.user_user(id) DEFERRABLE INITIALLY DEFERRED;


--
-- Name: docflow_reviewer docflow_reviewer_created_by_id_c756a2f6_fk_user_user_id; Type: FK CONSTRAINT; Schema: public; Owner: postgres
--

ALTER TABLE ONLY public.docflow_reviewer
    ADD CONSTRAINT docflow_reviewer_created_by_id_c756a2f6_fk_user_user_id FOREIGN KEY (created_by_id) REFERENCES public.user_user(id) DEFERRABLE INITIALLY DEFERRED;


--
-- Name: docflow_reviewer docflow_reviewer_document_id_ace1f37f_fk_docflow_b; Type: FK CONSTRAINT; Schema: public; Owner: postgres
--

ALTER TABLE ONLY public.docflow_reviewer
    ADD CONSTRAINT docflow_reviewer_document_id_ace1f37f_fk_docflow_b FOREIGN KEY (document_id) REFERENCES public.docflow_basedocument(id) DEFERRABLE INITIALLY DEFERRED;


--
-- Name: docflow_reviewer_files docflow_reviewer_fil_reviewer_id_702375e1_fk_docflow_r; Type: FK CONSTRAINT; Schema: public; Owner: postgres
--

ALTER TABLE ONLY public.docflow_reviewer_files
    ADD CONSTRAINT docflow_reviewer_fil_reviewer_id_702375e1_fk_docflow_r FOREIGN KEY (reviewer_id) REFERENCES public.docflow_reviewer(id) DEFERRABLE INITIALLY DEFERRED;


--
-- Name: docflow_reviewer_files docflow_reviewer_files_file_id_9b3e1723_fk_document_file_id; Type: FK CONSTRAINT; Schema: public; Owner: postgres
--

ALTER TABLE ONLY public.docflow_reviewer_files
    ADD CONSTRAINT docflow_reviewer_files_file_id_9b3e1723_fk_document_file_id FOREIGN KEY (file_id) REFERENCES public.document_file(id) DEFERRABLE INITIALLY DEFERRED;


--
-- Name: docflow_reviewer docflow_reviewer_modified_by_id_410e8bad_fk_user_user_id; Type: FK CONSTRAINT; Schema: public; Owner: postgres
--

ALTER TABLE ONLY public.docflow_reviewer
    ADD CONSTRAINT docflow_reviewer_modified_by_id_410e8bad_fk_user_user_id FOREIGN KEY (modified_by_id) REFERENCES public.user_user(id) DEFERRABLE INITIALLY DEFERRED;


--
-- Name: docflow_reviewer docflow_reviewer_status_id_0c610112_fk_reference_statusmodel_id; Type: FK CONSTRAINT; Schema: public; Owner: postgres
--

ALTER TABLE ONLY public.docflow_reviewer
    ADD CONSTRAINT docflow_reviewer_status_id_0c610112_fk_reference_statusmodel_id FOREIGN KEY (status_id) REFERENCES public.reference_statusmodel(id) DEFERRABLE INITIALLY DEFERRED;


--
-- Name: docflow_reviewer docflow_reviewer_user_id_f7d8a3b1_fk_user_user_id; Type: FK CONSTRAINT; Schema: public; Owner: postgres
--

ALTER TABLE ONLY public.docflow_reviewer
    ADD CONSTRAINT docflow_reviewer_user_id_f7d8a3b1_fk_user_user_id FOREIGN KEY (user_id) REFERENCES public.user_user(id) DEFERRABLE INITIALLY DEFERRED;


--
-- Name: document_file document_file_created_by_id_c715a828_fk_user_user_id; Type: FK CONSTRAINT; Schema: public; Owner: postgres
--

ALTER TABLE ONLY public.document_file
    ADD CONSTRAINT document_file_created_by_id_c715a828_fk_user_user_id FOREIGN KEY (created_by_id) REFERENCES public.user_user(id) DEFERRABLE INITIALLY DEFERRED;


--
-- Name: document_file document_file_department_id_5ea602a8_fk_company_department_id; Type: FK CONSTRAINT; Schema: public; Owner: postgres
--

ALTER TABLE ONLY public.document_file
    ADD CONSTRAINT document_file_department_id_5ea602a8_fk_company_department_id FOREIGN KEY (department_id) REFERENCES public.company_department(id) DEFERRABLE INITIALLY DEFERRED;


--
-- Name: document_file document_file_modified_by_id_3e4b7b42_fk_user_user_id; Type: FK CONSTRAINT; Schema: public; Owner: postgres
--

ALTER TABLE ONLY public.document_file
    ADD CONSTRAINT document_file_modified_by_id_3e4b7b42_fk_user_user_id FOREIGN KEY (modified_by_id) REFERENCES public.user_user(id) DEFERRABLE INITIALLY DEFERRED;


--
-- Name: reference_actiondescription reference_actiondesc_created_by_id_41234833_fk_user_user; Type: FK CONSTRAINT; Schema: public; Owner: postgres
--

ALTER TABLE ONLY public.reference_actiondescription
    ADD CONSTRAINT reference_actiondesc_created_by_id_41234833_fk_user_user FOREIGN KEY (created_by_id) REFERENCES public.user_user(id) DEFERRABLE INITIALLY DEFERRED;


--
-- Name: reference_actiondescription reference_actiondesc_modified_by_id_f27da836_fk_user_user; Type: FK CONSTRAINT; Schema: public; Owner: postgres
--

ALTER TABLE ONLY public.reference_actiondescription
    ADD CONSTRAINT reference_actiondesc_modified_by_id_f27da836_fk_user_user FOREIGN KEY (modified_by_id) REFERENCES public.user_user(id) DEFERRABLE INITIALLY DEFERRED;


--
-- Name: reference_actionmodel reference_actionmode_content_type_id_f77a84a2_fk_django_co; Type: FK CONSTRAINT; Schema: public; Owner: postgres
--

ALTER TABLE ONLY public.reference_actionmodel
    ADD CONSTRAINT reference_actionmode_content_type_id_f77a84a2_fk_django_co FOREIGN KEY (content_type_id) REFERENCES public.django_content_type(id) DEFERRABLE INITIALLY DEFERRED;


--
-- Name: reference_actionmodel reference_actionmode_description_id_2b27e03b_fk_reference; Type: FK CONSTRAINT; Schema: public; Owner: postgres
--

ALTER TABLE ONLY public.reference_actionmodel
    ADD CONSTRAINT reference_actionmode_description_id_2b27e03b_fk_reference FOREIGN KEY (description_id) REFERENCES public.reference_actiondescription(id) DEFERRABLE INITIALLY DEFERRED;


--
-- Name: reference_actionmodel reference_actionmodel_created_by_id_14d54bcd_fk_user_user_id; Type: FK CONSTRAINT; Schema: public; Owner: postgres
--

ALTER TABLE ONLY public.reference_actionmodel
    ADD CONSTRAINT reference_actionmodel_created_by_id_14d54bcd_fk_user_user_id FOREIGN KEY (created_by_id) REFERENCES public.user_user(id) DEFERRABLE INITIALLY DEFERRED;


--
-- Name: reference_actionmodel reference_actionmodel_modified_by_id_ea28977a_fk_user_user_id; Type: FK CONSTRAINT; Schema: public; Owner: postgres
--

ALTER TABLE ONLY public.reference_actionmodel
    ADD CONSTRAINT reference_actionmodel_modified_by_id_ea28977a_fk_user_user_id FOREIGN KEY (modified_by_id) REFERENCES public.user_user(id) DEFERRABLE INITIALLY DEFERRED;


--
-- Name: reference_commentmodel reference_commentmod_content_type_id_5d4e40ed_fk_django_co; Type: FK CONSTRAINT; Schema: public; Owner: postgres
--

ALTER TABLE ONLY public.reference_commentmodel
    ADD CONSTRAINT reference_commentmod_content_type_id_5d4e40ed_fk_django_co FOREIGN KEY (content_type_id) REFERENCES public.django_content_type(id) DEFERRABLE INITIALLY DEFERRED;


--
-- Name: reference_commentmodel reference_commentmod_replied_to_id_bc959db1_fk_reference; Type: FK CONSTRAINT; Schema: public; Owner: postgres
--

ALTER TABLE ONLY public.reference_commentmodel
    ADD CONSTRAINT reference_commentmod_replied_to_id_bc959db1_fk_reference FOREIGN KEY (replied_to_id) REFERENCES public.reference_commentmodel(id) DEFERRABLE INITIALLY DEFERRED;


--
-- Name: reference_commentmodel reference_commentmodel_created_by_id_1822fb22_fk_user_user_id; Type: FK CONSTRAINT; Schema: public; Owner: postgres
--

ALTER TABLE ONLY public.reference_commentmodel
    ADD CONSTRAINT reference_commentmodel_created_by_id_1822fb22_fk_user_user_id FOREIGN KEY (created_by_id) REFERENCES public.user_user(id) DEFERRABLE INITIALLY DEFERRED;


--
-- Name: reference_commentmodel reference_commentmodel_file_id_a55a57db_fk_document_file_id; Type: FK CONSTRAINT; Schema: public; Owner: postgres
--

ALTER TABLE ONLY public.reference_commentmodel
    ADD CONSTRAINT reference_commentmodel_file_id_a55a57db_fk_document_file_id FOREIGN KEY (file_id) REFERENCES public.document_file(id) DEFERRABLE INITIALLY DEFERRED;


--
-- Name: reference_commentmodel reference_commentmodel_modified_by_id_f74aa983_fk_user_user_id; Type: FK CONSTRAINT; Schema: public; Owner: postgres
--

ALTER TABLE ONLY public.reference_commentmodel
    ADD CONSTRAINT reference_commentmodel_modified_by_id_f74aa983_fk_user_user_id FOREIGN KEY (modified_by_id) REFERENCES public.user_user(id) DEFERRABLE INITIALLY DEFERRED;


--
-- Name: reference_correspondent reference_correspondent_created_by_id_cf30b4a4_fk_user_user_id; Type: FK CONSTRAINT; Schema: public; Owner: postgres
--

ALTER TABLE ONLY public.reference_correspondent
    ADD CONSTRAINT reference_correspondent_created_by_id_cf30b4a4_fk_user_user_id FOREIGN KEY (created_by_id) REFERENCES public.user_user(id) DEFERRABLE INITIALLY DEFERRED;


--
-- Name: reference_correspondent reference_correspondent_modified_by_id_41885535_fk_user_user_id; Type: FK CONSTRAINT; Schema: public; Owner: postgres
--

ALTER TABLE ONLY public.reference_correspondent
    ADD CONSTRAINT reference_correspondent_modified_by_id_41885535_fk_user_user_id FOREIGN KEY (modified_by_id) REFERENCES public.user_user(id) DEFERRABLE INITIALLY DEFERRED;


--
-- Name: reference_deliverytype reference_deliverytype_created_by_id_d607c510_fk_user_user_id; Type: FK CONSTRAINT; Schema: public; Owner: postgres
--

ALTER TABLE ONLY public.reference_deliverytype
    ADD CONSTRAINT reference_deliverytype_created_by_id_d607c510_fk_user_user_id FOREIGN KEY (created_by_id) REFERENCES public.user_user(id) DEFERRABLE INITIALLY DEFERRED;


--
-- Name: reference_deliverytype reference_deliverytype_modified_by_id_bdf79a35_fk_user_user_id; Type: FK CONSTRAINT; Schema: public; Owner: postgres
--

ALTER TABLE ONLY public.reference_deliverytype
    ADD CONSTRAINT reference_deliverytype_modified_by_id_bdf79a35_fk_user_user_id FOREIGN KEY (modified_by_id) REFERENCES public.user_user(id) DEFERRABLE INITIALLY DEFERRED;


--
-- Name: reference_digitalsigninfo reference_digitalsig_created_by_id_719d5a1c_fk_user_user; Type: FK CONSTRAINT; Schema: public; Owner: postgres
--

ALTER TABLE ONLY public.reference_digitalsigninfo
    ADD CONSTRAINT reference_digitalsig_created_by_id_719d5a1c_fk_user_user FOREIGN KEY (created_by_id) REFERENCES public.user_user(id) DEFERRABLE INITIALLY DEFERRED;


--
-- Name: reference_digitalsigninfo reference_digitalsig_modified_by_id_6c5f5565_fk_user_user; Type: FK CONSTRAINT; Schema: public; Owner: postgres
--

ALTER TABLE ONLY public.reference_digitalsigninfo
    ADD CONSTRAINT reference_digitalsig_modified_by_id_6c5f5565_fk_user_user FOREIGN KEY (modified_by_id) REFERENCES public.user_user(id) DEFERRABLE INITIALLY DEFERRED;


--
-- Name: reference_digitalsigninfo reference_digitalsigninfo_author_id_20ce1255_fk_user_user_id; Type: FK CONSTRAINT; Schema: public; Owner: postgres
--

ALTER TABLE ONLY public.reference_digitalsigninfo
    ADD CONSTRAINT reference_digitalsigninfo_author_id_20ce1255_fk_user_user_id FOREIGN KEY (author_id) REFERENCES public.user_user(id) DEFERRABLE INITIALLY DEFERRED;


--
-- Name: reference_district reference_district_created_by_id_ffa7061e_fk_user_user_id; Type: FK CONSTRAINT; Schema: public; Owner: postgres
--

ALTER TABLE ONLY public.reference_district
    ADD CONSTRAINT reference_district_created_by_id_ffa7061e_fk_user_user_id FOREIGN KEY (created_by_id) REFERENCES public.user_user(id) DEFERRABLE INITIALLY DEFERRED;


--
-- Name: reference_district reference_district_modified_by_id_0bfc2407_fk_user_user_id; Type: FK CONSTRAINT; Schema: public; Owner: postgres
--

ALTER TABLE ONLY public.reference_district
    ADD CONSTRAINT reference_district_modified_by_id_0bfc2407_fk_user_user_id FOREIGN KEY (modified_by_id) REFERENCES public.user_user(id) DEFERRABLE INITIALLY DEFERRED;


--
-- Name: reference_district reference_district_region_id_ed57f01d_fk_reference_region_id; Type: FK CONSTRAINT; Schema: public; Owner: postgres
--

ALTER TABLE ONLY public.reference_district
    ADD CONSTRAINT reference_district_region_id_ed57f01d_fk_reference_region_id FOREIGN KEY (region_id) REFERENCES public.reference_region(id) DEFERRABLE INITIALLY DEFERRED;


--
-- Name: reference_documentsubtype reference_documentsu_created_by_id_d665adb3_fk_user_user; Type: FK CONSTRAINT; Schema: public; Owner: postgres
--

ALTER TABLE ONLY public.reference_documentsubtype
    ADD CONSTRAINT reference_documentsu_created_by_id_d665adb3_fk_user_user FOREIGN KEY (created_by_id) REFERENCES public.user_user(id) DEFERRABLE INITIALLY DEFERRED;


--
-- Name: reference_documentsubtype reference_documentsu_document_type_id_2453578c_fk_reference; Type: FK CONSTRAINT; Schema: public; Owner: postgres
--

ALTER TABLE ONLY public.reference_documentsubtype
    ADD CONSTRAINT reference_documentsu_document_type_id_2453578c_fk_reference FOREIGN KEY (document_type_id) REFERENCES public.reference_documenttype(id) DEFERRABLE INITIALLY DEFERRED;


--
-- Name: reference_documentsubtype reference_documentsu_modified_by_id_dea60f46_fk_user_user; Type: FK CONSTRAINT; Schema: public; Owner: postgres
--

ALTER TABLE ONLY public.reference_documentsubtype
    ADD CONSTRAINT reference_documentsu_modified_by_id_dea60f46_fk_user_user FOREIGN KEY (modified_by_id) REFERENCES public.user_user(id) DEFERRABLE INITIALLY DEFERRED;


--
-- Name: reference_documenttitle reference_documenttitle_created_by_id_46adf8db_fk_user_user_id; Type: FK CONSTRAINT; Schema: public; Owner: postgres
--

ALTER TABLE ONLY public.reference_documenttitle
    ADD CONSTRAINT reference_documenttitle_created_by_id_46adf8db_fk_user_user_id FOREIGN KEY (created_by_id) REFERENCES public.user_user(id) DEFERRABLE INITIALLY DEFERRED;


--
-- Name: reference_documenttitle reference_documenttitle_modified_by_id_c6bb68fc_fk_user_user_id; Type: FK CONSTRAINT; Schema: public; Owner: postgres
--

ALTER TABLE ONLY public.reference_documenttitle
    ADD CONSTRAINT reference_documenttitle_modified_by_id_c6bb68fc_fk_user_user_id FOREIGN KEY (modified_by_id) REFERENCES public.user_user(id) DEFERRABLE INITIALLY DEFERRED;


--
-- Name: reference_documenttype reference_documentty_journal_id_ea6d5689_fk_reference; Type: FK CONSTRAINT; Schema: public; Owner: postgres
--

ALTER TABLE ONLY public.reference_documenttype
    ADD CONSTRAINT reference_documentty_journal_id_ea6d5689_fk_reference FOREIGN KEY (journal_id) REFERENCES public.reference_journal(id) DEFERRABLE INITIALLY DEFERRED;


--
-- Name: reference_documenttype reference_documenttype_created_by_id_d3d0076e_fk_user_user_id; Type: FK CONSTRAINT; Schema: public; Owner: postgres
--

ALTER TABLE ONLY public.reference_documenttype
    ADD CONSTRAINT reference_documenttype_created_by_id_d3d0076e_fk_user_user_id FOREIGN KEY (created_by_id) REFERENCES public.user_user(id) DEFERRABLE INITIALLY DEFERRED;


--
-- Name: reference_documenttype reference_documenttype_modified_by_id_f7866816_fk_user_user_id; Type: FK CONSTRAINT; Schema: public; Owner: postgres
--

ALTER TABLE ONLY public.reference_documenttype
    ADD CONSTRAINT reference_documenttype_modified_by_id_f7866816_fk_user_user_id FOREIGN KEY (modified_by_id) REFERENCES public.user_user(id) DEFERRABLE INITIALLY DEFERRED;


--
-- Name: reference_employeegroup_employees reference_employeegr_employeegroup_id_0eaf1af8_fk_reference; Type: FK CONSTRAINT; Schema: public; Owner: postgres
--

ALTER TABLE ONLY public.reference_employeegroup_employees
    ADD CONSTRAINT reference_employeegr_employeegroup_id_0eaf1af8_fk_reference FOREIGN KEY (employeegroup_id) REFERENCES public.reference_employeegroup(id) DEFERRABLE INITIALLY DEFERRED;


--
-- Name: reference_employeegroup_employees reference_employeegr_user_id_c908cab8_fk_user_user; Type: FK CONSTRAINT; Schema: public; Owner: postgres
--

ALTER TABLE ONLY public.reference_employeegroup_employees
    ADD CONSTRAINT reference_employeegr_user_id_c908cab8_fk_user_user FOREIGN KEY (user_id) REFERENCES public.user_user(id) DEFERRABLE INITIALLY DEFERRED;


--
-- Name: reference_employeegroup reference_employeegroup_created_by_id_13961b60_fk_user_user_id; Type: FK CONSTRAINT; Schema: public; Owner: postgres
--

ALTER TABLE ONLY public.reference_employeegroup
    ADD CONSTRAINT reference_employeegroup_created_by_id_13961b60_fk_user_user_id FOREIGN KEY (created_by_id) REFERENCES public.user_user(id) DEFERRABLE INITIALLY DEFERRED;


--
-- Name: reference_employeegroup reference_employeegroup_modified_by_id_cf910cd3_fk_user_user_id; Type: FK CONSTRAINT; Schema: public; Owner: postgres
--

ALTER TABLE ONLY public.reference_employeegroup
    ADD CONSTRAINT reference_employeegroup_modified_by_id_cf910cd3_fk_user_user_id FOREIGN KEY (modified_by_id) REFERENCES public.user_user(id) DEFERRABLE INITIALLY DEFERRED;


--
-- Name: reference_errormessage reference_errormessage_created_by_id_2777f88a_fk_user_user_id; Type: FK CONSTRAINT; Schema: public; Owner: postgres
--

ALTER TABLE ONLY public.reference_errormessage
    ADD CONSTRAINT reference_errormessage_created_by_id_2777f88a_fk_user_user_id FOREIGN KEY (created_by_id) REFERENCES public.user_user(id) DEFERRABLE INITIALLY DEFERRED;


--
-- Name: reference_errormessage reference_errormessage_modified_by_id_a4ba22d7_fk_user_user_id; Type: FK CONSTRAINT; Schema: public; Owner: postgres
--

ALTER TABLE ONLY public.reference_errormessage
    ADD CONSTRAINT reference_errormessage_modified_by_id_a4ba22d7_fk_user_user_id FOREIGN KEY (modified_by_id) REFERENCES public.user_user(id) DEFERRABLE INITIALLY DEFERRED;


--
-- Name: reference_fieldactionmapping reference_fieldactio_created_by_id_91a685a6_fk_user_user; Type: FK CONSTRAINT; Schema: public; Owner: postgres
--

ALTER TABLE ONLY public.reference_fieldactionmapping
    ADD CONSTRAINT reference_fieldactio_created_by_id_91a685a6_fk_user_user FOREIGN KEY (created_by_id) REFERENCES public.user_user(id) DEFERRABLE INITIALLY DEFERRED;


--
-- Name: reference_fieldactionmapping reference_fieldactio_modified_by_id_9535fb0a_fk_user_user; Type: FK CONSTRAINT; Schema: public; Owner: postgres
--

ALTER TABLE ONLY public.reference_fieldactionmapping
    ADD CONSTRAINT reference_fieldactio_modified_by_id_9535fb0a_fk_user_user FOREIGN KEY (modified_by_id) REFERENCES public.user_user(id) DEFERRABLE INITIALLY DEFERRED;


--
-- Name: reference_journal reference_journal_created_by_id_856e128d_fk_user_user_id; Type: FK CONSTRAINT; Schema: public; Owner: postgres
--

ALTER TABLE ONLY public.reference_journal
    ADD CONSTRAINT reference_journal_created_by_id_856e128d_fk_user_user_id FOREIGN KEY (created_by_id) REFERENCES public.user_user(id) DEFERRABLE INITIALLY DEFERRED;


--
-- Name: reference_journal reference_journal_icon_id_03321602_fk_document_file_id; Type: FK CONSTRAINT; Schema: public; Owner: postgres
--

ALTER TABLE ONLY public.reference_journal
    ADD CONSTRAINT reference_journal_icon_id_03321602_fk_document_file_id FOREIGN KEY (icon_id) REFERENCES public.document_file(id) DEFERRABLE INITIALLY DEFERRED;


--
-- Name: reference_journal reference_journal_modified_by_id_27c507d1_fk_user_user_id; Type: FK CONSTRAINT; Schema: public; Owner: postgres
--

ALTER TABLE ONLY public.reference_journal
    ADD CONSTRAINT reference_journal_modified_by_id_27c507d1_fk_user_user_id FOREIGN KEY (modified_by_id) REFERENCES public.user_user(id) DEFERRABLE INITIALLY DEFERRED;


--
-- Name: reference_languagemodel reference_languagemodel_created_by_id_e7246615_fk_user_user_id; Type: FK CONSTRAINT; Schema: public; Owner: postgres
--

ALTER TABLE ONLY public.reference_languagemodel
    ADD CONSTRAINT reference_languagemodel_created_by_id_e7246615_fk_user_user_id FOREIGN KEY (created_by_id) REFERENCES public.user_user(id) DEFERRABLE INITIALLY DEFERRED;


--
-- Name: reference_languagemodel reference_languagemodel_modified_by_id_9bbf04f8_fk_user_user_id; Type: FK CONSTRAINT; Schema: public; Owner: postgres
--

ALTER TABLE ONLY public.reference_languagemodel
    ADD CONSTRAINT reference_languagemodel_modified_by_id_9bbf04f8_fk_user_user_id FOREIGN KEY (modified_by_id) REFERENCES public.user_user(id) DEFERRABLE INITIALLY DEFERRED;


--
-- Name: reference_priority reference_priority_created_by_id_991c2d9f_fk_user_user_id; Type: FK CONSTRAINT; Schema: public; Owner: postgres
--

ALTER TABLE ONLY public.reference_priority
    ADD CONSTRAINT reference_priority_created_by_id_991c2d9f_fk_user_user_id FOREIGN KEY (created_by_id) REFERENCES public.user_user(id) DEFERRABLE INITIALLY DEFERRED;


--
-- Name: reference_priority reference_priority_modified_by_id_68282e08_fk_user_user_id; Type: FK CONSTRAINT; Schema: public; Owner: postgres
--

ALTER TABLE ONLY public.reference_priority
    ADD CONSTRAINT reference_priority_modified_by_id_68282e08_fk_user_user_id FOREIGN KEY (modified_by_id) REFERENCES public.user_user(id) DEFERRABLE INITIALLY DEFERRED;


--
-- Name: reference_region reference_region_created_by_id_27352110_fk_user_user_id; Type: FK CONSTRAINT; Schema: public; Owner: postgres
--

ALTER TABLE ONLY public.reference_region
    ADD CONSTRAINT reference_region_created_by_id_27352110_fk_user_user_id FOREIGN KEY (created_by_id) REFERENCES public.user_user(id) DEFERRABLE INITIALLY DEFERRED;


--
-- Name: reference_region reference_region_modified_by_id_61a3d7e9_fk_user_user_id; Type: FK CONSTRAINT; Schema: public; Owner: postgres
--

ALTER TABLE ONLY public.reference_region
    ADD CONSTRAINT reference_region_modified_by_id_61a3d7e9_fk_user_user_id FOREIGN KEY (modified_by_id) REFERENCES public.user_user(id) DEFERRABLE INITIALLY DEFERRED;


--
-- Name: reference_shortdescription reference_shortdescr_created_by_id_2bcbfe67_fk_user_user; Type: FK CONSTRAINT; Schema: public; Owner: postgres
--

ALTER TABLE ONLY public.reference_shortdescription
    ADD CONSTRAINT reference_shortdescr_created_by_id_2bcbfe67_fk_user_user FOREIGN KEY (created_by_id) REFERENCES public.user_user(id) DEFERRABLE INITIALLY DEFERRED;


--
-- Name: reference_shortdescription reference_shortdescr_modified_by_id_757bfe53_fk_user_user; Type: FK CONSTRAINT; Schema: public; Owner: postgres
--

ALTER TABLE ONLY public.reference_shortdescription
    ADD CONSTRAINT reference_shortdescr_modified_by_id_757bfe53_fk_user_user FOREIGN KEY (modified_by_id) REFERENCES public.user_user(id) DEFERRABLE INITIALLY DEFERRED;


--
-- Name: reference_statusmodel reference_statusmodel_created_by_id_fdec7e85_fk_user_user_id; Type: FK CONSTRAINT; Schema: public; Owner: postgres
--

ALTER TABLE ONLY public.reference_statusmodel
    ADD CONSTRAINT reference_statusmodel_created_by_id_fdec7e85_fk_user_user_id FOREIGN KEY (created_by_id) REFERENCES public.user_user(id) DEFERRABLE INITIALLY DEFERRED;


--
-- Name: reference_statusmodel reference_statusmodel_modified_by_id_963e946c_fk_user_user_id; Type: FK CONSTRAINT; Schema: public; Owner: postgres
--

ALTER TABLE ONLY public.reference_statusmodel
    ADD CONSTRAINT reference_statusmodel_modified_by_id_963e946c_fk_user_user_id FOREIGN KEY (modified_by_id) REFERENCES public.user_user(id) DEFERRABLE INITIALLY DEFERRED;


--
-- Name: user_notificationmodel user_notificationmodel_created_by_id_9bc087aa_fk_user_user_id; Type: FK CONSTRAINT; Schema: public; Owner: postgres
--

ALTER TABLE ONLY public.user_notificationmodel
    ADD CONSTRAINT user_notificationmodel_created_by_id_9bc087aa_fk_user_user_id FOREIGN KEY (created_by_id) REFERENCES public.user_user(id) DEFERRABLE INITIALLY DEFERRED;


--
-- Name: user_notificationmodel user_notificationmodel_modified_by_id_7270d0a4_fk_user_user_id; Type: FK CONSTRAINT; Schema: public; Owner: postgres
--

ALTER TABLE ONLY public.user_notificationmodel
    ADD CONSTRAINT user_notificationmodel_modified_by_id_7270d0a4_fk_user_user_id FOREIGN KEY (modified_by_id) REFERENCES public.user_user(id) DEFERRABLE INITIALLY DEFERRED;


--
-- Name: user_notificationtype user_notificationtyp_notification_id_c759a4dc_fk_user_noti; Type: FK CONSTRAINT; Schema: public; Owner: postgres
--

ALTER TABLE ONLY public.user_notificationtype
    ADD CONSTRAINT user_notificationtyp_notification_id_c759a4dc_fk_user_noti FOREIGN KEY (notification_id) REFERENCES public.user_notificationmodel(id) DEFERRABLE INITIALLY DEFERRED;


--
-- Name: user_notificationtype user_notificationtype_created_by_id_43005707_fk_user_user_id; Type: FK CONSTRAINT; Schema: public; Owner: postgres
--

ALTER TABLE ONLY public.user_notificationtype
    ADD CONSTRAINT user_notificationtype_created_by_id_43005707_fk_user_user_id FOREIGN KEY (created_by_id) REFERENCES public.user_user(id) DEFERRABLE INITIALLY DEFERRED;


--
-- Name: user_notificationtype user_notificationtype_modified_by_id_8d0a69bf_fk_user_user_id; Type: FK CONSTRAINT; Schema: public; Owner: postgres
--

ALTER TABLE ONLY public.user_notificationtype
    ADD CONSTRAINT user_notificationtype_modified_by_id_8d0a69bf_fk_user_user_id FOREIGN KEY (modified_by_id) REFERENCES public.user_user(id) DEFERRABLE INITIALLY DEFERRED;


--
-- Name: user_notificationtype user_notificationtype_user_id_87c42582_fk_user_user_id; Type: FK CONSTRAINT; Schema: public; Owner: postgres
--

ALTER TABLE ONLY public.user_notificationtype
    ADD CONSTRAINT user_notificationtype_user_id_87c42582_fk_user_user_id FOREIGN KEY (user_id) REFERENCES public.user_user(id) DEFERRABLE INITIALLY DEFERRED;


--
-- Name: user_projectpermission user_projectpermissi_content_type_id_9161b971_fk_django_co; Type: FK CONSTRAINT; Schema: public; Owner: postgres
--

ALTER TABLE ONLY public.user_projectpermission
    ADD CONSTRAINT user_projectpermissi_content_type_id_9161b971_fk_django_co FOREIGN KEY (content_type_id) REFERENCES public.django_content_type(id) DEFERRABLE INITIALLY DEFERRED;


--
-- Name: user_projectpermission user_projectpermissi_parent_id_3c7d34a4_fk_user_proj; Type: FK CONSTRAINT; Schema: public; Owner: postgres
--

ALTER TABLE ONLY public.user_projectpermission
    ADD CONSTRAINT user_projectpermissi_parent_id_3c7d34a4_fk_user_proj FOREIGN KEY (parent_id) REFERENCES public.user_projectpermission(id) DEFERRABLE INITIALLY DEFERRED;


--
-- Name: user_projectpermission user_projectpermission_created_by_id_049b26e3_fk_user_user_id; Type: FK CONSTRAINT; Schema: public; Owner: postgres
--

ALTER TABLE ONLY public.user_projectpermission
    ADD CONSTRAINT user_projectpermission_created_by_id_049b26e3_fk_user_user_id FOREIGN KEY (created_by_id) REFERENCES public.user_user(id) DEFERRABLE INITIALLY DEFERRED;


--
-- Name: user_projectpermission user_projectpermission_modified_by_id_e53f5b7e_fk_user_user_id; Type: FK CONSTRAINT; Schema: public; Owner: postgres
--

ALTER TABLE ONLY public.user_projectpermission
    ADD CONSTRAINT user_projectpermission_modified_by_id_e53f5b7e_fk_user_user_id FOREIGN KEY (modified_by_id) REFERENCES public.user_user(id) DEFERRABLE INITIALLY DEFERRED;


--
-- Name: user_rolemodel user_rolemodel_created_by_id_36f9e563_fk_user_user_id; Type: FK CONSTRAINT; Schema: public; Owner: postgres
--

ALTER TABLE ONLY public.user_rolemodel
    ADD CONSTRAINT user_rolemodel_created_by_id_36f9e563_fk_user_user_id FOREIGN KEY (created_by_id) REFERENCES public.user_user(id) DEFERRABLE INITIALLY DEFERRED;


--
-- Name: user_rolemodel user_rolemodel_modified_by_id_f311c074_fk_user_user_id; Type: FK CONSTRAINT; Schema: public; Owner: postgres
--

ALTER TABLE ONLY public.user_rolemodel
    ADD CONSTRAINT user_rolemodel_modified_by_id_f311c074_fk_user_user_id FOREIGN KEY (modified_by_id) REFERENCES public.user_user(id) DEFERRABLE INITIALLY DEFERRED;


--
-- Name: user_rolemodel_permissions user_rolemodel_permi_projectpermission_id_7a8e0c3a_fk_user_proj; Type: FK CONSTRAINT; Schema: public; Owner: postgres
--

ALTER TABLE ONLY public.user_rolemodel_permissions
    ADD CONSTRAINT user_rolemodel_permi_projectpermission_id_7a8e0c3a_fk_user_proj FOREIGN KEY (projectpermission_id) REFERENCES public.user_projectpermission(id) DEFERRABLE INITIALLY DEFERRED;


--
-- Name: user_rolemodel_permissions user_rolemodel_permi_rolemodel_id_7e417a22_fk_user_role; Type: FK CONSTRAINT; Schema: public; Owner: postgres
--

ALTER TABLE ONLY public.user_rolemodel_permissions
    ADD CONSTRAINT user_rolemodel_permi_rolemodel_id_7e417a22_fk_user_role FOREIGN KEY (rolemodel_id) REFERENCES public.user_rolemodel(id) DEFERRABLE INITIALLY DEFERRED;


--
-- Name: user_topsigner user_topsigner_created_by_id_ebdef298_fk_user_user_id; Type: FK CONSTRAINT; Schema: public; Owner: postgres
--

ALTER TABLE ONLY public.user_topsigner
    ADD CONSTRAINT user_topsigner_created_by_id_ebdef298_fk_user_user_id FOREIGN KEY (created_by_id) REFERENCES public.user_user(id) DEFERRABLE INITIALLY DEFERRED;


--
-- Name: user_topsigner_doc_types user_topsigner_doc_t_documenttype_id_3a308307_fk_reference; Type: FK CONSTRAINT; Schema: public; Owner: postgres
--

ALTER TABLE ONLY public.user_topsigner_doc_types
    ADD CONSTRAINT user_topsigner_doc_t_documenttype_id_3a308307_fk_reference FOREIGN KEY (documenttype_id) REFERENCES public.reference_documenttype(id) DEFERRABLE INITIALLY DEFERRED;


--
-- Name: user_topsigner_doc_types user_topsigner_doc_t_topsigner_id_42a1f171_fk_user_tops; Type: FK CONSTRAINT; Schema: public; Owner: postgres
--

ALTER TABLE ONLY public.user_topsigner_doc_types
    ADD CONSTRAINT user_topsigner_doc_t_topsigner_id_42a1f171_fk_user_tops FOREIGN KEY (topsigner_id) REFERENCES public.user_topsigner(id) DEFERRABLE INITIALLY DEFERRED;


--
-- Name: user_topsigner user_topsigner_modified_by_id_d1241011_fk_user_user_id; Type: FK CONSTRAINT; Schema: public; Owner: postgres
--

ALTER TABLE ONLY public.user_topsigner
    ADD CONSTRAINT user_topsigner_modified_by_id_d1241011_fk_user_user_id FOREIGN KEY (modified_by_id) REFERENCES public.user_user(id) DEFERRABLE INITIALLY DEFERRED;


--
-- Name: user_topsigner user_topsigner_user_id_0881efa0_fk_user_user_id; Type: FK CONSTRAINT; Schema: public; Owner: postgres
--

ALTER TABLE ONLY public.user_topsigner
    ADD CONSTRAINT user_topsigner_user_id_0881efa0_fk_user_user_id FOREIGN KEY (user_id) REFERENCES public.user_user(id) DEFERRABLE INITIALLY DEFERRED;


--
-- Name: user_user user_user_company_id_dcac3c3f_fk_company_id; Type: FK CONSTRAINT; Schema: public; Owner: postgres
--

ALTER TABLE ONLY public.user_user
    ADD CONSTRAINT user_user_company_id_dcac3c3f_fk_company_id FOREIGN KEY (company_id) REFERENCES public.company(id) DEFERRABLE INITIALLY DEFERRED;


--
-- Name: user_user user_user_created_by_id_9e15681d_fk_user_user_id; Type: FK CONSTRAINT; Schema: public; Owner: postgres
--

ALTER TABLE ONLY public.user_user
    ADD CONSTRAINT user_user_created_by_id_9e15681d_fk_user_user_id FOREIGN KEY (created_by_id) REFERENCES public.user_user(id) DEFERRABLE INITIALLY DEFERRED;


--
-- Name: user_user user_user_department_id_17d2191b_fk_company_department_id; Type: FK CONSTRAINT; Schema: public; Owner: postgres
--

ALTER TABLE ONLY public.user_user
    ADD CONSTRAINT user_user_department_id_17d2191b_fk_company_department_id FOREIGN KEY (department_id) REFERENCES public.company_department(id) DEFERRABLE INITIALLY DEFERRED;


--
-- Name: user_user_groups user_user_groups_group_id_c57f13c0_fk_auth_group_id; Type: FK CONSTRAINT; Schema: public; Owner: postgres
--

ALTER TABLE ONLY public.user_user_groups
    ADD CONSTRAINT user_user_groups_group_id_c57f13c0_fk_auth_group_id FOREIGN KEY (group_id) REFERENCES public.auth_group(id) DEFERRABLE INITIALLY DEFERRED;


--
-- Name: user_user_groups user_user_groups_user_id_13f9a20d_fk_user_user_id; Type: FK CONSTRAINT; Schema: public; Owner: postgres
--

ALTER TABLE ONLY public.user_user_groups
    ADD CONSTRAINT user_user_groups_user_id_13f9a20d_fk_user_user_id FOREIGN KEY (user_id) REFERENCES public.user_user(id) DEFERRABLE INITIALLY DEFERRED;


--
-- Name: user_user user_user_modified_by_id_07b6b94c_fk_user_user_id; Type: FK CONSTRAINT; Schema: public; Owner: postgres
--

ALTER TABLE ONLY public.user_user
    ADD CONSTRAINT user_user_modified_by_id_07b6b94c_fk_user_user_id FOREIGN KEY (modified_by_id) REFERENCES public.user_user(id) DEFERRABLE INITIALLY DEFERRED;


--
-- Name: user_user user_user_position_id_030439da_fk_company_position_id; Type: FK CONSTRAINT; Schema: public; Owner: postgres
--

ALTER TABLE ONLY public.user_user
    ADD CONSTRAINT user_user_position_id_030439da_fk_company_position_id FOREIGN KEY (position_id) REFERENCES public.company_position(id) DEFERRABLE INITIALLY DEFERRED;


--
-- Name: user_user user_user_role_id_aee6bf52_fk_user_rolemodel_id; Type: FK CONSTRAINT; Schema: public; Owner: postgres
--

ALTER TABLE ONLY public.user_user
    ADD CONSTRAINT user_user_role_id_aee6bf52_fk_user_rolemodel_id FOREIGN KEY (role_id) REFERENCES public.user_rolemodel(id) DEFERRABLE INITIALLY DEFERRED;


--
-- Name: user_user user_user_status_id_ea86485a_fk_user_userstatus_id; Type: FK CONSTRAINT; Schema: public; Owner: postgres
--

ALTER TABLE ONLY public.user_user
    ADD CONSTRAINT user_user_status_id_ea86485a_fk_user_userstatus_id FOREIGN KEY (status_id) REFERENCES public.user_userstatus(id) DEFERRABLE INITIALLY DEFERRED;


--
-- Name: user_user user_user_top_level_department_f010ebd3_fk_company_d; Type: FK CONSTRAINT; Schema: public; Owner: postgres
--

ALTER TABLE ONLY public.user_user
    ADD CONSTRAINT user_user_top_level_department_f010ebd3_fk_company_d FOREIGN KEY (top_level_department_id) REFERENCES public.company_department(id) DEFERRABLE INITIALLY DEFERRED;


--
-- Name: user_user_user_permissions user_user_user_permi_permission_id_ce49d4de_fk_auth_perm; Type: FK CONSTRAINT; Schema: public; Owner: postgres
--

ALTER TABLE ONLY public.user_user_user_permissions
    ADD CONSTRAINT user_user_user_permi_permission_id_ce49d4de_fk_auth_perm FOREIGN KEY (permission_id) REFERENCES public.auth_permission(id) DEFERRABLE INITIALLY DEFERRED;


--
-- Name: user_user_user_permissions user_user_user_permissions_user_id_31782f58_fk_user_user_id; Type: FK CONSTRAINT; Schema: public; Owner: postgres
--

ALTER TABLE ONLY public.user_user_user_permissions
    ADD CONSTRAINT user_user_user_permissions_user_id_31782f58_fk_user_user_id FOREIGN KEY (user_id) REFERENCES public.user_user(id) DEFERRABLE INITIALLY DEFERRED;


--
-- Name: user_userassistant user_userassistant_assistant_id_51255c98_fk_user_user_id; Type: FK CONSTRAINT; Schema: public; Owner: postgres
--

ALTER TABLE ONLY public.user_userassistant
    ADD CONSTRAINT user_userassistant_assistant_id_51255c98_fk_user_user_id FOREIGN KEY (assistant_id) REFERENCES public.user_user(id) DEFERRABLE INITIALLY DEFERRED;


--
-- Name: user_userassistant user_userassistant_created_by_id_c2afcaf5_fk_user_user_id; Type: FK CONSTRAINT; Schema: public; Owner: postgres
--

ALTER TABLE ONLY public.user_userassistant
    ADD CONSTRAINT user_userassistant_created_by_id_c2afcaf5_fk_user_user_id FOREIGN KEY (created_by_id) REFERENCES public.user_user(id) DEFERRABLE INITIALLY DEFERRED;


--
-- Name: user_userassistant user_userassistant_modified_by_id_2245e3e3_fk_user_user_id; Type: FK CONSTRAINT; Schema: public; Owner: postgres
--

ALTER TABLE ONLY public.user_userassistant
    ADD CONSTRAINT user_userassistant_modified_by_id_2245e3e3_fk_user_user_id FOREIGN KEY (modified_by_id) REFERENCES public.user_user(id) DEFERRABLE INITIALLY DEFERRED;


--
-- Name: user_userassistant user_userassistant_user_id_1d098a97_fk_user_user_id; Type: FK CONSTRAINT; Schema: public; Owner: postgres
--

ALTER TABLE ONLY public.user_userassistant
    ADD CONSTRAINT user_userassistant_user_id_1d098a97_fk_user_user_id FOREIGN KEY (user_id) REFERENCES public.user_user(id) DEFERRABLE INITIALLY DEFERRED;


--
-- Name: user_userstatus user_userstatus_created_by_id_f21be183_fk_user_user_id; Type: FK CONSTRAINT; Schema: public; Owner: postgres
--

ALTER TABLE ONLY public.user_userstatus
    ADD CONSTRAINT user_userstatus_created_by_id_f21be183_fk_user_user_id FOREIGN KEY (created_by_id) REFERENCES public.user_user(id) DEFERRABLE INITIALLY DEFERRED;


--
-- Name: user_userstatus user_userstatus_modified_by_id_abaf267a_fk_user_user_id; Type: FK CONSTRAINT; Schema: public; Owner: postgres
--

ALTER TABLE ONLY public.user_userstatus
    ADD CONSTRAINT user_userstatus_modified_by_id_abaf267a_fk_user_user_id FOREIGN KEY (modified_by_id) REFERENCES public.user_user(id) DEFERRABLE INITIALLY DEFERRED;


--
-- Name: wcalendar_calendarmodel_attachments wcalendar_calendarmo_calendarmodel_id_da4fb2d4_fk_wcalendar; Type: FK CONSTRAINT; Schema: public; Owner: postgres
--

ALTER TABLE ONLY public.wcalendar_calendarmodel_attachments
    ADD CONSTRAINT wcalendar_calendarmo_calendarmodel_id_da4fb2d4_fk_wcalendar FOREIGN KEY (calendarmodel_id) REFERENCES public.wcalendar_calendarmodel(id) DEFERRABLE INITIALLY DEFERRED;


--
-- Name: wcalendar_calendarmodel_attachments wcalendar_calendarmo_file_id_95c6f7f8_fk_document_; Type: FK CONSTRAINT; Schema: public; Owner: postgres
--

ALTER TABLE ONLY public.wcalendar_calendarmodel_attachments
    ADD CONSTRAINT wcalendar_calendarmo_file_id_95c6f7f8_fk_document_ FOREIGN KEY (file_id) REFERENCES public.document_file(id) DEFERRABLE INITIALLY DEFERRED;


--
-- Name: wcalendar_calendarmodel wcalendar_calendarmo_priority_id_65580ab8_fk_reference; Type: FK CONSTRAINT; Schema: public; Owner: postgres
--

ALTER TABLE ONLY public.wcalendar_calendarmodel
    ADD CONSTRAINT wcalendar_calendarmo_priority_id_65580ab8_fk_reference FOREIGN KEY (priority_id) REFERENCES public.reference_priority(id) DEFERRABLE INITIALLY DEFERRED;


--
-- Name: wcalendar_calendarmodel wcalendar_calendarmodel_created_by_id_419f788d_fk_user_user_id; Type: FK CONSTRAINT; Schema: public; Owner: postgres
--

ALTER TABLE ONLY public.wcalendar_calendarmodel
    ADD CONSTRAINT wcalendar_calendarmodel_created_by_id_419f788d_fk_user_user_id FOREIGN KEY (created_by_id) REFERENCES public.user_user(id) DEFERRABLE INITIALLY DEFERRED;


--
-- Name: wcalendar_calendarmodel wcalendar_calendarmodel_modified_by_id_5931d01b_fk_user_user_id; Type: FK CONSTRAINT; Schema: public; Owner: postgres
--

ALTER TABLE ONLY public.wcalendar_calendarmodel
    ADD CONSTRAINT wcalendar_calendarmodel_modified_by_id_5931d01b_fk_user_user_id FOREIGN KEY (modified_by_id) REFERENCES public.user_user(id) DEFERRABLE INITIALLY DEFERRED;


--
-- Name: wcalendar_calendarmodel wcalendar_calendarmodel_organizer_id_2b9600bc_fk_user_user_id; Type: FK CONSTRAINT; Schema: public; Owner: postgres
--

ALTER TABLE ONLY public.wcalendar_calendarmodel
    ADD CONSTRAINT wcalendar_calendarmodel_organizer_id_2b9600bc_fk_user_user_id FOREIGN KEY (organizer_id) REFERENCES public.user_user(id) DEFERRABLE INITIALLY DEFERRED;


--
-- Name: wcalendar_calendarparticipant wcalendar_calendarpa_calendar_id_f0a92e08_fk_wcalendar; Type: FK CONSTRAINT; Schema: public; Owner: postgres
--

ALTER TABLE ONLY public.wcalendar_calendarparticipant
    ADD CONSTRAINT wcalendar_calendarpa_calendar_id_f0a92e08_fk_wcalendar FOREIGN KEY (calendar_id) REFERENCES public.wcalendar_calendarmodel(id) DEFERRABLE INITIALLY DEFERRED;


--
-- Name: wcalendar_calendarparticipant wcalendar_calendarpa_created_by_id_0af0ebc1_fk_user_user; Type: FK CONSTRAINT; Schema: public; Owner: postgres
--

ALTER TABLE ONLY public.wcalendar_calendarparticipant
    ADD CONSTRAINT wcalendar_calendarpa_created_by_id_0af0ebc1_fk_user_user FOREIGN KEY (created_by_id) REFERENCES public.user_user(id) DEFERRABLE INITIALLY DEFERRED;


--
-- Name: wcalendar_calendarparticipant wcalendar_calendarpa_modified_by_id_f2d0059e_fk_user_user; Type: FK CONSTRAINT; Schema: public; Owner: postgres
--

ALTER TABLE ONLY public.wcalendar_calendarparticipant
    ADD CONSTRAINT wcalendar_calendarpa_modified_by_id_f2d0059e_fk_user_user FOREIGN KEY (modified_by_id) REFERENCES public.user_user(id) DEFERRABLE INITIALLY DEFERRED;


--
-- Name: wcalendar_calendarparticipant wcalendar_calendarparticipant_user_id_0edc3f2e_fk_user_user_id; Type: FK CONSTRAINT; Schema: public; Owner: postgres
--

ALTER TABLE ONLY public.wcalendar_calendarparticipant
    ADD CONSTRAINT wcalendar_calendarparticipant_user_id_0edc3f2e_fk_user_user_id FOREIGN KEY (user_id) REFERENCES public.user_user(id) DEFERRABLE INITIALLY DEFERRED;


--
-- Name: wchat_chat wchat_chat_created_by_id_716582e8_fk_user_user_id; Type: FK CONSTRAINT; Schema: public; Owner: postgres
--

ALTER TABLE ONLY public.wchat_chat
    ADD CONSTRAINT wchat_chat_created_by_id_716582e8_fk_user_user_id FOREIGN KEY (created_by_id) REFERENCES public.user_user(id) DEFERRABLE INITIALLY DEFERRED;


--
-- Name: wchat_chat wchat_chat_modified_by_id_9994c4c1_fk_user_user_id; Type: FK CONSTRAINT; Schema: public; Owner: postgres
--

ALTER TABLE ONLY public.wchat_chat
    ADD CONSTRAINT wchat_chat_modified_by_id_9994c4c1_fk_user_user_id FOREIGN KEY (modified_by_id) REFERENCES public.user_user(id) DEFERRABLE INITIALLY DEFERRED;


--
-- Name: wchat_chatimage wchat_chatimage_chat_id_b60e8f2e_fk_wchat_chat_id; Type: FK CONSTRAINT; Schema: public; Owner: postgres
--

ALTER TABLE ONLY public.wchat_chatimage
    ADD CONSTRAINT wchat_chatimage_chat_id_b60e8f2e_fk_wchat_chat_id FOREIGN KEY (chat_id) REFERENCES public.wchat_chat(id) DEFERRABLE INITIALLY DEFERRED;


--
-- Name: wchat_chatimage wchat_chatimage_created_by_id_f01b186f_fk_user_user_id; Type: FK CONSTRAINT; Schema: public; Owner: postgres
--

ALTER TABLE ONLY public.wchat_chatimage
    ADD CONSTRAINT wchat_chatimage_created_by_id_f01b186f_fk_user_user_id FOREIGN KEY (created_by_id) REFERENCES public.user_user(id) DEFERRABLE INITIALLY DEFERRED;


--
-- Name: wchat_chatimage wchat_chatimage_image_id_f26d1f0b_fk_document_file_id; Type: FK CONSTRAINT; Schema: public; Owner: postgres
--

ALTER TABLE ONLY public.wchat_chatimage
    ADD CONSTRAINT wchat_chatimage_image_id_f26d1f0b_fk_document_file_id FOREIGN KEY (image_id) REFERENCES public.document_file(id) DEFERRABLE INITIALLY DEFERRED;


--
-- Name: wchat_chatimage wchat_chatimage_modified_by_id_b8bc2eea_fk_user_user_id; Type: FK CONSTRAINT; Schema: public; Owner: postgres
--

ALTER TABLE ONLY public.wchat_chatimage
    ADD CONSTRAINT wchat_chatimage_modified_by_id_b8bc2eea_fk_user_user_id FOREIGN KEY (modified_by_id) REFERENCES public.user_user(id) DEFERRABLE INITIALLY DEFERRED;


--
-- Name: wchat_chatmember wchat_chatmember_chat_id_4a8d620e_fk_wchat_chat_id; Type: FK CONSTRAINT; Schema: public; Owner: postgres
--

ALTER TABLE ONLY public.wchat_chatmember
    ADD CONSTRAINT wchat_chatmember_chat_id_4a8d620e_fk_wchat_chat_id FOREIGN KEY (chat_id) REFERENCES public.wchat_chat(id) DEFERRABLE INITIALLY DEFERRED;


--
-- Name: wchat_chatmember wchat_chatmember_created_by_id_ace05ff2_fk_user_user_id; Type: FK CONSTRAINT; Schema: public; Owner: postgres
--

ALTER TABLE ONLY public.wchat_chatmember
    ADD CONSTRAINT wchat_chatmember_created_by_id_ace05ff2_fk_user_user_id FOREIGN KEY (created_by_id) REFERENCES public.user_user(id) DEFERRABLE INITIALLY DEFERRED;


--
-- Name: wchat_chatmember wchat_chatmember_modified_by_id_29d716e3_fk_user_user_id; Type: FK CONSTRAINT; Schema: public; Owner: postgres
--

ALTER TABLE ONLY public.wchat_chatmember
    ADD CONSTRAINT wchat_chatmember_modified_by_id_29d716e3_fk_user_user_id FOREIGN KEY (modified_by_id) REFERENCES public.user_user(id) DEFERRABLE INITIALLY DEFERRED;


--
-- Name: wchat_chatmember wchat_chatmember_user_id_dc1a4aa9_fk_user_user_id; Type: FK CONSTRAINT; Schema: public; Owner: postgres
--

ALTER TABLE ONLY public.wchat_chatmember
    ADD CONSTRAINT wchat_chatmember_user_id_dc1a4aa9_fk_user_user_id FOREIGN KEY (user_id) REFERENCES public.user_user(id) DEFERRABLE INITIALLY DEFERRED;


--
-- Name: wchat_chatmessage wchat_chatmessage_chat_id_12d0571d_fk_wchat_chat_id; Type: FK CONSTRAINT; Schema: public; Owner: postgres
--

ALTER TABLE ONLY public.wchat_chatmessage
    ADD CONSTRAINT wchat_chatmessage_chat_id_12d0571d_fk_wchat_chat_id FOREIGN KEY (chat_id) REFERENCES public.wchat_chat(id) DEFERRABLE INITIALLY DEFERRED;


--
-- Name: wchat_chatmessage wchat_chatmessage_created_by_id_ac9bb175_fk_user_user_id; Type: FK CONSTRAINT; Schema: public; Owner: postgres
--

ALTER TABLE ONLY public.wchat_chatmessage
    ADD CONSTRAINT wchat_chatmessage_created_by_id_ac9bb175_fk_user_user_id FOREIGN KEY (created_by_id) REFERENCES public.user_user(id) DEFERRABLE INITIALLY DEFERRED;


--
-- Name: wchat_chatmessage wchat_chatmessage_modified_by_id_fa549de9_fk_user_user_id; Type: FK CONSTRAINT; Schema: public; Owner: postgres
--

ALTER TABLE ONLY public.wchat_chatmessage
    ADD CONSTRAINT wchat_chatmessage_modified_by_id_fa549de9_fk_user_user_id FOREIGN KEY (modified_by_id) REFERENCES public.user_user(id) DEFERRABLE INITIALLY DEFERRED;


--
-- Name: wchat_chatmessage wchat_chatmessage_receiver_id_2007fd21_fk_user_user_id; Type: FK CONSTRAINT; Schema: public; Owner: postgres
--

ALTER TABLE ONLY public.wchat_chatmessage
    ADD CONSTRAINT wchat_chatmessage_receiver_id_2007fd21_fk_user_user_id FOREIGN KEY (receiver_id) REFERENCES public.user_user(id) DEFERRABLE INITIALLY DEFERRED;


--
-- Name: wchat_chatmessage wchat_chatmessage_replied_to_id_0a4d4c6c_fk_wchat_cha; Type: FK CONSTRAINT; Schema: public; Owner: postgres
--

ALTER TABLE ONLY public.wchat_chatmessage
    ADD CONSTRAINT wchat_chatmessage_replied_to_id_0a4d4c6c_fk_wchat_cha FOREIGN KEY (replied_to_id) REFERENCES public.wchat_chatmessage(id) DEFERRABLE INITIALLY DEFERRED;


--
-- Name: wchat_chatmessage wchat_chatmessage_sender_id_d677687e_fk_user_user_id; Type: FK CONSTRAINT; Schema: public; Owner: postgres
--

ALTER TABLE ONLY public.wchat_chatmessage
    ADD CONSTRAINT wchat_chatmessage_sender_id_d677687e_fk_user_user_id FOREIGN KEY (sender_id) REFERENCES public.user_user(id) DEFERRABLE INITIALLY DEFERRED;


--
-- Name: wchat_chatmessagefile wchat_chatmessagefil_message_id_04f6439c_fk_wchat_cha; Type: FK CONSTRAINT; Schema: public; Owner: postgres
--

ALTER TABLE ONLY public.wchat_chatmessagefile
    ADD CONSTRAINT wchat_chatmessagefil_message_id_04f6439c_fk_wchat_cha FOREIGN KEY (message_id) REFERENCES public.wchat_chatmessage(id) DEFERRABLE INITIALLY DEFERRED;


--
-- Name: wchat_chatmessagefile wchat_chatmessagefile_created_by_id_942b3b4d_fk_user_user_id; Type: FK CONSTRAINT; Schema: public; Owner: postgres
--

ALTER TABLE ONLY public.wchat_chatmessagefile
    ADD CONSTRAINT wchat_chatmessagefile_created_by_id_942b3b4d_fk_user_user_id FOREIGN KEY (created_by_id) REFERENCES public.user_user(id) DEFERRABLE INITIALLY DEFERRED;


--
-- Name: wchat_chatmessagefile wchat_chatmessagefile_file_id_7b7f6d6e_fk_document_file_id; Type: FK CONSTRAINT; Schema: public; Owner: postgres
--

ALTER TABLE ONLY public.wchat_chatmessagefile
    ADD CONSTRAINT wchat_chatmessagefile_file_id_7b7f6d6e_fk_document_file_id FOREIGN KEY (file_id) REFERENCES public.document_file(id) DEFERRABLE INITIALLY DEFERRED;


--
-- Name: wchat_chatmessagefile wchat_chatmessagefile_modified_by_id_edd6d3cd_fk_user_user_id; Type: FK CONSTRAINT; Schema: public; Owner: postgres
--

ALTER TABLE ONLY public.wchat_chatmessagefile
    ADD CONSTRAINT wchat_chatmessagefile_modified_by_id_edd6d3cd_fk_user_user_id FOREIGN KEY (modified_by_id) REFERENCES public.user_user(id) DEFERRABLE INITIALLY DEFERRED;


--
-- Name: wchat_messagereceiver wchat_messagereceive_message_id_1e07bb26_fk_wchat_cha; Type: FK CONSTRAINT; Schema: public; Owner: postgres
--

ALTER TABLE ONLY public.wchat_messagereceiver
    ADD CONSTRAINT wchat_messagereceive_message_id_1e07bb26_fk_wchat_cha FOREIGN KEY (message_id) REFERENCES public.wchat_chatmessage(id) DEFERRABLE INITIALLY DEFERRED;


--
-- Name: wchat_messagereceiver wchat_messagereceiver_created_by_id_00779e3a_fk_user_user_id; Type: FK CONSTRAINT; Schema: public; Owner: postgres
--

ALTER TABLE ONLY public.wchat_messagereceiver
    ADD CONSTRAINT wchat_messagereceiver_created_by_id_00779e3a_fk_user_user_id FOREIGN KEY (created_by_id) REFERENCES public.user_user(id) DEFERRABLE INITIALLY DEFERRED;


--
-- Name: wchat_messagereceiver wchat_messagereceiver_modified_by_id_dc16ce2b_fk_user_user_id; Type: FK CONSTRAINT; Schema: public; Owner: postgres
--

ALTER TABLE ONLY public.wchat_messagereceiver
    ADD CONSTRAINT wchat_messagereceiver_modified_by_id_dc16ce2b_fk_user_user_id FOREIGN KEY (modified_by_id) REFERENCES public.user_user(id) DEFERRABLE INITIALLY DEFERRED;


--
-- Name: wchat_messagereceiver wchat_messagereceiver_receiver_id_b48c4b97_fk_user_user_id; Type: FK CONSTRAINT; Schema: public; Owner: postgres
--

ALTER TABLE ONLY public.wchat_messagereceiver
    ADD CONSTRAINT wchat_messagereceiver_receiver_id_b48c4b97_fk_user_user_id FOREIGN KEY (receiver_id) REFERENCES public.user_user(id) DEFERRABLE INITIALLY DEFERRED;


--
-- PostgreSQL database dump complete
--

